tree
version=v4
num_class=1
num_tree_per_iteration=1
label_index=0
max_feature_idx=27
objective=binary sigmoid:1
feature_names=recencia freq3 freq6 freq12 gap_prom racha_ceros compro_t0 compro_t1 monto_mean monto_s3 mes_obj compro_obj_y1 compro_obj_y2 compro_obj_y3 freq_mes_obj freq24 freq_total edad_par gap_largo periodicidad_anual tend_freq c_log_tn c_idx q_log_prom cli4_freq12 cli4_activo_t0 share_pc4 sustituto_3m
feature_infos=[0:11] [0:3] [0:6] [1:12] [0.99999991666667365:11.999988000012001] [0:11] [0:1] [0:1] [9.9999900000100015e-05:228.08831682597358] [0:264.39353] [1:12] [0:1] [0:1] none [0:2] [1:24] [1:34] [12:34] [0.99999991666667365:16.999991500004249] [0:7.6665788343395711] [0:4.5833082640260061] [0.0066875881498166083:10.632829179653037] [0:5.9999955607790394] [0.00097785507718165031:7.3629842410910618] [1:12] [0:1] [3.6248782833143969e-06:0.99999998974538418] [0:1]
tree_sizes=1884 1918 1906 1913 1920 1914 1913 1909 1912 1914 1912 1914 1943 1941 1935 1923 1918 1918 1916 1918 1922 1919 1943 1928 1923 1930 1930 1924 1920 1929 1922 1931 1940 1948 1932 1932 1936 1930 1925 1943 1944 1928 1936 1929 1949 1932 1938 1934 1944 1942 1951 1942 1951 1934 1947 1939 1940 1940 1937 1955 1948 1937 1948 1943 1950 1943 1946 1934 1941 1944 1943 1946 1950 1945 1937 1956 1956 1947 1955 1952 1951 1939 1939 1958 1958 1950 1944 1948 1943 1947 1959 1948 1945 1934 1949 1949 1954 1958 1950 1944 1956 1950 1944 1959 1946 1954 1960 1947 1944 1947 1956 1945 1953 1950 1954 1954 1956 1947 1957 1952 1946 1949 1965 1951 1959 1955 1960 1970 1944 1956 1947 1968 1957 1962 1955 1954 1945 1950 1956 1963 1961 1949 1934 1951 1959 1956 1956 1953 1965 1944 1950 1952 1956 1960 1952 1968 1956 1952 1965 1961 1956 1940 1961 1944 1954 1964 1954 1963 1963 1959 1954 1952 1969 1952 1968 1966 1969 1961 1969 1953 1962 1952 1958 1958 1953 1965 1955 1953 1950 1950 1947 1949 1959 1959 1953 1960 1955 1953 1951 1963 1949 1945 1946 1957 1956 1951 1951 1935 1970 1965 1945 1959 1943 1953 1953 1946 1940 1953 1955 1950 1950 1948 1951 1955 1969 1963 1941 1977 1964 1962 1958 1955 1948 1951 1963 1958 1956 1945 1968 1960 1944 1955 1948 1972 1959 1953 1952 1947 1970 1978 1967 1969 1955 1933 1958 1958 1960 1963 1966 1943 1956 1952 1963 1944 1951 1945 1940 1960 1943 1945 1943 1962 1962 1963 1957 1940 1958 1968 1966 1955 1958 1937 1957 1964 1968 1964 1954 1962 1941 1960 1967 1952 1987 1935 1946 1933 1952 1966 1972 1976 1963 1956 1949 1944 1962 1958 1907 1958 1961 1944 1938 1957 1976 1957 1971 1965 1965 1918 1950 1961 1954 1950 1955 1947 1949 1973 1951 1964 1967 1959 1956 1961 1980 1956 1957 1952 1968 1953 1950 1962 1958 1955 1949 1980 1927 1976 1946 1955 1960 1957 1949 1940 1941 1961 1966 1952 1945 1912 1931 1968 1932 1954 1934 1930 1936 1932 1925 1946 1960 1960 1937 1933 1925 1961 1964 1940 1956 1888 1937 1957 1924 1970

Tree=0
num_leaves=16
num_cat=0
split_feature=4 4 4 2 4 1 18 18 18 1 18 1 18 18 5
split_gain=568191 102305 67144.2 13678.1 10141.8 8671.38 8773 8608.82 8379.09 5526.27 4673.71 2088.66 1742.5 1651.94 1601.5
threshold=1.8571425680272562 3.4999989583336499 1.266666532592607 1.0000000180025095e-35 2.6999993850001425 1.0000000180025095e-35 1.4545453553719085 4.1833325661112539 1.0851448813372999 1.0000000180025095e-35 2.095454345413243 1.0000000180025095e-35 2.6833330872222456 3.2928567431633158 4.5000000000000009
decision_type=2 2 2 2 2 2 2 2 2 2 2 2 2 2 2
left_child=2 4 8 -3 9 -4 -7 13 -1 14 -11 -6 -13 -5 -2
right_child=1 3 5 7 11 6 -8 -9 -10 10 -12 12 -14 -15 -16
leaf_value=-0.74070877545081415 -0.79657432388877469 -0.81739855842480869 -0.7975815568662743 -0.80224831479238901 -0.80458142088577489 -0.76546271434871049 -0.77759690740077525 -0.81326246572138694 -0.75483939814009471 -0.78430969500800862 -0.79303020444357875 -0.79401357113334137 -0.80105403090730032 -0.80739721480392124 -0.8090110188510341
leaf_weight=33764.01305937767 15897.190673947334 141215.65114724636 6170.098469555378 50057.401408970356 26660.525149524212 44130.078475654125 59410.580717742443 106641.4577679038 37797.129690527916 52538.083123922348 51937.251170158386 28974.71384447813 30840.849894881248 56222.357236981392 6084.3877771496773
leaf_count=157572 74190 659034 28795 233611 124421 205949 277261 497681 176394 245188 242384 135221 143930 262382 28395
internal_value=-0.795478 -0.805634 -0.763707 -0.812424 -0.794342 -0.77384 -0.772425 -0.809124 -0.748172 -0.790622 -0.788645 -0.799783 -0.797644 -0.804972 -0.800017
internal_weight=748342 567070 181272 354137 212933 109711 103541 212921 71561.1 126457 104475 86476.1 59815.6 106280 21981.6
internal_count=3492408 2646437 845971 1652708 993729 512005 483210 993674 333966 590157 487572 403572 279151 495993 102585
is_linear=0
shrinkage=1


Tree=1
num_leaves=16
num_cat=0
split_feature=3 3 3 0 0 18 18 0 18 18 18 0 0 18 18
split_gain=539497 99366.9 62428.9 13552.8 9705.26 11385.4 8429.57 8199.94 8526.22 7547.93 2028.88 1755.45 1649.47 1626.66 1593.33
threshold=6.5000000000000009 3.5000000000000004 9.5000000000000018 5.5000000000000009 3.5000000000000004 2.1909088817355578 4.1833325661112539 2.5000000000000004 1.4545453553719085 1.0851448813372999 2.6833330872222456 1.0000000180025095e-35 1.0000000180025095e-35 3.2928567431633158 1.8749998242187684
decision_type=2 2 2 2 2 2 2 2 2 2 2 2 2 2 2
left_child=1 3 7 6 5 14 13 8 12 11 -7 -4 -2 -1 -3
right_child=2 4 9 -5 -6 10 -8 -9 -10 -11 -12 -13 -14 -15 -16
leaf_value=-0.006587511553964729 0.031860063953479803 0.012202331770993195 0.053549897166490813 -0.02168100836130955 -0.010124816699118777 0.00089332064148543342 -0.017523937547653658 -0.0020737066368119767 0.017242312027398479 0.039255109823849117 -0.004892894939025982 0.030813663754986446 0.023362523514462729 -0.011709942299035979 0.0062841445470933326
leaf_weight=49818.011592149734 30394.52506300807 32965.96443785727 32912.003445446491 140039.27073776722 28208.279257670045 59722.903685048223 105951.6319616884 6198.5852065086365 59830.726461410522 38348.999549388885 45276.898218169808 1509.3358294963837 14263.373122051358 55915.616227090359 46746.834138855338
leaf_count=233092 140274 153300 150546 659050 132069 278594 497831 28951 277360 176304 211652 6904 65827 262137 217640
internal_value=1.48824e-06 -0.00997722 0.0307139 -0.0167058 0.00113769 0.00285764 -0.0134144 0.0209633 0.0223299 0.0455452 -0.00160175 0.0525529 0.029146 -0.00929643 0.00873167
internal_weight=748103 564645 183458 351725 212921 184713 211685 110687 104489 72770.3 105000 34421.3 44657.9 105734 79712.8
internal_count=3491531 2645365 846166 1652110 993255 861186 993060 512412 483461 333754 490246 157450 206101 495229 370940
is_linear=0
shrinkage=0.0206149


Tree=2
num_leaves=16
num_cat=0
split_feature=3 3 3 3 3 0 18 0 0 18 0 18 18 18 0
split_gain=514521 92044.5 59134.9 16943.4 11242 8584.08 8623.9 5099.66 5008.88 4522.89 3825.11 2769.51 2632.07 2473.92 1797.2
threshold=5.5000000000000009 8.5000000000000018 2.5000000000000004 10.500000000000002 3.5000000000000004 2.5000000000000004 1.6899037283307223 3.5000000000000004 5.5000000000000009 2.4226187734552491 1.5000000000000002 4.499999062500204 1.2999999025000084 1.0465367478331578 4.5000000000000009
decision_type=2 2 2 2 2 2 2 2 2 2 2 2 2 2 2
left_child=2 5 8 10 14 6 -2 9 11 -6 12 -1 -3 -5 -4
right_child=1 3 4 13 7 -7 -8 -9 -10 -11 -12 -13 -14 -15 -16
leaf_value=-0.012011987615522739 0.021038449856074629 0.03664971600040122 -0.0087877785399470536 0.053147797334465986 0.0041757600101460434 -0.0022322018305572992 0.010187699692420482 -0.010128754831168535 -0.021980983520743288 -0.0034591275920206085 0.010419539466309935 -0.018436337304043881 0.027112222413863851 0.0438315146461574 -0.015320149818398925
leaf_weight=44720.476332753897 59397.70158816874 31918.875862017274 79338.312310889363 23153.113105624914 62006.55100569129 13029.706444203854 65401.411263823509 24465.387364596128 123483.04723270237 70424.763113647699 3404.6279829740524 78705.648772701621 20002.880843892694 25404.370615288615 23112.609527781606
leaf_count=210710 272964 145086 373213 103994 288438 60913 302630 115000 586093 329326 15613 372343 91386 114745 109356
internal_value=-1.04066e-05 0.0247339 -0.0118246 0.0393869 -0.00495005 0.0136897 0.0153521 -0.00148179 -0.0190455 0.000115654 0.0315874 -0.0161086 0.0329754 0.0482737 -0.0102615
internal_weight=747969 241713 506257 103884 259348 137829 124799 156897 246909 132431 55326.4 123426 51921.8 48557.5 102451
internal_count=3491810 1107331 2384479 470824 1215333 636507 575594 732764 1169146 617764 252085 583053 236472 218739 482569
is_linear=0
shrinkage=0.0206149


Tree=3
num_leaves=16
num_cat=0
split_feature=3 3 3 3 3 0 18 0 0 18 0 18 18 18 0
split_gain=492207 86537.2 57497.9 15593.2 10901.1 8121.92 8130.43 4967.49 4954.63 4308.28 3697.61 2844.45 2468.98 2282.95 1691.27
threshold=5.5000000000000009 8.5000000000000018 2.5000000000000004 10.500000000000002 3.5000000000000004 2.5000000000000004 1.6899037283307223 6.5000000000000009 3.5000000000000004 2.4226187734552491 1.5000000000000002 4.8452373455216593 1.2999999025000084 1.0465367478331578 4.5000000000000009
decision_type=2 2 2 2 2 2 2 2 2 2 2 2 2 2 2
left_child=2 5 7 10 14 6 -2 11 9 -6 12 -1 -3 -5 -4
right_child=1 3 4 13 8 -7 -8 -9 -10 -11 -12 -13 -14 -15 -16
leaf_value=-0.013076246590965811 0.020426968725877702 0.035549409926197768 -0.0086694774003566646 0.051200636929219931 0.0040890810367428003 -0.0021823399231336148 0.0099212454373454953 -0.022242130482036254 -0.0099937246049822386 -0.0033673336411628595 0.0099049325890839448 -0.018938179758175907 0.026361534041587122 0.042328430016251833 -0.015019949153680632
leaf_weight=64046.54918178916 59891.460464701056 32361.959806129336 78991.061900869012 23562.281795993447 62040.786587893963 12999.594593793154 65589.8778347224 102979.46656167507 24316.426529914141 70184.722697392106 3422.0376347601414 78046.870723187923 20179.948470517993 25843.863094031811 23014.996372029185
leaf_count=303993 273183 145288 372851 104053 288148 60824 302373 493105 114750 328637 15635 372202 91333 115061 109558
internal_value=3.04129e-07 0.024041 -0.0116401 0.0381195 -0.00485849 0.0133287 0.0149356 -0.0187946 -0.00144151 0.000131249 0.0306683 -0.016296 0.0320206 0.0465597 -0.0101023
internal_weight=747472 243851 503621 105370 258548 138481 125481 245073 156542 132226 55963.9 142093 52541.9 49406.1 102006
internal_count=3490994 1107750 2383244 471370 1213944 636380 575556 1169300 731535 616785 252256 676195 236621 219114 482409
is_linear=0
shrinkage=0.0206149


Tree=4
num_leaves=16
num_cat=0
split_feature=3 3 3 3 18 0 0 18 0 0 18 18 3 18 18
split_gain=469968 81012.4 55712.6 14527.8 10682.2 8821.06 7793.45 7702.17 4837.06 3414.95 2666.43 2359.72 2168.53 1950.07 1865.45
threshold=5.5000000000000009 8.5000000000000018 2.5000000000000004 10.500000000000002 2.7888884545679749 4.5000000000000009 2.5000000000000004 1.6899037283307223 5.5000000000000009 1.5000000000000002 4.6666655000003248 1.2999999025000084 11.500000000000002 2.1909088817355578 3.3874994490625947
decision_type=2 2 2 2 2 2 2 2 2 2 2 2 2 2 2
left_child=2 6 8 9 5 13 7 -2 10 11 -1 -3 -5 -4 -6
right_child=1 3 4 12 14 -7 -8 -9 -10 -11 -12 -13 -14 -15 -16
leaf_value=-0.012047669039878982 0.019866003255150335 0.034416251135709959 0.0049847382951383372 0.040325257654308035 -0.0066142290941703383 -0.014777541178711493 -0.0022186492160317017 0.0096694006367620301 -0.021448353449485143 0.0097181605459198475 -0.018227579732048162 0.025478148732377682 0.048922789750843715 -0.00062858444719360914 -0.011594048041300395
leaf_weight=51126.931079447269 60373.386570036411 32656.469526603818 41253.681305602193 23223.136027038097 66304.433298364282 16372.005507349968 12993.396613478661 65787.321634173393 121400.12749511003 3416.8708307594061 70700.669127374887 20390.041871041059 26919.415771663189 72562.831097185612 61731.408277839422
leaf_count=243508 273441 144940 191462 101968 312854 77919 60846 302197 586421 15558 339467 91470 117309 339425 293104
internal_value=-1.06135e-05 0.0233429 -0.0114561 0.0368654 -0.00478723 -0.000629173 0.0129833 0.0145489 -0.0185361 0.0296939 -0.0156341 0.0309806 0.0449409 0.00140601 -0.00901521
internal_weight=747212 245760 501452 106606 258224 130189 139154 126161 243228 56463.4 121828 53046.5 50142.6 113817 128036
internal_count=3491889 1107729 2384160 471245 1214764 608806 636484 575638 1169396 251968 582975 236410 219277 530887 605958
is_linear=0
shrinkage=0.0206149


Tree=5
num_leaves=16
num_cat=0
split_feature=3 3 3 3 3 0 18 0 0 18 0 18 18 18 0
split_gain=449935 76597.1 54118.1 13525.5 10350.6 7324.87 7339.96 4794.8 4732.4 3947.2 3231.32 2764.52 2233.36 2033.37 1698.47
threshold=5.5000000000000009 8.5000000000000018 2.5000000000000004 10.500000000000002 3.5000000000000004 2.5000000000000004 1.6396102565567663 6.5000000000000009 3.5000000000000004 2.5634917378433282 1.5000000000000002 4.5357135841837826 1.2142856492346981 1.0465367478331578 4.5000000000000009
decision_type=2 2 2 2 2 2 2 2 2 2 2 2 2 2 2
left_child=2 5 7 10 14 6 -2 11 9 -6 12 -1 -3 -5 -4
right_child=1 3 4 13 8 -7 -8 -9 -10 -11 -12 -13 -14 -15 -16
leaf_value=-0.011997504051889984 0.01992469083179638 0.035680610510702593 -0.0083978912279823736 0.047827964721371317 0.0032560417469854547 -0.0021329851357011161 0.0098924209286385817 -0.021705815210993049 -0.0097596253421096835 -0.0039341279225889609 0.0095755086606138604 -0.018009499683279199 0.026937520650248261 0.039569573578493618 -0.014788477955728969
leaf_weight=51148.71136200428 53891.83913949132 19563.426759630442 78515.497817650437 24250.979247570038 75213.884234338999 12929.164637044072 72938.403781667352 101153.63715697825 24207.003907993436 57063.722136482596 3459.7735960483551 89173.225538894534 33986.102379262447 26532.792015388608 22808.371680498123
leaf_count=245071 242345 85818 373064 104117 349027 60596 333455 493221 115048 268269 15698 431644 150540 115177 109726
internal_value=-4.80433e-06 0.0227191 -0.0112717 0.0357762 -0.00470316 0.0126484 0.0141553 -0.0182844 -0.00137935 0.000154248 0.0288842 -0.0158181 0.0301317 0.0435132 -0.00983644
internal_weight=746837 247552 499284 107793 257808 139759 126830 241476 156485 132278 57009.3 140322 53549.5 50783.8 101324
internal_count=3492816 1107746 2385070 471350 1215134 636396 575800 1169936 732344 617296 252056 676715 236358 219294 482790
is_linear=0
shrinkage=0.0206149


Tree=6
num_leaves=16
num_cat=0
split_feature=3 3 3 3 3 0 18 0 0 18 0 18 18 18 18
split_gain=429414 71669.1 52731.2 12750.1 10058.7 7019.03 6848.09 4792.76 4560.65 3793.29 2984.63 2715.47 2087.81 1925.63 1767.22
threshold=5.5000000000000009 8.5000000000000018 2.5000000000000004 10.500000000000002 3.5000000000000004 2.5000000000000004 1.7303028940128671 6.5000000000000009 3.5000000000000004 2.5634917378433282 1.5000000000000002 4.8452373455216593 1.2142856492346981 1.0465367478331578 1.4999998839285806
decision_type=2 2 2 2 2 2 2 2 2 2 2 2 2 2 2
left_child=2 5 7 10 -4 6 14 11 9 -6 12 -1 -3 -5 -2
right_child=1 3 4 13 8 -7 -8 -9 -10 -11 -12 -13 -14 -15 -16
leaf_value=-0.012408834359939435 0.021838330836661639 0.03447292083865848 -0.0096806864997590579 0.046266832806020529 0.0032094909713209696 -0.0021346523609744538 0.0085571433663379319 -0.021487030757629207 -0.0095855658570622761 -0.0038387366527398033 0.0093383080645919984 -0.018191783950241267 0.026063653316201356 0.038275003489070772 0.01523215911064049
leaf_weight=63032.387508034706 30874.746933490038 19810.504942238331 100895.03754401207 24558.011751741171 75245.575286492705 12922.784698590636 57719.796415925026 100176.1824426949 24070.595701307058 57056.099524140358 3438.2324611842632 76249.931469216943 34219.844580039382 26789.856769055128 38879.05929929018
leaf_count=304059 137592 86012 482662 104181 348752 60616 263432 493017 114847 268643 15551 372091 150338 115054 174944
internal_value=-7.27906e-06 0.0220748 -0.0110861 0.034632 -0.00460605 0.0123422 0.0138098 -0.0180481 -0.00133178 0.000169889 0.0279618 -0.0155747 0.029147 0.0420972 0.0181562
internal_weight=745939 249213 496726 108816 257267 140396 127474 239459 156372 132302 57468.6 139282 54030.3 51347.9 69753.8
internal_count=3491791 1107720 2384071 471136 1214904 636584 575968 1169167 732242 617395 251901 676150 236350 219235 312536
is_linear=0
shrinkage=0.0206149


Tree=7
num_leaves=16
num_cat=0
split_feature=3 3 3 3 18 0 0 18 0 0 18 0 18 3 24
split_gain=411381 67441.1 51487.7 11901.6 9677.6 8116.06 6687.05 6389.44 4685.65 2789.45 2576.64 2294.69 2022.5 1818.03 1742.06
threshold=5.5000000000000009 8.5000000000000018 2.5000000000000004 10.500000000000002 2.7888884545679749 4.5000000000000009 3.5000000000000004 1.7142855306122671 5.5000000000000009 1.5000000000000002 4.499999062500204 1.5000000000000002 1.2999999025000084 11.500000000000002 9.5000000000000018
decision_type=2 2 2 2 2 2 2 2 2 2 2 2 2 2 2
left_child=2 6 8 9 5 14 7 11 10 12 -1 -2 -3 -5 -4
right_child=1 3 4 13 -6 -7 -8 -9 -10 -11 -12 -13 -14 -15 -16
leaf_value=-0.010960737075976466 0.018869305230168533 0.031478538325882231 -0.0022142331793404261 0.03665264135612236 -0.0085662127521566322 -0.014260214639930076 -0.0093905635059010218 0.0082865331560705666 -0.020738337755969356 0.0092708188834805805 -0.017247356802077233 0.0086843742564864171 0.023308310147509597 0.044399154600112782 0.0031845233774452255
leaf_weight=43671.674797564745 59827.929163888097 33608.60349227488 38225.590078651905 23999.619794994593 126863.12940178812 16107.695834010839 5911.3739506602287 63997.075996875763 118204.49646443129 3464.2220956981182 75788.59370687604 11153.453579351306 20872.665484428406 27776.048677667975 75704.282387197018
leaf_count=210917 266303 144980 178545 102014 606421 77792 27833 291620 586535 15620 371997 50489 91377 116830 352697
internal_value=-9.60247e-06 0.0215076 -0.010913 0.0336257 -0.00451534 -0.000563357 0.0120702 0.0130101 -0.0178284 0.0272079 -0.0149491 0.0172689 0.0283484 0.0408084 0.00137314
internal_weight=745176 250611 494565 109721 256901 130038 140890 134978 237665 57945.5 119460 70981.4 54481.3 51775.7 113930
internal_count=3491970 1107066 2384904 470821 1215455 609034 636245 608412 1169449 251977 582914 316792 236357 218844 531242
is_linear=0
shrinkage=0.0206149


Tree=8
num_leaves=16
num_cat=0
split_feature=3 3 3 3 3 0 18 0 0 18 0 18 0 18 18
split_gain=394355 64026.7 50039.5 11241.8 9520.67 6374.42 6073.32 4565.47 4261.96 3601.65 2643.22 2407.36 2158.01 1883.42 1663.38
threshold=5.5000000000000009 8.5000000000000018 2.5000000000000004 10.500000000000002 3.5000000000000004 3.5000000000000004 1.6899037283307223 5.5000000000000009 3.5000000000000004 2.3999996400000607 1.5000000000000002 4.6666655000003248 1.5000000000000002 1.2142856492346981 1.0465367478331578
decision_type=2 2 2 2 2 2 2 2 2 2 2 2 2 2 2
left_child=2 5 7 10 -4 6 12 11 9 -6 13 -1 -2 -3 -5
right_child=1 3 4 14 8 -7 -8 -9 -10 -11 -12 -13 -14 -15 -16
leaf_value=-0.011314902069115984 0.018829660718279025 0.032599130303188763 -0.0094054738728588244 0.043486227771684594 0.0038747997242559243 -0.0092369294110595437 0.0084967060565206594 -0.020493534060021096 -0.0092706981205237116 -0.0029538769532392877 0.0090636019474657145 -0.017262837597424301 0.0084269340649287486 0.024679313337484157 0.036124019976124272
leaf_weight=49993.593381866813 54979.891830265522 20151.062628060579 100165.95168048143 24957.004275634885 60787.89897146821 5885.4739399403334 70721.250751137733 117121.84437248111 23910.283357203007 71351.984506577253 3482.487875059247 68597.502071604133 10018.941825762391 34795.176600217819 27316.546788588166
leaf_count=242946 242909 85973 482590 103825 280761 27813 321075 586547 114905 336227 15653 339458 45173 150579 115146
internal_value=-4.86512e-06 0.0209485 -0.0107517 0.0326936 -0.00444546 0.0117666 0.0126774 -0.0176066 -0.0012617 0.000187498 0.02648 -0.0147554 0.0172262 0.0275838 0.039639
internal_weight=744237 252308 491929 110702 256216 141606 135720 235713 156050 132140 58428.7 118591 64998.8 54946.2 52273.6
internal_count=3491580 1108146 2383434 471176 1214483 636970 609157 1168951 731893 616988 252205 582404 288082 236552 218971
is_linear=0
shrinkage=0.0206149


Tree=9
num_leaves=16
num_cat=0
split_feature=3 3 3 3 3 0 18 0 0 18 18 0 18 0 18
split_gain=376929 60146.3 48694.2 10684.1 9222.81 6105.11 5945.2 4527.52 4076.59 3264.95 2589.59 2520.41 1823.49 1663.13 1677.3
threshold=5.5000000000000009 8.5000000000000018 2.5000000000000004 10.500000000000002 3.5000000000000004 2.5000000000000004 1.6396102565567663 6.5000000000000009 2.5000000000000004 2.5634917378433282 5.2916651215282391 1.5000000000000002 1.2999999025000084 4.5000000000000009 3.2928567431633158
decision_type=2 2 2 2 2 2 2 2 2 2 2 2 2 2 2
left_child=2 5 7 11 13 6 -2 10 9 -6 -1 12 -3 14 -4
right_child=1 3 4 -5 8 -7 -8 -9 -10 -11 -12 -13 -14 -15 -16
leaf_value=-0.012312683424613783 0.017990099982781949 0.029721097265404981 -0.0044643882667790196 0.038490558566927492 0.0037217479817789165 -0.0019771962454527116 0.0090448154456487587 -0.020757904468068539 -0.0068692363845273656 -0.0032808360831096915 -0.018008566510363085 0.0086608827362221995 0.022023892903001906 -0.014187132662033022 -0.010559789712220434
leaf_weight=73552.708477750421 55101.495513617992 34151.246385112405 34952.749665051699 52620.74448813498 66590.869649514556 12961.985598132014 73950.396201610565 97379.116422116756 40257.701533272862 49203.02110606432 62954.533756479621 3469.7207935750484 21198.72158190608 22405.962574481964 42529.076732620597
leaf_count=361691 242046 145052 167494 218676 307699 60839 333558 492826 191883 232715 314495 15550 91554 109797 205838
internal_value=-2.72256e-06 0.0204055 -0.0105627 0.031742 -0.00434927 0.0115096 0.0128642 -0.017362 -0.00121839 0.000746217 -0.0149395 0.0257047 0.0267731 -0.00924054 -0.0078101
internal_weight=743280 253454 489826 111440 255939 142014 129052 233886 156052 115794 136507 58819.7 55350 99887.8 77481.8
internal_count=3491713 1107275 2384438 470832 1215426 636443 575604 1169012 732297 540414 676186 252156 236606 483129 373332
is_linear=0
shrinkage=0.0206149


Tree=10
num_leaves=16
num_cat=0
split_feature=3 3 3 3 3 0 18 0 0 18 18 0 0 18 3
split_gain=361419 57327.2 47291.6 10081.7 8750.43 5918.19 5410.43 4496.53 4113.53 3296.63 2549.17 2458.92 2415.89 1705.19 1642.39
threshold=5.5000000000000009 8.5000000000000018 2.5000000000000004 10.500000000000002 3.5000000000000004 1.5000000000000002 1.6396102565567663 6.5000000000000009 4.5000000000000009 2.4226187734552491 4.8452373455216593 3.5000000000000004 1.5000000000000002 1.2999999025000084 11.500000000000002
decision_type=2 2 2 2 2 2 2 2 2 2 2 2 2 2 2
left_child=2 5 7 12 -4 6 -2 10 9 -6 -1 -7 13 -3 -5
right_child=1 3 4 14 8 11 -8 -9 -10 -11 -12 -13 -14 -15 -16
leaf_value=-0.011633417415933935 0.018464651375807533 0.028915040199676528 -0.009072843957405461 0.03349868345043501 0.0031071217957268529 0.005924227974883442 0.0093782417556800991 -0.020548906552348981 -0.012034288260459153 -0.0031778055724244981 -0.017309529096971858 -0.0090066217598372134 0.0084307421398103956 0.021492383100216991 0.040765596802428021
leaf_weight=61684.52973267436 49308.14036872983 34437.522542148829 99397.033167153597 24601.477072238922 67244.169239863753 23422.992527619004 63990.143092259765 96526.542570322752 13702.277286455035 75054.864223957062 73918.121180191636 5860.2083823680878 3503.1675524711609 21280.193030282855 28562.322902783751
leaf_count=304057 215278 145255 482628 102073 310740 105920 287701 493218 66600 355115 372106 27816 15655 91368 117306
internal_value=-1.23886e-05 0.0198759 -0.0104135 0.0308862 -0.00429245 0.0111975 0.0133327 -0.0171482 -0.0012466 -0.00020783 -0.0147275 0.00293624 0.0250361 0.0260801 0.0374028
internal_weight=742494 254966 487528 112385 255398 142581 113298 232129 156001 142299 135603 29283.2 59220.9 55717.7 53163.8
internal_count=3492836 1108372 2384464 471657 1215083 636715 502979 1169381 732455 665855 676163 133736 252278 236623 219379
is_linear=0
shrinkage=0.0206149


Tree=11
num_leaves=16
num_cat=0
split_feature=3 3 3 3 18 0 0 18 0 18 18 0 0 18 3
split_gain=344581 54488.9 46187 9687.74 8622.84 7425.69 5573.6 5300.25 4405.91 2731.01 2507.06 2295.71 1925.2 1662.59 1562.67
threshold=5.5000000000000009 8.5000000000000018 2.5000000000000004 10.500000000000002 3.1339281516263324 4.5000000000000009 3.5000000000000004 1.7303028940128671 6.5000000000000009 2.1909088817355578 5.3333320000003708 1.5000000000000002 1.0000000180025095e-35 1.2999999025000084 11.500000000000002
decision_type=2 2 2 2 2 2 2 2 2 2 2 2 2 2 2
left_child=2 6 8 11 5 9 7 12 10 -4 -1 13 -2 -3 -5
right_child=1 3 4 14 -6 -7 -8 -9 -10 -11 -12 -13 -14 -15 -16
leaf_value=-0.012055800343395659 0.018209642149246443 0.028115468119836139 0.0045873593279708831 0.032604572191575198 -0.0096128738487705548 -0.012904715198453367 -0.0088640078068250271 0.0072542298490984314 -0.020307694732342688 -0.0016351911764963289 -0.017731233249719917 0.0081409584217444573 0.011527589610859394 0.020809028652742995 0.039675552521106897
leaf_weight=76149.451553612947 43502.876076057553 34646.805969059467 41427.528278082609 24732.781406790018 83603.80043771863 21369.093422800303 5831.3853003829718 62041.987201035023 95640.59822934866 108418.24696485698 58478.668201565742 3511.0805521160364 31658.976936638355 21416.739274561405 28688.695972844958
leaf_count=378906 189680 145209 191134 101997 406509 105035 27779 279516 493434 511893 296858 15648 139598 91448 117102
internal_value=-2.07244e-05 0.0193277 -0.0102329 0.0300276 -0.00418602 -0.0015361 0.0108749 0.0117139 -0.0169245 8.51435e-05 -0.014521 0.0243116 0.0153951 0.0253243 0.0364019
internal_weight=741119 256031 485087 112996 254819 171215 143035 137204 230269 149846 134628 59574.6 75161.9 56063.5 53421.5
internal_count=3491746 1107977 2383769 471404 1214571 808062 636573 608794 1169198 703027 675764 252305 329278 236657 219099
is_linear=0
shrinkage=0.0206149


Tree=12
num_leaves=16
num_cat=0
split_feature=3 3 3 3 3 2 18 1 1 18 1 18 18 18 2
split_gain=330015 51840.2 45166.8 11170.4 8287.17 4286.58 4095.54 3814.67 3205.84 2945.12 2883.25 2563.92 2299.77 1731.97 1584.84
threshold=5.5000000000000009 9.5000000000000018 2.5000000000000004 7.5000000000000009 3.5000000000000004 1.0000000180025095e-35 1.0851448813372999 1.0000000180025095e-35 1.0000000180025095e-35 2.303845950088776 1.0000000180025095e-35 1.8749998242187684 4.5357135841837826 1.4444443240740854 1.0000000180025095e-35
decision_type=2 2 2 2 2 2 2 2 2 2 2 2 2 2 2
left_child=2 3 5 8 14 -1 -3 -6 -2 -9 -5 -10 -7 -12 -4
right_child=1 6 4 10 7 12 -8 9 11 -11 13 -13 -14 -15 -16
leaf_value=-0.019568873720185807 -0.0021262330267249343 0.037336223765308499 -0.015071601402086823 -0.0029151898467038341 -0.0066129293445220368 -0.010164767821895293 0.028064705801019593 0.0051444019029333529 0.012203956554389573 -0.0016992875304264949 0.022333053558232823 0.0051755728983172702 -0.016171661548177868 0.015618607238252797 -0.0076753859179321702
leaf_weight=112836.98191544414 11195.03891928494 38715.279804900289 14416.367889717221 2485.7892841696739 39964.608723282814 43320.205415427685 42446.079810217023 41844.441668227315 58308.706911474466 73947.723528549075 41423.163650408387 35478.383125007153 72278.266741544008 26946.316096797585 84344.424349620938
leaf_count=586333 52621 157553 71973 11525 191775 214525 176267 192015 256723 348521 176306 159417 368202 117152 411013
internal_value=-1.31982e-05 0.0188595 -0.0100561 0.0125692 -0.00408353 -0.0167106 0.0324874 -0.00112147 0.0083006 0.000773854 0.0188938 0.00954521 -0.0139206 0.0196867 -0.00875503
internal_weight=739952 256999 482953 175837 254518 228435 81161.4 155757 104982 115792 70855.3 93787.1 115598 68369.5 98760.8
internal_count=3491921 1107564 2384357 773744 1215297 1169060 333820 732311 468761 540536 304983 416140 582727 293458 482986
is_linear=0
shrinkage=0.0206149


Tree=13
num_leaves=16
num_cat=0
split_feature=3 3 3 18 18 1 1 18 2 6 20 18 18 24 18
split_gain=317126 49246.6 43746.5 8883.72 8115.97 6303.23 5196.49 5043.22 4278.93 2847.1 2493.9 2250.86 1603.91 1579.84 1498.27
threshold=5.5000000000000009 8.5000000000000018 2.5000000000000004 1.1490740240620738 2.8257572115473426 1.0000000180025095e-35 1.0000000180025095e-35 1.7303028940128671 1.0000000180025095e-35 1.0000000180025095e-35 0.27415922373873075 4.499999062500204 2.1909088817355578 6.5000000000000009 1.4545453553719085
decision_type=2 2 2 2 2 2 2 2 2 2 2 2 2 2 2
left_child=2 6 8 9 5 10 -2 14 -1 -3 -4 -10 -7 -6 -8
right_child=1 3 4 -5 13 12 7 -9 11 -11 -12 -13 -14 -15 -16
leaf_value=-0.019374906524009864 -0.0020877829407741507 0.018084539892170935 -0.015913376253948956 0.023045998877359031 -0.012527843572729807 0.005832557748963841 0.019561029023444886 0.0071472268876398536 -0.0099293384044867924 0.035922450986453684 -0.0043536869055851215 -0.015913978346522806 0.00026634560733750231 -0.0067506019533570532 0.013219748596037181
leaf_weight=111873.58222407103 12894.078804537654 4114.2743075937033 10924.099179118872 59641.415839239955 25749.487003371119 33922.702888146043 23435.871973738074 58841.481191113591 42281.552278906107 50188.448014080524 28951.254739761353 72507.485517665744 62594.655171245337 91938.353658288717 48816.785932645202
leaf_count=586859 60626 17063 54360 249531 125888 155402 100479 263270 210280 203987 138466 372080 293531 447726 212370
internal_value=-2.79281e-05 0.0184126 -0.00992179 0.0285385 -0.00404825 -0.000625811 0.0103995 0.0116277 -0.0165058 0.034571 -0.00752054 -0.0137096 0.00222269 -0.00801463 0.0152766
internal_weight=738676 257932 480743 113944 254081 136393 143988 131094 226663 54302.7 39875.4 114789 96517.4 117688 72252.7
internal_count=3491918 1107326 2384592 470581 1215373 641759 636745 576119 1169219 221050 192826 582360 448933 573614 312849
is_linear=0
shrinkage=0.0206149


Tree=14
num_leaves=16
num_cat=0
split_feature=3 3 3 3 18 2 2 3 1 1 18 1 18 6 18
split_gain=304447 47358.7 42718.2 10047.8 7916.34 6121.02 4199.61 3810.17 2869.59 2672.72 2375.96 2318.76 2231.95 1611.42 1583.03
threshold=5.5000000000000009 9.5000000000000018 2.5000000000000004 7.5000000000000009 2.8257572115473426 1.0000000180025095e-35 1.0000000180025095e-35 11.500000000000002 1.0000000180025095e-35 1.0000000180025095e-35 1.8749998242187684 1.0000000180025095e-35 4.499999062500204 1.0000000180025095e-35 1.3550419285449535
decision_type=2 2 2 2 2 2 2 2 2 2 2 2 2 2 2
left_child=2 3 6 8 5 -4 -1 13 -2 -5 -10 -7 -8 -3 -11
right_child=1 7 4 9 -6 11 12 -9 10 14 -12 -13 -14 -15 -16
leaf_value=-0.019146417562238276 -0.0019388419689341328 0.019370131496798927 -0.015808743742897639 -0.0029443007254547756 -0.007877027566922979 -0.0043981697844438514 -0.0097497395774274864 0.036966099038274941 0.011680048858381737 0.022615976107490644 0.0049336200238524813 0.0022200695810295837 -0.015722206235760774 0.029232904350026342 0.016220529118053162
leaf_weight=110898.66646696627 11128.292737737298 8365.1807564496994 10354.174341857433 2504.7823440432549 117278.59427919984 29320.90761038661 42202.83424051106 29047.252918824553 58682.8004155159 27095.906399175525 35669.196406707168 96672.505575358868 71883.696891799569 44438.66483387351 41854.269549906254
leaf_count=587303 52392 34609 51959 11606 573559 140523 210818 117078 256559 113722 159627 449312 371668 182008 179438
internal_value=-1.05334e-05 0.0180033 -0.00975067 0.0120052 -0.00395003 -0.000572252 -0.0162897 0.0309693 0.00796187 0.0179739 0.0091296 0.000679888 -0.0135129 0.0276704 0.0187338
internal_weight=737398 258786 478611 176935 253626 136348 224985 81851.1 105480 71455 94352 125993 114087 52803.8 68950.2
internal_count=3492181 1107039 2385142 773344 1215353 641794 1169789 333695 468578 304766 416186 589835 582486 216617 293160
is_linear=0
shrinkage=0.0206149


Tree=15
num_leaves=16
num_cat=0
split_feature=3 3 3 3 18 0 0 18 0 0 18 18 18 18 24
split_gain=291579 45151.3 41623.5 9539.61 7661.83 6472.06 4235.46 3636.84 3152.79 2596.91 2168.75 2115.79 1646.98 1533.25 1501.03
threshold=5.5000000000000009 9.5000000000000018 2.5000000000000004 7.5000000000000009 2.7888884545679749 4.5000000000000009 5.5000000000000009 1.0851448813372999 3.5000000000000004 2.5000000000000004 4.6904754648527218 1.8749998242187684 3.3874994490625947 1.4444443240740854 9.5000000000000018
decision_type=2 2 2 2 2 2 2 2 2 2 2 2 2 2 2
left_child=2 3 6 8 5 14 10 -3 11 13 -1 -2 -6 -5 -4
right_child=1 7 4 9 12 -7 -8 -9 -10 -11 -12 -13 -14 -15 -16
leaf_value=-0.010039608519665327 0.010897128901849237 0.034727822173085211 -0.002019209753102779 0.020719937938543244 -0.0052754108076996297 -0.012860173568030656 -0.018987014565910017 0.026046315758651319 -0.0079048215957529568 -0.0032278866762790364 -0.015793611833700115 0.0047275155358894941 -0.010038376334807284 0.014438684478780607 0.0029964716362551398
leaf_weight=49036.14819034934 62568.257178097963 39112.191384613514 38087.742530331016 41916.153171256185 64395.135299324989 15544.705777198076 109726.59432199597 43108.729078367352 5192.8333814740181 2479.2903306931257 64392.880252197385 37949.49813978374 59231.971388041973 27252.913779839873 75859.785118684173
leaf_count=246797 273651 157454 178235 175815 313037 78046 586665 176545 24897 11500 336035 169952 293025 117007 352716
internal_value=-2.88317e-05 0.0175486 -0.00960892 0.0116947 -0.00388673 -0.000382286 -0.0160994 0.0301761 0.00775866 0.0175021 -0.0133061 0.00856785 -0.00755743 0.0182451 0.00131995
internal_weight=735855 259580 476275 177359 253119 129492 223156 82220.9 105711 71648.4 113429 100518 123627 69169.1 113948
internal_count=3491377 1106821 2384556 772822 1215059 608997 1169497 333999 468500 304322 582832 443603 606062 292822 530951
is_linear=0
shrinkage=0.0206149


Tree=16
num_leaves=16
num_cat=0
split_feature=3 3 3 3 3 0 3 0 0 18 18 0 18 18 0
split_gain=278590 43161.6 40480.2 9184.56 7465.9 4197.14 3643.67 3480.45 3041.78 2750.49 2537.37 2432.4 2039.01 1594.69 1585.99
threshold=5.5000000000000009 9.5000000000000018 2.5000000000000004 7.5000000000000009 3.5000000000000004 7.5000000000000009 11.500000000000002 3.5000000000000004 3.5000000000000004 2.3999996400000607 5.3333320000003708 1.5000000000000002 1.8749998242187684 1.3550419285449535 1.0000000180025095e-35
decision_type=2 2 2 2 2 2 2 2 2 2 2 2 2 2 2
left_child=2 3 5 8 -4 10 14 9 12 -6 -1 13 -2 -5 -3
right_child=1 6 4 11 7 -7 -8 -9 -10 -11 -12 -13 -14 -15 -16
leaf_value=-0.011455402231826204 0.010602340418164111 0.027773743335340693 -0.0082718034637512886 0.022413392487288381 0.0034948733451432928 -0.01987237419194245 0.035293859721604683 -0.008348577879324354 -0.0079071579402320829 -0.0024694770360656052 -0.016907419033652359 0.0060464917456039572 0.0045536445194531688 0.015767652766654351 0.018044499760566966
leaf_weight=82311.026221379638 62829.92994171381 44844.924826592207 97504.652048826218 25281.437082126737 61347.363332733512 74164.59669944644 29147.02707464993 23253.783037900925 5158.8276759833097 70755.969010293484 64864.812092840672 7598.5778713226318 38013.525049567223 39038.705198168755 8464.3343087434769
leaf_count=424036 273937 182261 483229 104898 281361 401437 116916 114672 24814 336642 343772 33566 169980 165819 34749
internal_value=-2.84343e-05 0.0171042 -0.00943571 0.0113904 -0.00380051 -0.0158734 0.0294333 -0.000994258 0.00753241 0.000300303 -0.0138583 0.0170767 0.00832225 0.0183798 0.026229
internal_weight=734579 260377 474202 177921 252862 221340 82456.3 155357 106002 132103 147176 71918.7 100843 64320.1 53309.3
internal_count=3492089 1106940 2385149 773014 1215904 1169245 333926 732675 468731 618003 767808 304283 443917 270717 217010
is_linear=0
shrinkage=0.0206149


Tree=17
num_leaves=16
num_cat=0
split_feature=4 4 4 4 18 0 0 18 0 0 18 24 18 10 18
split_gain=268311 41135.5 39362.1 8747.95 7130.28 6170.21 4163.51 3464.21 2967.76 2315.22 2261.09 2247.17 1965.54 1330.11 1326.69
threshold=2.1999995933334096 1.266666532592607 4.999997833334306 1.6071426409439071 3.1339281516263324 4.5000000000000009 6.5000000000000009 1.0571894820208076 3.5000000000000004 2.5000000000000004 4.499999062500204 9.5000000000000018 1.8749998242187684 6.5000000000000009 1.3550419285449535
decision_type=2 2 2 2 2 2 2 2 2 2 2 2 2 2 2
left_child=1 7 4 9 5 11 10 -1 12 14 -4 -2 -5 -13 -3
right_child=2 3 6 8 -6 -7 -8 -9 -10 -11 -12 13 -14 -15 -16
leaf_value=0.034513779650812551 -0.0031874101612729753 0.020942439986373088 -0.0097221299226993661 0.010420783107805944 -0.0087545282192578958 -0.011884752520834775 -0.019088426189963561 0.025666702984234898 -0.007847452130598025 -0.0027963029303953407 -0.015383874443543718 0.0048075836470127392 0.0044856735403298528 -0.00012346179748398196 0.01512044358328876
leaf_weight=28961.580360233784 55320.795313566923 27370.969562575221 47198.342059835792 62999.838391751051 81760.796090006828 20746.88597099483 90186.418733268976 53655.397038325667 5155.9525058269501 2497.4444120973349 82152.559013098478 41503.320602267981 38025.58824403584 52849.827617287636 42401.077078223228
leaf_count=115997 261936 113422 240439 273859 406056 104881 492910 217732 24881 11573 435559 194278 169781 247569 179669
internal_value=-2.61753e-05 0.0167416 -0.00930614 0.0111738 -0.00374997 -0.00134899 -0.0156885 0.0287681 0.00740824 0.0167063 -0.013318 0.000111413 0.00818683 0.00204557 0.0174044
internal_weight=732787 261068 471719 178451 252182 170421 219537 82617 106181 72269.5 129351 149674 101025 94353.1 69772
internal_count=3490542 1106914 2383628 773185 1214720 808664 1168908 333729 468521 304664 675998 703783 443640 441847 293091
is_linear=0
shrinkage=0.0206149


Tree=18
num_leaves=16
num_cat=0
split_feature=4 4 4 4 4 0 18 0 0 18 18 0 18 0 18
split_gain=257280 39647.1 38312.3 8331.82 7010.8 4073.7 3426.33 3144.97 2919.43 2490.04 2443.4 2188.49 1899.65 1434.2 1461.66
threshold=2.1999995933334096 1.266666532592607 4.999997833334306 1.6071426409439071 3.4999989583336499 7.5000000000000009 1.0960061006262392 2.5000000000000004 3.5000000000000004 2.1909088817355578 5.4999988541669156 1.5000000000000002 1.8749998242187684 4.5000000000000009 3.2928567431633158
decision_type=2 2 2 2 2 2 2 2 2 2 2 2 2 2 2
left_child=1 6 4 11 7 10 -1 9 12 -2 -4 -3 -5 14 -6
right_child=2 3 5 8 13 -7 -8 -9 -10 -11 -12 -13 -14 -15 -16
leaf_value=0.032197979511501842 0.0056010241394077011 0.017512977717066072 -0.011212923658787276 0.01019161366469833 -0.0035341037887927505 -0.019451926456435439 0.023812202945261544 -0.0059736412490928566 -0.0079016916896946197 -0.0011252975436853556 -0.016635514072396267 0.005859048305796726 0.0043678582150850536 -0.012723502923602 -0.0093028259666797057
leaf_weight=42790.776664465666 32566.94453522563 64948.160799175501 84657.101526916027 63202.433528870344 34242.002377480268 72722.912673264742 40120.715504944324 39408.003839448094 5157.1749138832092 82993.6390850842 60586.649375408888 7655.0959760695696 38182.940646275878 21429.089126259089 41034.376783117652
leaf_count=171504 148156 271347 441699 273948 167450 401659 162726 191896 24968 391738 326435 33668 170241 109486 205604
internal_value=-1.08693e-05 0.0163536 -0.00914218 0.0108987 -0.00366266 -0.0154691 0.0281401 -0.000944666 0.00722868 0.000770295 -0.0134749 0.0162842 0.00799832 -0.0080182 -0.00667873
internal_weight=731698 262057 469641 179146 251674 217967 82911.5 154969 106543 115561 145244 72603.3 101385 96705.5 75276.4
internal_count=3492525 1108402 2384123 774172 1214330 1169793 334230 731790 469157 539894 768134 305015 444189 482540 373054
is_linear=0
shrinkage=0.0206149


Tree=19
num_leaves=16
num_cat=0
split_feature=3 3 3 3 3 3 3 0 0 0 3 0 0 10 0
split_gain=247091 37827.4 37012.2 7997.89 6643 4081.32 3393.39 3035.45 2657.05 2202.03 1809.96 1498.95 1384.92 1321.46 1140.85
threshold=5.5000000000000009 9.5000000000000018 2.5000000000000004 7.5000000000000009 3.5000000000000004 1.5000000000000002 11.500000000000002 4.5000000000000009 3.5000000000000004 2.5000000000000004 4.5000000000000009 1.0000000180025095e-35 4.5000000000000009 11.500000000000002 4.5000000000000009
decision_type=2 2 2 2 2 2 2 2 2 2 2 2 2 2 2
left_child=2 3 5 8 12 -1 11 10 13 -5 -6 -3 -4 -2 -7
right_child=1 6 4 9 7 14 -8 -9 -10 -11 -12 -13 -14 -15 -16
leaf_value=-0.018017973202857168 0.0085277726188016396 0.025915750178158767 -0.0065621879497004161 0.01660567354965423 -0.0023005787499446469 -0.01053121717675669 0.033145733890327912 -0.010445230456691107 -0.007431738406010727 -0.0031127286514838152 0.0023673595056405024 0.016499582846935069 -0.012514601518478299 0.00022310851858833657 -0.014889162806501372
leaf_weight=111166.88144207001 92640.082463756204 45201.543736740947 75021.153561845422 70305.954809457064 75083.441295489669 61162.555966511369 29238.72913891077 13190.3612421453 5113.4960562735796 2492.1237569898367 66623.352951958776 8542.3486492186785 21335.230467513204 8927.4454446136951 43817.780132442713
leaf_count=610117 404922 182237 372900 293298 356721 320037 116990 66661 24839 11536 308414 34740 109656 39048 239085
internal_value=-2.24472e-05 0.0159842 -0.00901073 0.0106627 -0.00363018 -0.0152652 0.0274939 -0.000986398 0.00706783 0.0159306 -0.000105951 0.0244191 -0.00788017 0.00779782 -0.0123502
internal_weight=729862 262462 467401 179479 251254 216147 82982.6 154897 106681 72798.1 141707 53743.9 96356.4 101568 104980
internal_count=3491201 1107610 2383591 773643 1214352 1169239 333967 731796 468809 304834 665135 216977 482556 443970 559122
is_linear=0
shrinkage=0.0206149


Tree=20
num_leaves=16
num_cat=0
split_feature=3 3 3 3 18 0 0 18 0 18 18 0 18 18 0
split_gain=236856 36624.9 36320.5 7532.33 6687.24 5739.02 3999.94 3226.37 2605.78 2429.61 2115.86 2099.43 1777.34 1446.66 1125.07
threshold=5.5000000000000009 9.5000000000000018 2.5000000000000004 7.5000000000000009 3.1339281516263324 4.5000000000000009 7.5000000000000009 1.0851448813372999 3.5000000000000004 5.3333320000003708 2.1909088817355578 1.5000000000000002 1.8749998242187684 1.3550419285449535 1.0000000180025095e-35
decision_type=2 2 2 2 2 2 2 2 2 2 2 2 2 2 2
left_child=2 3 6 8 5 10 9 14 12 -1 -4 13 -2 -5 -3
right_child=1 7 4 11 -6 -7 -8 -9 -10 -11 -12 -13 -14 -15 -16
leaf_value=-0.010721632491407427 0.0097396800012561242 0.031950971881852676 0.0041281235355849393 0.020524622374092825 -0.0084047398174931683 -0.01146570923765962 -0.019072723589044823 0.023077931722604993 -0.0074816911985940869 -0.016135128161570002 -0.0013350046006640789 0.005294052793499821 0.0041178228461552831 0.014236275937060408 0.014886598741229936
leaf_weight=80359.141523838043 63614.004229098558 37717.100449994206 41801.500063896179 25555.192135110497 80976.33204858005 20396.235658317804 71264.40677882731 43764.626553565264 5093.1969470828772 62739.993809893727 107880.59516304731 7665.0824547111988 38279.462464243174 39700.263771921396 1716.6862242221832
leaf_count=423724 274382 150953 191501 104653 406331 104648 401370 176583 24818 343659 512874 33573 170018 166192 6908
internal_value=-1.23263e-05 0.0156212 -0.00885012 0.0103908 -0.00352872 -0.00120719 -0.0150823 0.0269314 0.00690836 -0.0130951 0.000190675 0.0155001 0.00762765 0.0166989 0.0312081
internal_weight=728524 263106 465418 179907 251055 170078 214364 83198.4 106987 143099 149682 72920.5 101893 65255.5 39433.8
internal_count=3492187 1108080 2384107 773636 1215354 809023 1168753 334444 469218 767383 704375 304418 444400 270845 157861
is_linear=0
shrinkage=0.0206149


Tree=21
num_leaves=16
num_cat=0
split_feature=3 3 3 3 18 0 3 3 0 18 0 18 0 18 0
split_gain=226929 35551.9 35004 7162.53 6422.42 5586.17 4017.04 3147.42 2471.13 2041.07 2026.26 1674.19 1355.32 1340.32 1258.47
threshold=5.5000000000000009 2.5000000000000004 9.5000000000000018 7.5000000000000009 3.1339281516263324 3.5000000000000004 1.5000000000000002 11.500000000000002 3.5000000000000004 2.1909088817355578 2.5000000000000004 1.8749998242187684 1.0000000180025095e-35 1.4444443240740854 6.5000000000000009
decision_type=2 2 2 2 2 2 2 2 2 2 2 2 2 2 2
left_child=1 6 3 8 5 9 -1 12 11 -3 13 -2 -4 -5 -7
right_child=2 4 7 10 -6 14 -8 -9 -10 -11 -12 -13 -14 -15 -16
leaf_value=-0.017646868158891767 0.0095290585958724364 0.0046720322058928397 0.024816960280666423 0.018084747289206452 -0.0082102737492077294 -0.0066869504205288866 -0.011978377491077052 0.031798799132478531 -0.0072662758043427408 -0.00091080603386899952 -0.0031642587776232831 0.0040781338583737291 0.015875965344590345 0.012280169173075624 -0.016458190270546218
leaf_weight=109025.38239574432 63689.34253115952 38727.570735871792 45317.416236117482 42769.201443836093 80745.312419101596 24970.491823300719 103628.1785954833 29208.636614590883 5069.5062730610371 98899.02329608798 2480.8409525901079 38372.922547832131 8567.0328722000122 27955.72257450223 7221.4416924566031
leaf_count=609490 274000 176430 182076 175826 406716 125064 559082 116987 24781 469219 11473 170211 34696 117449 37607
internal_value=2.4212e-06 -0.00868526 0.0152789 0.010178 -0.00342392 -0.00114811 -0.0148846 0.0263494 0.00678186 0.000660182 0.015148 0.00747964 0.0233954 0.0157903 -0.00887888
internal_weight=726648 463217 263431 180338 250564 169819 212654 83093.1 107132 137627 73205.8 102062 53884.4 70724.9 32191.9
internal_count=3491107 2383608 1107499 773740 1215036 808320 1168572 333759 468992 645649 304748 444211 216772 293275 162671
is_linear=0
shrinkage=0.0206149


Tree=22
num_leaves=16
num_cat=0
split_feature=3 3 3 3 18 2 2 18 9 18 9 9 18 24 24
split_gain=217913 34509.2 33478 6830.21 6258.09 4983.38 3956.8 3219.7 2224.65 2002.71 1935.2 1863.53 1660.24 1477.91 1357.09
threshold=5.5000000000000009 2.5000000000000004 9.5000000000000018 7.5000000000000009 2.8257572115473426 1.0000000180025095e-35 1.0000000180025095e-35 1.0851448813372999 1.0000000180025095e-35 4.499999062500204 1.0000000180025095e-35 1.0000000180025095e-35 1.8749998242187684 6.5000000000000009 10.500000000000002
decision_type=2 2 2 2 2 2 2 2 2 2 2 2 2 2 2
left_child=1 6 3 8 5 -3 -1 -4 -2 -8 -5 -7 -10 -6 -13
right_child=2 4 7 10 13 11 9 -9 12 -11 -12 14 -14 -15 -16
leaf_value=-0.017603612134852398 -0.0021151145727769031 -0.014492820525231216 0.030016076576761707 -0.0030684404817072726 -0.011373341321194485 -0.0038720317952507855 -0.008330794296839068 0.021895883297096224 0.0097266326457904201 -0.014124140086473887 0.015407303971213742 -0.00038931998812695537 0.0041337209717159156 -0.0057023654099193936 0.0044927254845938333
leaf_weight=102831.2432795912 11112.385839283466 9880.1459509879351 39331.225063413382 2494.0311076194048 24981.303601697087 29001.652263745666 40505.82165928185 43927.363862857223 60078.558158814907 67810.648382380605 70884.434928849339 47740.84458835423 36114.36798363924 89491.418312773108 49066.319113612175
leaf_count=586474 52335 51781 157659 11548 126053 140655 210735 176632 256950 372179 293133 222565 159634 447447 226514
internal_value=-2.26841e-05 -0.00857013 0.0149162 0.00993244 -0.00339007 -0.000395253 -0.0147073 0.0257318 0.00661798 -0.0119577 0.0147793 0.000711872 0.00762685 -0.00693994 0.00208513
internal_weight=725252 461309 263942 180684 250162 135689 211148 83258.6 107305 108316 73378.5 125809 96192.9 114473 96807.2
internal_count=3492294 2384403 1107891 773600 1215015 641515 1169388 334291 468919 582914 304681 589734 416584 573500 449079
is_linear=0
shrinkage=0.0206149


Tree=23
num_leaves=16
num_cat=0
split_feature=4 4 18 0 18 0 4 0 18 18 0 24 18 24 0
split_gain=209117 33567.8 32570 6389.97 6044.33 5195.55 4685.12 3941.86 3135.33 2334.76 1905.68 1623.3 1421.83 1337.39 1044.32
threshold=2.1999995933334096 4.999997833334306 1.2999999025000084 1.5000000000000002 2.7888884545679749 4.5000000000000009 1.6071426409439071 7.5000000000000009 1.0960061006262392 4.9999990833335035 1.5000000000000002 8.5000000000000018 1.8749998242187684 9.5000000000000018 1.5000000000000002
decision_type=2 2 2 2 2 2 2 2 2 2 2 2 2 2 2
left_child=2 4 3 8 5 13 -4 9 -1 -3 12 -6 -8 -2 -15
right_child=1 7 6 -5 11 -7 10 -9 -10 -11 -12 -13 -14 14 -16
leaf_value=0.029306660347694184 -0.0018862976516315058 -0.0099139131202304193 0.013632638018069663 -0.0021451301281365637 -0.0094450795391313163 -0.01168071774146018 0.010070861060380503 -0.018543978934225023 0.021702077086165748 -0.015233606120733474 0.0013856417138570823 -0.0046040832340215974 0.0044738928202600328 0.0047007941390619151 -0.00030386183070447043
leaf_weight=42551.332420378923 38029.889999091625 71217.319049671292 61244.764188781381 3782.7059647738934 50870.771841019392 14882.897477179766 51407.451493188739 69247.039271771908 50249.787237972021 69061.673612385988 24159.376740768552 69864.806446239352 30872.335624232888 47885.160205408931 28127.348490267992
leaf_count=170734 178567 381032 253867 16516 256343 77760 219195 401496 202340 387051 108799 349423 136262 220448 131998
internal_value=-2.7226e-05 -0.00843531 0.0145825 0.0241184 -0.00332919 -0.000225147 0.00908996 -0.0145195 0.0251889 -0.0125329 0.00647612 -0.00664379 0.00797081 0.00126984 0.00284889
internal_weight=723455 459187 264268 96583.8 249661 128925 167684 209526 92801.1 140279 106439 120736 82279.8 114042 76012.5
internal_count=3491831 2384118 1107713 389590 1214539 608773 718123 1169579 373074 768083 464256 605766 355457 531013 352446
is_linear=0
shrinkage=0.0206149


Tree=24
num_leaves=16
num_cat=0
split_feature=3 3 3 3 3 3 3 0 0 18 0 18 0 0 18
split_gain=201267 32277.7 31234 6155.15 5759.85 3888.51 3073.45 2606.99 2258.22 1957.1 1828.5 1527.03 1341.45 1306.11 1278.4
threshold=5.5000000000000009 2.5000000000000004 9.5000000000000018 7.5000000000000009 3.5000000000000004 1.5000000000000002 11.500000000000002 2.5000000000000004 3.5000000000000004 2.3205125373110191 2.5000000000000004 1.8708331539236303 4.5000000000000009 1.0000000180025095e-35 3.4999994895834097
decision_type=2 2 2 2 2 2 2 2 2 2 2 2 2 2 2
left_child=1 5 3 8 12 -1 13 9 11 -6 -5 -2 14 -4 -3
right_child=2 4 6 10 7 -7 -8 -9 -10 -11 -12 -13 -14 -15 -16
leaf_value=-0.017057773185418162 0.0090633363116705921 -0.0036928720182652368 0.023257359714488224 0.014701143228707459 0.0042240729780804939 -0.011414676327705629 0.030176679696873713 -0.0054466353072907909 -0.0070775434015072818 -0.0013351099678493117 -0.0032644554775395685 0.0039203542389059879 -0.011917995202001474 0.014509336028559366 -0.0091816854797475977
leaf_weight=105978.67926861346 61957.84498386085 43050.957298338413 45481.452344819903 71267.285541191697 42668.576827868819 101682.7385264039 29031.000977069139 38995.40201587975 5062.2475707381964 72880.633939400315 2491.716879338026 40619.574607029557 20789.209187701344 8629.1672307401896 31031.602990910411
leaf_count=608767 264612 214271 182279 293234 193541 559504 116842 192472 24833 346671 11519 179337 109341 34787 158979
internal_value=-8.30151e-06 -0.00829086 0.0143025 0.00950688 -0.00329221 -0.0142946 0.0247655 -0.000837701 0.00636345 0.000717716 0.0140942 0.00702677 -0.00729058 0.0218623 -0.00599202
internal_weight=721618 457078 264540 181399 249416 207661 83141.6 154545 107640 115549 73759 102577 94871.8 54110.6 74082.6
internal_count=3490989 2383546 1107443 773535 1215275 1168271 333908 732684 468782 540212 304753 443949 482591 217066 373250
is_linear=0
shrinkage=0.0206149


Tree=25
num_leaves=16
num_cat=0
split_feature=3 3 3 3 3 0 3 0 0 24 24 0 22 0 10
split_gain=192918 31918.4 30162.6 5949.78 5673.86 3887.83 3025.63 2612.86 2198.86 2009.9 1870.94 1746.14 1374.83 1271.22 1219.83
threshold=5.5000000000000009 2.5000000000000004 9.5000000000000018 7.5000000000000009 3.5000000000000004 7.5000000000000009 11.500000000000002 4.5000000000000009 3.5000000000000004 9.5000000000000018 6.5000000000000009 1.5000000000000002 1.0000000180025095e-35 1.0000000180025095e-35 11.500000000000002
decision_type=2 2 2 2 2 2 2 2 2 2 2 2 2 2 2
left_child=1 5 3 8 12 10 13 9 14 -6 -1 -5 -3 -4 -2
right_child=2 4 6 11 7 -7 -8 -9 -10 -11 -12 -13 -14 -15 -16
leaf_value=-0.01506264335901215 0.0075065190014158263 -0.021602155726709725 0.022731208272077315 0.014834395723579117 -0.0031587904043220414 -0.018219471465152452 0.029611895713062487 -0.0096863121349041147 -0.0071103919336353606 0.0019241434218678379 -0.010190703419954343 0.0045145804623470702 -0.0067581284713048497 0.014081416521202043 -0.00042444072306319346
leaf_weight=56930.780245184898 93697.429332450032 2730.3519450128078 45492.129059508443 66173.774381801486 52659.079412057996 67889.80925822258 28996.620551779866 12821.402683511376 5060.6432734429836 88828.017655089498 81384.376989096403 7787.8563968092203 91911.193637818098 8582.7999601960182 9036.3683377355337
leaf_count=318087 404660 14244 182259 271167 250527 401298 116997 66505 24901 414825 449696 33773 468848 34568 39153
internal_value=-4.11498e-05 -0.00818084 0.0139484 0.00924497 -0.00321246 -0.0141791 0.0242393 -0.000775157 0.00615545 3.23623e-05 -0.012196 0.0137478 -0.00718637 0.0213583 0.00680892
internal_weight=719983 455155 264828 181756 248950 206205 83071.5 154308 107794 141487 138315 73961.6 94641.5 54074.9 102734
internal_count=3491508 2384030 1107478 773654 1214949 1169081 333824 731857 468714 665352 767783 304940 483092 216827 443813
is_linear=0
shrinkage=0.0206149


Tree=26
num_leaves=16
num_cat=0
split_feature=2 2 0 24 20 21 16 22 23 16 20 2 2 23 0
split_gain=175136 33436.6 24806.9 10797.1 7158.96 5711.59 3503.97 2807.14 2956.73 2565.82 2519.65 2473.69 2177.49 1763.37 1545.62
threshold=2.5000000000000004 4.5000000000000009 4.5000000000000009 8.5000000000000018 1.0416655286470824 8.498279917078472 5.5000000000000009 1.0000000180025095e-35 2.4005994537975353 5.5000000000000009 1.2121192778956826 3.5000000000000004 3.5000000000000004 2.7960288739116739 1.5000000000000002
decision_type=2 2 2 2 2 2 2 2 2 2 2 2 2 2 2
left_child=2 4 3 9 11 10 -5 -4 -9 -1 -3 -2 -6 14 -8
right_child=1 5 7 6 12 -7 13 8 -10 -11 -12 -13 -14 -15 -16
leaf_value=-0.012403763249952732 0.0080655773677833272 0.02065251000010479 -0.023428475189491271 -0.0057283760276779019 -0.00054530092449778093 0.028495538771549138 0.0015571258766116304 -0.017004036730912168 -0.010926784041320126 -0.0060388992255264451 0.012235405327208912 0.014714900942245141 0.0062101517318689601 0.0032054939742721489 -0.0053330490634332251
leaf_weight=63665.143566220999 60457.683867618442 53160.077420294285 15381.389446005225 53707.240305915475 45585.50851804018 33665.677823930979 27155.546454787254 72164.016683697701 64368.686067834496 46629.698186784983 21117.916260167956 39188.822501942515 36523.591955006123 57298.184667721391 28207.521047100425
leaf_count=344872 259726 214006 89360 281394 213558 135933 127692 413786 365660 232138 87549 160210 158774 270293 136614
internal_value=-1.72024e-05 0.012364 -0.00838634 -0.00471119 0.00696675 0.0214519 -0.0013953 -0.0150795 -0.0141389 -0.00971287 0.0182594 0.0106806 0.00245964 0.000670341 -0.00195342
internal_weight=718277 289699 428577 276663 181756 107944 166368 151914 136533 110295 74278 99646.5 82109.1 112661 55363.1
internal_count=3491565 1229756 2261809 1393003 792268 437488 815993 868806 779446 577010 301555 419936 372332 534599 264306
is_linear=0
shrinkage=0.0206149


Tree=27
num_leaves=16
num_cat=0
split_feature=3 3 3 3 3 0 0 0 24 0 22 0 24 23 24
split_gain=178722 41687.7 17285.9 6035.72 5937.43 3802.53 2766.27 2148.78 2001.71 1944.12 1649.28 1553.15 1503.5 1456.79 1410.27
threshold=4.5000000000000009 8.5000000000000018 2.5000000000000004 10.500000000000002 6.5000000000000009 5.5000000000000009 2.5000000000000004 4.5000000000000009 10.500000000000002 3.5000000000000004 1.0000000180025095e-35 1.5000000000000002 8.5000000000000018 2.4005994537975353 10.500000000000002
decision_type=2 2 2 2 2 2 2 2 2 2 2 2 2 2 2
left_child=2 4 5 11 7 12 8 14 -4 -6 -8 -3 -1 -12 -2
right_child=1 3 6 -5 9 -7 10 -9 -10 -11 13 -13 -14 -15 -16
leaf_value=-0.013085074123517972 0.00076269343492141718 0.017359615137285084 -0.0050894210873271267 0.025940980002300738 0.010243346644635462 -0.016691545786016969 -0.022299111290026243 -0.0098038374943192601 0.00066067198208460281 -0.0094448291018861819 -0.011186156245622057 0.0036249005401104138 -0.0080584346940506917 -0.0048683730679970911 0.0052249540427609219
leaf_weight=62421.968428373337 50815.920063212514 58727.760981887579 69802.472033202648 54252.320625171065 86847.511543139815 98290.377516284585 3385.4584843367338 5462.610695451498 40747.381673917174 2185.0658498108387 26820.528768897057 3720.5889935940504 42508.053236663342 36782.000199615955 73830.138440936804
leaf_count=348759 230802 236351 345345 218937 364741 586725 17826 28329 196916 10673 138467 15736 233578 188034 330339
internal_value=-3.63745e-06 0.0109583 -0.00967248 0.0209111 0.00565815 -0.013778 -0.0049731 0.00285117 -0.00297 0.00976015 -0.0082788 0.0165413 -0.0110487 -0.00753252 0.00340577
internal_weight=716600 335842 380758 116701 219141 203220 177538 130109 110550 89032.6 66988 62448.3 104930 63602.5 124646
internal_count=3491558 1435908 2055650 471024 964884 1169062 886588 589470 542261 375414 344327 252087 582337 326501 561141
is_linear=0
shrinkage=0.0206149


Tree=28
num_leaves=16
num_cat=0
split_feature=3 3 3 3 3 3 0 24 0 0 0 24 21 22 24
split_gain=170668 40242.9 16989.1 5832.83 5747.13 3848.62 2771.3 2305.66 2068.58 1878.26 1421.53 1319.51 1313.49 1270.85 1172.92
threshold=4.5000000000000009 8.5000000000000018 2.5000000000000004 10.500000000000002 6.5000000000000009 1.5000000000000002 3.5000000000000004 8.5000000000000018 3.5000000000000004 1.5000000000000002 1.5000000000000002 10.500000000000002 9.3677927501272205 1.0000000180025095e-35 6.5000000000000009
decision_type=2 2 2 2 2 2 2 2 2 2 2 2 2 2 2
left_child=2 4 5 10 8 -1 7 -4 11 -6 -3 -2 -5 -8 -7
right_child=1 3 6 12 9 14 13 -9 -10 -11 -12 -13 -14 -15 -16
leaf_value=-0.01639885183856931 0.00089800923277510698 0.016969375569555922 -0.0068809746755240393 0.023035514057194506 0.010830563210554469 -0.013679914216204438 -0.023089283224508823 -0.0012419507699990033 -0.0059345126553532624 0.0026746400464019182 0.0037817073083712439 0.005306805694297154 0.029735264448063015 -0.0083930505816223501 -0.0090097977407652009
leaf_weight=102468.97851239145 48795.34618358314 58704.499661013484 49036.258516713977 34637.174598500133 74751.324482038617 35809.15133073926 2657.433293223381 82920.720675170422 10755.673130050302 14294.394256964326 3692.0751826167107 70575.659113094211 19401.453315243125 42369.110305145383 63174.822426855564
leaf_count=609143 220863 236016 245654 139746 311852 203457 14306 404188 54301 62872 15603 313894 78824 221671 355233
internal_value=-1.33213e-05 0.0106889 -0.00950436 0.0204829 0.00548587 -0.0135984 -0.00484432 -0.00333746 0.00272442 0.0095213 0.016189 0.00350462 0.0254409 -0.00926041 -0.0106993
internal_weight=714044 335608 378436 116435 219172 201453 176984 131957 130127 89045.7 62396.6 119371 54038.6 45026.5 98984
internal_count=3487623 1433971 2053652 470189 963782 1167833 885819 649842 589058 374724 251619 534757 218570 235977 558690
is_linear=0
shrinkage=0.0206149


Tree=29
num_leaves=16
num_cat=0
split_feature=3 3 3 18 3 0 0 18 18 0 0 0 18 18 22
split_gain=164286 38611.3 16645.5 5847.71 5544.81 3815.46 2681.92 2907.31 2264.47 2177.15 1973.94 1856.22 1492.57 1339.21 1187.63
threshold=4.5000000000000009 8.5000000000000018 2.5000000000000004 1.1490740240620738 6.5000000000000009 7.5000000000000009 5.5000000000000009 3.2928567431633158 5.3333320000003708 1.0000000180025095e-35 4.5000000000000009 1.5000000000000002 2.095454345413243 1.5313724529258039 1.0000000180025095e-35
decision_type=2 2 2 2 2 2 2 2 2 2 2 2 2 2 2
left_child=2 4 5 9 10 8 7 14 -1 -3 12 13 -2 -6 -4
right_child=1 3 6 -5 11 -7 -8 -9 -10 -11 -12 -13 -14 -15 -16
leaf_value=-0.0091087252554022304 0.0053929944506229842 0.02617487449360598 -0.020319146856197703 0.015726138566811456 0.013880879262075379 -0.017518979115070471 -0.012236205899710161 -0.0078210033853950839 -0.014500536479440914 0.010770376644117082 -0.0095002201780585872 0.0025367214399480077 0.00088685858837428216 0.0082970738672978328 -0.0016434424078618176
leaf_weight=76323.348358333111 64154.102949753404 50324.081391096115 1467.5000657141209 61968.595593512058 31412.636791184545 65287.798042476177 18217.168782070279 53034.353835061193 58454.893726617098 4226.4793263226748 5427.5832429975271 14321.419194176793 60884.365179523826 43574.008509337902 103945.43551674485
leaf_count=424307 281997 204224 7496 249620 128702 400877 98560 273998 343427 17051 28362 62942 279785 183478 506156
internal_value=-7.51493e-06 0.0104658 -0.00935669 0.0200591 0.00537969 -0.0134286 -0.00474537 -0.00388412 -0.0114472 0.0249814 0.00267054 0.00933736 0.00319884 0.0106362 -0.00190344
internal_weight=713024 336293 376730 116519 219774 200066 176664 158447 134778 54550.6 130466 89308.1 125038 74986.6 105413
internal_count=3490982 1436161 2054821 470895 965266 1168611 886210 787650 767734 221275 590144 375122 561782 312180 513652
is_linear=0
shrinkage=0.0206149


Tree=30
num_leaves=16
num_cat=0
split_feature=3 18 3 0 3 0 18 0 18 18 0 18 0 5 21
split_gain=158060 37575 16223.2 6284.84 5921.91 3806.34 3514.49 2594.43 2659.8 2174.44 1643.37 1553.12 1314.42 1069.55 1047.72
threshold=4.5000000000000009 1.3333332645502682 2.5000000000000004 1.5000000000000002 6.5000000000000009 7.5000000000000009 1.1490740240620738 4.5000000000000009 3.2928567431633158 5.3333320000003708 1.5000000000000002 1.9999997888889116 1.0000000180025095e-35 2.5000000000000004 9.3677927501272205
decision_type=2 2 2 2 2 2 2 2 2 2 2 2 2 2 2
left_child=2 3 5 6 10 9 14 8 -4 -1 11 -3 -6 -5 -2
right_child=1 4 7 13 12 -7 -8 -9 -10 -11 -12 -13 -14 -15 -16
leaf_value=-0.0089883095897837998 0.02283820491833272 0.0072173079910987552 -0.0016185110775166637 0.0055230857471586662 0.01118493120984816 -0.017372539778800315 0.017377586622158967 -0.010313802187755019 -0.0075091818285764438 -0.014289024568623738 -0.00081794771163937597 0.0017560123247668934 0.0062927720847944209 -0.013832422295542943 0.028807938188453751
leaf_weight=75957.139786601067 34136.814546212554 39833.314847186208 98600.908240884542 3087.6444494575262 61130.043455570936 64698.422342121601 48627.257515251637 28966.202230617404 48645.709656447172 58001.95307777822 40557.749627277255 49792.059837967157 37754.325146347284 1998.5755737274885 19706.187735721469
leaf_count=424337 138313 172588 478139 12796 252595 401406 195281 156136 251630 343585 189299 226412 159640 9382 80609
internal_value=-2.01059e-05 0.0102334 -0.00922751 0.0202847 0.00551394 -0.0132665 0.0213949 -0.00467405 -0.00356461 -0.0112834 0.00262515 0.00418324 0.00931709 -0.00208245 0.0250231
internal_weight=711494 336624 374870 107556 229067 198658 102470 176213 147247 133959 130183 89625.4 98884.4 5086.22 53843
internal_count=3492148 1436915 2055233 436381 1000534 1169328 414203 885905 729769 767922 588299 399000 412235 22178 218922
is_linear=0
shrinkage=0.0206149


Tree=31
num_leaves=16
num_cat=0
split_feature=3 18 3 0 3 3 18 0 18 0 18 24 10 22 23
split_gain=152613 35825.5 15932.9 6575.99 5299.85 3688.22 3593.39 2573.46 2623.56 1606.89 1467.49 1156.49 1144.93 1134.66 1137.08
threshold=4.5000000000000009 1.3550419285449535 2.5000000000000004 1.5000000000000002 6.5000000000000009 1.5000000000000002 1.1490740240620738 4.5000000000000009 3.2928567431633158 3.5000000000000004 1.9999997888889116 8.5000000000000018 11.500000000000002 1.0000000180025095e-35 2.6075280761259432
decision_type=2 2 2 2 2 2 2 2 2 2 2 2 2 2 2
left_child=2 3 5 6 9 -1 -2 8 11 10 -3 -4 -6 -7 -15
right_child=1 4 7 -5 12 13 -8 -9 -10 -11 -12 -13 -14 14 -16
leaf_value=-0.015892095657198475 0.024562420542496154 0.005905041654637953 -0.0048316517665123659 -0.0023012782134383815 0.0097314810815253405 -0.019737554548690816 0.016934394269299692 -0.010202547375423573 -0.0073945361866779181 -0.0051541906383670514 0.0013014991762151451 -2.4774972166449546e-05 0.0018135567405359995 -0.011953911571238715 -0.007373079827384982
leaf_weight=99833.273734539747 53658.96723549068 52362.271635517478 31049.51346513629 5495.593125551939 87565.822918355465 5079.0392155796289 51369.537971630692 28862.39190338552 48515.452706202865 10336.799742802978 67185.576572179794 67535.141578748822 8515.7743188142776 47414.087659284472 44774.792356684804
leaf_count=609816 218846 227674 153019 24066 364642 30163 206290 156397 251855 52419 306388 325388 35520 273415 255610
internal_value=-3.4088e-06 0.0100633 -0.00908325 0.0196813 0.00535901 -0.0131086 0.0208315 -0.00457434 -0.00347004 0.00264362 0.00331786 -0.00153871 0.00902971 -0.0102517 -0.00972907
internal_weight=709554 336490 373064 110524 225966 197101 105029 175962 147100 129885 119548 98584.7 96081.6 97267.9 92188.9
internal_count=3491508 1435845 2055663 449202 986643 1169004 425136 886659 730262 586481 534062 478407 400162 559188 529025
is_linear=0
shrinkage=0.0206149


Tree=32
num_leaves=16
num_cat=0
split_feature=3 3 3 18 3 3 2 18 1 1 18 18 24 24 23
split_gain=146101 34603.4 15493.1 5434.45 4701.7 3585.44 2496.97 2606.11 1743.09 1510.04 1508.72 1275.19 1174.89 1083.68 1119.06
threshold=4.5000000000000009 8.5000000000000018 2.5000000000000004 1.0960061006262392 6.5000000000000009 1.5000000000000002 1.0000000180025095e-35 3.2928567431633158 1.0000000180025095e-35 1.0000000180025095e-35 1.9999996904762389 1.4999999208333377 8.5000000000000018 6.5000000000000009 2.4680309202080934
decision_type=2 2 2 2 2 2 2 2 2 2 2 2 2 2 2
left_child=2 4 5 -3 8 -1 -4 12 -2 -6 -10 -11 -8 -7 -15
right_child=1 3 6 -5 9 13 7 -9 10 11 -12 -13 -14 14 -16
leaf_value=-0.015685243851963463 -0.0028953258740020012 0.024871535872361353 -0.011768927069811329 0.015581009944121066 -0.0017948349008226289 -0.013006904419637101 -0.0050122426925603564 -0.0074171381181936651 0.0066462834336705502 0.012451250315610406 0.001668285548222855 0.0072699367602877757 -0.00031712482639608129 -0.011310338784960041 -0.0057600540981518952
leaf_weight=98912.874687284231 21148.469153359532 41723.577089309692 17977.889207035303 74592.238238781691 5519.1823257803917 34898.067479848862 32997.964112058282 52377.801651105285 41851.514877438545 33573.023325294256 67773.135873153806 50626.087962642312 72226.325835004449 30089.931845247746 31703.078038021922
leaf_count=609874 102591 171558 98921 300163 25708 203630 163835 273620 180433 137061 307202 212121 350311 174315 181136
internal_value=-1.49563e-05 0.00981603 -0.00893546 0.0189136 0.00501679 -0.0129257 -0.0044901 -0.0036598 0.00252338 0.00865117 0.00356874 0.0093359 -0.0017895 -0.0101028 -0.00846275
internal_weight=707991 336807 371184 116316 220491 195604 175580 157602 130773 89718.3 109625 84199.1 105224 96691.1 61793
internal_count=3492479 1436837 2055642 471721 965116 1168955 886687 787766 590226 374890 487635 349182 514146 559081 355451
is_linear=0
shrinkage=0.0206149


Tree=33
num_leaves=16
num_cat=0
split_feature=3 3 3 18 3 2 22 18 18 2 1 1 18 22 23
split_gain=140713 33566.7 15011.5 5332.91 4587.07 3668.14 2454.96 2318.74 1870.85 1796.12 1608.83 1524.33 1438.32 1415.26 1429.71
threshold=4.5000000000000009 8.5000000000000018 2.5000000000000004 1.1249999414062535 6.5000000000000009 1.0000000180025095e-35 1.0000000180025095e-35 3.2928567431633158 4.3333322500003018 1.0000000180025095e-35 1.0000000180025095e-35 1.0000000180025095e-35 2.095454345413243 1.0000000180025095e-35 2.4005994537975353
decision_type=2 2 2 2 2 2 2 2 2 2 2 2 2 2 2
left_child=2 4 5 -3 10 13 -4 9 -7 -8 -2 -6 -12 -1 -15
right_child=1 3 6 -5 11 8 7 -9 -10 -11 12 -13 -14 14 -16
leaf_value=-0.022678372236215993 -0.0027869348812177412 0.023842741524237144 -0.020845861170681872 0.014868210743587476 -0.0019952447009478382 -0.0061275434358365024 -0.010444944754168468 -0.0074725726662185988 -0.01205527383617957 -0.0015543381699223621 0.0057180162735554346 0.0091599598860505286 0.00099382894042966425 -0.017231356130304621 -0.011764499153468664
leaf_weight=10950.154514700174 21104.90268060565 48071.984627425671 3793.320398285985 67859.756897360086 5547.7223435640335 34242.690549790859 10650.041424915195 57058.936538472772 66701.873329922557 103546.56374377012 56510.990494713187 84454.055164322257 53145.23034568131 45510.585592091084 36743.263790667057
leaf_count=69777 102499 197843 20598 272945 25853 188095 58949 300489 393947 505910 244771 349687 242536 287353 229845
internal_value=-3.05989e-05 0.00960745 -0.00882015 0.0185896 0.00489057 -0.0127672 -0.0044424 -0.00407907 -0.0100445 -0.00238348 0.00242526 0.00847235 0.00342842 -0.0157161 -0.0147893
internal_weight=705892 336695 369197 115932 220763 194149 175049 171256 100945 114197 130761 90001.8 109656 93204 82253.8
internal_count=3491097 1436134 2054963 470788 965346 1169017 885946 865348 582042 564859 589806 375540 487307 586975 517198
is_linear=0
shrinkage=0.0206149


Tree=34
num_leaves=16
num_cat=0
split_feature=3 3 3 18 3 0 0 0 18 18 0 0 22 23 18
split_gain=135432 32484.1 14493.9 5199.42 4471.24 3689.68 2427.38 2105.86 2007.47 2002.5 1736.8 1663.94 1523.78 1404.1 1257.28
threshold=4.5000000000000009 8.5000000000000018 2.5000000000000004 1.1490740240620738 6.5000000000000009 6.5000000000000009 2.5000000000000004 1.0000000180025095e-35 5.4999988541669156 3.1339281516263324 4.5000000000000009 3.5000000000000004 1.0000000180025095e-35 2.4005994537975353 1.9999997638889173
decision_type=2 2 2 2 2 2 2 2 2 2 2 2 2 2 2
left_child=2 4 5 7 10 8 9 -3 -1 -4 14 -6 -8 -14 -2
right_child=1 3 6 -5 11 -7 12 -9 -10 -11 -12 -13 13 -15 -16
leaf_value=-0.0080239397541059538 0.0052451639055653386 0.024168259387240831 -0.00014632810236260547 0.014212773608733237 0.0087722588781689419 -0.016059331020047921 -0.021370291780658798 0.00903955115134796 -0.013568571132142606 -0.0058101998999547343 -0.0090947477937526507 -0.0094257999220711992 -0.010426497526931325 -0.0041547299828968987 0.0010760744536777687
leaf_weight=69547.458874136209 53672.675370767713 49449.506567344069 64170.305596500635 62114.912128657103 87973.368517652154 77023.068187654018 3204.3639521002769 4245.817808136344 46174.144858002663 45223.703321054578 5388.4337635040283 2188.3586699962616 26185.802597075701 36059.578792855144 71948.551389798522
leaf_count=394747 233561 204125 307551 249730 364962 493595 17764 17163 280905 234871 28456 10700 138601 187983 328521
internal_value=-1.08179e-05 0.00942885 -0.0086645 0.018274 0.00479735 -0.0125633 -0.00436659 0.022972 -0.0102363 -0.00248778 0.00236576 0.00833057 -0.00750686 -0.00679318 0.00285735
internal_weight=704570 336982 367588 115810 221171 192745 174844 53695.3 115722 109394 131010 90161.7 65449.7 62245.4 125621
internal_count=3493235 1437218 2056017 471018 966200 1169247 886770 221288 675652 542422 590538 375662 344348 326584 562082
is_linear=0
shrinkage=0.0206149


Tree=35
num_leaves=16
num_cat=0
split_feature=3 3 3 3 0 0 24 0 24 24 20 15 22 23 10
split_gain=129725 31231.4 14293.8 5167.74 4181.24 3591.3 2913.39 2364.07 1778.08 1752.2 1616 1519.42 1508.63 1430.79 1390.65
threshold=4.5000000000000009 8.5000000000000018 2.5000000000000004 10.500000000000002 1.5000000000000002 7.5000000000000009 10.500000000000002 2.5000000000000004 10.500000000000002 6.5000000000000009 0.27415922373873075 14.500000000000002 1.0000000180025095e-35 2.4005994537975353 8.5000000000000018
decision_type=2 2 2 2 2 2 2 2 2 2 2 2 2 2 2
left_child=2 4 5 -3 6 9 -2 8 -4 -1 -6 14 -9 -14 -8
right_child=1 3 7 -5 10 -7 11 12 -10 -11 -12 -13 13 -15 -16
leaf_value=-0.013342781165005915 0.0022638833077666693 0.013899980852119919 -0.0044086272575001141 0.022650402625041231 -0.012439840567876195 -0.016502055616642961 0.0088764338997695032 -0.021248330877218224 0.001037752927449278 -0.0084670086322621175 0.0007896676223901098 0.013403076170800228 -0.010330148338083017 -0.0039803449129783442 0.0036066642927738242
leaf_weight=52930.437546655536 51800.976060017943 62633.044009894133 68719.230441883206 52911.449989452958 4250.8894500434399 61624.233828485012 62431.813013553619 3159.4062385857105 40479.559020459652 76727.93783134222 51007.503189280629 19471.104286789894 25979.799112528563 35946.568257331848 32286.825766444206
leaf_count=318149 227168 251788 345199 218957 22014 401082 266561 17719 196931 449720 231675 79548 138220 187743 138647
internal_value=-1.00128e-05 0.00922026 -0.00851378 0.0179071 0.00468369 -0.0124048 0.00631881 -0.00424327 -0.00238968 -0.0104574 -0.000228045 0.00815828 -0.00735317 -0.00664426 0.00708012
internal_weight=702361 336794 365567 115544 221249 191283 165991 174285 109199 129658 55258.4 114190 65085.8 61926.4 94718.6
internal_count=3491121 1436358 2054763 470745 965613 1168951 711924 885812 542130 767869 253689 484756 343682 325963 405208
is_linear=0
shrinkage=0.0206149


Tree=36
num_leaves=16
num_cat=0
split_feature=3 18 18 2 3 6 21 3 1 18 10 10 6 22 23
split_gain=124359 30187 13997.2 6380.96 5574.73 4917.82 2549.54 2141.4 2062.26 2031.98 1382.64 1319.13 1161.72 1117.11 1063.87
threshold=4.5000000000000009 1.2999999025000084 4.1833325661112539 1.0000000180025095e-35 6.5000000000000009 1.0000000180025095e-35 9.3677927501272205 1.5000000000000002 1.0000000180025095e-35 3.1339281516263324 10.500000000000002 11.500000000000002 1.0000000180025095e-35 1.0000000180025095e-35 2.3796303120642137
decision_type=2 2 2 2 2 2 2 2 2 2 2 2 2 2 2
left_child=2 5 3 14 10 8 -7 -4 -2 13 -3 12 -6 -5 -1
right_child=1 4 7 9 11 6 -8 -9 -10 -11 -12 -13 -14 -15 -16
leaf_value=-0.016249502185919893 -0.015785624598393607 0.0032415060720324333 -0.015248530889804433 -0.019576537933562236 0.0063730148238551792 0.018710252368411825 0.027158383940297803 -0.010442696691788836 0.010392808520494918 -0.0057435628629154663 -0.0022679370922270032 0.001152767238966241 0.010926731188326957 -0.00092775582742346346 -0.0091308131299793188
leaf_weight=18216.544643461704 1415.4797063022852 107345.75089766085 84079.808295801282 1385.068963304162 38156.236530020833 59977.893977224827 20325.712886571884 74152.079626038671 13247.94036783278 73971.542993292212 23616.597094655037 9427.206938162446 63315.996198326349 94582.780226424336 17485.53335031867
leaf_count=110988 6649 482590 538181 7406 159657 244535 85134 436220 53405 393424 106724 39026 258771 464311 104597
internal_value=-3.14019e-05 0.00899516 -0.00838707 -0.00484042 0.00512803 0.018844 0.0208486 -0.0129964 0.00786577 -0.00317598 0.00224798 0.00852912 0.00921441 -0.00119691 -0.012763
internal_weight=700702 336829 363873 205641 241862 94967 80303.6 158232 14663.4 169939 130962 110899 101472 95967.8 35702.1
internal_count=3491618 1436491 2055127 1080726 1046768 389723 329669 974401 60054 865141 589314 457454 418428 471717 215585
is_linear=0
shrinkage=0.0206149


Tree=37
num_leaves=16
num_cat=0
split_feature=3 18 18 0 0 18 21 0 9 24 3 23 0 23 22
split_gain=120186 29344.6 13469.2 6150.54 5983.43 4114.04 3074.4 2897.29 2574.75 2172 2131.71 1642.18 1284.74 1045.85 1164.41
threshold=4.5000000000000009 1.3550419285449535 4.1833325661112539 5.5000000000000009 1.0000000180025095e-35 1.8749998242187684 8.2718312277861497 3.5000000000000004 0.00019500000000000005 8.5000000000000018 1.5000000000000002 2.8295142007679615 1.0000000180025095e-35 2.4159340524668083 1.0000000180025095e-35
decision_type=2 2 2 2 2 2 2 2 2 2 2 2 2 2 2
left_child=2 4 3 9 6 7 -2 12 -6 -1 -4 -11 -3 -5 -15
right_child=1 5 10 13 8 -7 -8 -9 -10 11 -12 -13 -14 14 -16
leaf_value=-0.0061879296138776701 0.016817676431996911 0.009650601289642886 -0.015063499009805274 -0.016002983899681612 -0.013819383188321455 0.001610457071812266 0.02463300762605598 -0.0080081701973743671 0.0099361313484818709 -0.003777928650621847 -0.010250896847020952 0.0013433366335222376 0.0052856141102998978 -0.023193931284614493 -0.006891713794877118
leaf_weight=62896.562576726079 54775.783528223634 68952.631337895989 83288.631231844425 18371.879779726267 2182.8675111085176 104102.31779761612 35096.45774397254 5117.0602351427078 17352.51246522367 56328.470662131906 73745.979108422995 50432.657043576241 49033.295965701342 2126.3837649524212 14973.539228960872
leaf_count=327937 222788 283946 538144 112999 10363 470212 146263 25912 69997 284901 436464 252218 206150 13449 89339
internal_value=-1.73036e-05 0.00885071 -0.00825967 -0.00478124 0.017622 0.004627 0.0198697 0.00717795 0.00728171 -0.00314903 -0.0128034 -0.00135871 0.00783657 -0.012588 -0.0089189
internal_weight=698777 336613 362164 205129 109408 227205 89872.2 123103 19535.4 169658 157035 106761 117986 35471.8 17099.9
internal_count=3491082 1435631 2055451 1080843 449411 986220 369051 516008 80360 865056 974608 537119 490096 215787 102788
is_linear=0
shrinkage=0.0206149


Tree=38
num_leaves=16
num_cat=0
split_feature=3 18 18 0 0 3 18 24 18 0 18 21 22 0 0
split_gain=114950 28175.8 13260 6019.4 5284.28 4140.32 3142.21 2367.72 1686.81 1386.33 1225.68 1222.64 1150.25 1137.23 1032.25
threshold=4.5000000000000009 1.3333332645502682 4.3333322500003018 5.5000000000000009 1.5000000000000002 6.5000000000000009 1.0465367478331578 8.5000000000000018 6.2916648298616584 1.5000000000000002 1.9999997888889116 7.9721794323999591 1.0000000180025095e-35 1.5000000000000002 1.0000000180025095e-35
decision_type=2 2 2 2 2 2 2 2 2 2 2 2 2 2 2
left_child=2 4 3 7 6 9 -2 -1 -4 10 -3 -8 -5 -9 -7
right_child=1 5 8 12 -6 14 11 13 -10 -11 -12 -13 -14 -15 -16
leaf_value=-0.0063316988114495544 0.024961038156119202 0.0063147995242539227 -0.010919695014815496 -0.023456996353075122 -0.0030089070461038828 0.0094323755562265299 0.014554200158601416 0.00064066005023900234 -0.015433065354776718 -0.00095553783268954092 0.0014837272595303412 0.020028162946196602 -0.011134870572914511 -0.003522868380529902 0.0051166696232960926
leaf_weight=68456.834531351924 24307.546112149954 40226.787110626698 76426.61148776114 3542.0054227411747 5097.619417950511 61805.324564144015 49984.16104605794 55222.924234077334 65222.046689450741 40495.94769243896 50129.332805514336 26551.386146321893 35352.967697679996 56305.81579066813 38054.819380283356
leaf_count=360298 103889 172309 467857 22793 22166 252650 202009 273953 424395 188857 226726 108175 216447 289924 159289
internal_value=5.38793e-06 0.00866783 -0.00808338 -0.00490296 0.0174688 0.00462651 0.018504 -0.00331375 -0.0129979 0.002214 0.00363453 0.0164532 -0.012257 -0.00146132 0.00778774
internal_weight=697182 336653 360529 218881 105941 230712 100843 179986 141649 130852 90356.1 76535.5 38895 111529 99860.1
internal_count=3491737 1436070 2055667 1163415 436239 999831 414073 924175 892252 587892 399035 310184 239240 563877 411939
is_linear=0
shrinkage=0.0206149


Tree=39
num_leaves=16
num_cat=0
split_feature=3 18 18 2 6 18 21 1 9 24 18 10 10 22 5
split_gain=111078 27115 12969.4 5765.23 5557.22 3759.08 2999.91 2426.76 2398.88 2296.48 1661.21 1280.04 1279.21 1123.23 946.787
threshold=4.5000000000000009 1.3550419285449535 4.3333322500003018 1.0000000180025095e-35 1.0000000180025095e-35 1.8749998242187684 8.2718312277861497 1.0000000180025095e-35 0.00019500000000000005 8.5000000000000018 6.2916648298616584 11.500000000000002 7.5000000000000009 1.0000000180025095e-35 4.5000000000000009
decision_type=2 2 2 2 2 2 2 2 2 2 2 2 2 2 2
left_child=2 4 3 13 8 7 -6 14 -2 -5 -4 -9 -11 -1 -3
right_child=1 5 10 9 6 -7 -8 11 -10 12 -12 -13 -14 -15 -16
leaf_value=-0.023269889014860282 -0.013422451310566368 0.00090113277470279445 -0.010825523926287727 -0.0062845868543456038 0.016097669220456398 0.0015496618029228204 0.023840550748150332 0.0084276793842716601 0.0095321982235797142 0.00065464708050830419 -0.015323464541971627 0.00058901164773650383 -0.0037680022101999828 -0.010983325307220217 -0.013520050826707227
leaf_weight=3474.7995036691427 2177.5260097533464 8066.762882694602 75927.959790065885 68282.168920040131 54654.176368355751 104259.84550777078 34808.138094440103 103044.07537299395 17354.505028545856 57519.741316333413 64568.638140961528 9685.3070529550314 53778.64304946363 35133.507697433233 2545.0931213349104
leaf_count=22692 10402 37203 467789 360483 223042 470379 146356 425240 70022 290507 424204 40122 272646 216521 13398
internal_value=-2.56317e-05 0.00848022 -0.00800764 -0.00486207 0.0169353 0.00443124 0.0191103 0.00686702 0.0069731 -0.00330831 -0.0128927 0.00775421 -0.00148235 -0.0120891 -0.00255757
internal_weight=695281 336595 358685 218189 108994 227601 89462.3 123341 19532 179581 140497 112729 111298 38608.3 10611.9
internal_count=3491006 1436164 2054842 1162849 449822 986342 369398 515963 80424 923636 891993 465362 563153 239213 50601
is_linear=0
shrinkage=0.0206149


Tree=40
num_leaves=16
num_cat=0
split_feature=18 18 18 0 0 18 18 0 18 22 21 23 0 22 23
split_gain=104115 21581.3 19116.6 8815.47 5096.49 3458.47 3151.17 2845.48 1783.86 1614.87 1519.91 1503.53 1288.27 1238.57 1315.75
threshold=1.9999997638889173 3.5857136706123538 1.1999999460000026 3.5000000000000004 4.5000000000000009 6.2916648298616584 1.5313724529258039 1.0000000180025095e-35 2.6833330872222456 1.0000000180025095e-35 9.3677927501272205 2.7960288739116739 1.0000000180025095e-35 1.0000000180025095e-35 2.3796303120642137
decision_type=2 2 2 2 2 2 2 2 2 2 2 2 2 2 2
left_child=2 4 7 6 8 9 12 10 -2 -3 -1 -11 -4 -6 -15
right_child=1 5 3 -5 13 -7 -8 -9 -10 11 -12 -13 -14 14 -16
leaf_value=0.018825024561529506 0.00098033121003294902 -0.01898693939826155 0.012759047210227791 -0.011075098615547927 -0.023103233328296651 -0.01516066249468561 0.0055263347970281257 0.007863403728977255 -0.002988627413501073 -0.010780424013413082 0.025839765540809759 -0.0063014332143331879 0.0072096240891447545 -0.012675112598125036 -0.0041062675637253791
leaf_weight=42318.343285799026 113859.55730777979 7011.6622563153505 55282.681043446064 10962.533296734095 2598.4236392527819 63931.632515132427 101081.84388430417 7909.6397027373314 83356.972156748176 73123.102029979229 19029.439169809222 56429.287803724408 26204.252318128943 14834.829218283296 15648.223255962133
leaf_count=175743 526090 45157 222761 58654 16622 424061 427873 32242 424065 438261 81712 331018 107377 89222 90460
internal_value=-2.02545e-05 -0.00625841 0.010206 0.00687991 -0.00195322 -0.0112035 0.00795804 0.0195005 -0.000697218 -0.00935102 0.0210009 -0.0088295 0.0109745 -0.00944096 -0.00827637
internal_weight=693582 430794 262789 193531 230298 200496 182569 69257.4 197217 136564 61347.8 129552 81486.9 33081.5 30483.1
internal_count=3491318 2384956 1106362 816665 1146459 1238497 758011 289697 950155 814436 257455 769279 330138 196304 179682
is_linear=0
shrinkage=0.0206149


Tree=41
num_leaves=16
num_cat=0
split_feature=3 18 3 0 3 0 21 24 0 18 0 0 18 24 18
split_gain=102967 25300.9 12498.8 4802.98 3839.97 3493.67 2832.24 2150.19 2044.81 1915.76 1673.83 1238.61 1217.68 1107.13 1044.91
threshold=4.5000000000000009 1.3333332645502682 2.5000000000000004 1.0000000180025095e-35 6.5000000000000009 7.5000000000000009 9.3677927501272205 6.5000000000000009 2.5000000000000004 5.4999988541669156 2.5000000000000004 4.5000000000000009 2.6833330872222456 10.500000000000002 1.1490740240620738
decision_type=2 2 2 2 2 2 2 2 2 2 2 2 2 2 2
left_child=2 3 5 6 11 9 14 -4 -5 -1 12 13 -9 -3 -2
right_child=1 4 7 8 -6 -7 -8 10 -10 -11 -12 -13 -14 -15 -16
leaf_value=-0.0074564379941895916 0.019357830693160612 8.4722189551332414e-05 -0.0087276136724710966 0.0093043148152489562 0.0073784159486989919 -0.015661866179068333 0.025346347068431693 0.0021971941222718411 -0.013222079372328647 -0.012659618325073264 -0.0056284443439043605 -0.0079533307704462326 -0.0028047725372372981 0.0040198093641315956 0.014174790003006477
leaf_weight=74522.589168429375 30168.262779563665 51217.068323895335 30551.39033664763 16477.778113365173 100133.65315514803 58460.083649814129 20092.227114871144 32531.51252938807 1911.1220677942038 50417.01124919951 52240.748771756887 5090.2192115038633 56788.027444183826 74700.42309640348 36564.737819865346
leaf_count=441562 127109 230569 162956 66468 411965 401406 86533 153073 9167 326315 279616 27336 290527 329781 147366
internal_value=-2.23131e-05 0.00815377 -0.00775784 0.0165339 0.00433918 -0.0115023 0.0185609 -0.00376775 0.00696319 -0.00955608 -0.00269732 0.00201619 -0.000982981 0.00241921 0.0165179
internal_weight=691867 336355 355511 105214 231141 183400 86825.2 172112 18388.9 124940 141560 131008 89319.5 125917 66733
internal_count=3491749 1436294 2055455 436643 999651 1169283 361008 886172 75635 767877 723216 587686 443600 560350 274475
is_linear=0
shrinkage=0.0206149


Tree=42
num_leaves=16
num_cat=0
split_feature=3 18 0 18 3 0 18 22 23 24 0 24 10 23 10
split_gain=98944.8 24508.8 12160.7 7261.44 4328.3 4212.11 2496.87 2076.2 2126.34 1391.46 1317.5 1253.79 1182.65 1142.59 1122.53
threshold=4.5000000000000009 1.2999999025000084 5.5000000000000009 3.5857136706123538 6.5000000000000009 1.5000000000000002 1.0465367478331578 1.0000000180025095e-35 2.4005994537975353 6.5000000000000009 4.5000000000000009 9.5000000000000018 11.500000000000002 2.8295142007679615 10.500000000000002
decision_type=2 2 2 2 2 2 2 2 2 2 2 2 2 2 2
left_child=2 5 3 11 10 6 -2 -4 -9 -5 14 -1 -6 -13 -3
right_child=1 4 7 9 12 -7 -8 8 -10 -11 -12 13 -14 -15 -16
leaf_value=-0.0040537570806235381 0.023624016715048258 0.0033319987195086355 -0.021983323855787506 -0.011731430706314392 0.008177610302965415 -0.0041267547302194325 0.015817470884766646 -0.01544056801020628 -0.0091445316842650518 -0.0071297777948746638 -0.0082134385312443003 -0.0024740170459028495 0.00055287470915843702 0.0027187929069243315 -0.0017455552304281494
leaf_weight=60409.547596946359 23678.405938908458 103647.94320735335 11153.545849144459 45154.905770644546 102042.68171702325 3854.1153437644243 65787.856724604964 49905.747491940856 41964.990039929748 73188.32831145823 5148.5074733048677 38256.656554713845 9445.2559614628553 34020.322354853153 22524.401162400842
leaf_count=310860 103772 460356 77107 274849 418481 16735 269153 333755 274009 426481 27758 191304 38935 167895 100684
internal_value=-1.53485e-05 0.00799547 -0.0076206 -0.00517304 0.00454447 0.0169746 0.0178836 -0.0135843 -0.0125646 -0.00888558 0.00200844 -0.00186182 0.00753164 -2.97938e-05 0.00242555
internal_weight=690183 336129 354054 251030 242809 93320.4 89466.3 103024 91870.7 118343 131321 132687 111488 72277 126172
internal_count=3492134 1435874 2056260 1371389 1046214 389660 372925 684871 607764 701330 588798 670059 457416 359199 561040
is_linear=0
shrinkage=0.0206149


Tree=43
num_leaves=16
num_cat=0
split_feature=3 18 0 18 3 0 22 3 3 0 10 18 18 0 18
split_gain=95549 23812.2 11920 6234.93 4174.73 4071.65 2546.06 2474.71 2010.81 1217.04 1167.7 1042.33 1042.14 999.019 914.818
threshold=4.5000000000000009 1.2999999025000084 4.5000000000000009 3.5857136706123538 6.5000000000000009 1.5000000000000002 1.0000000180025095e-35 11.500000000000002 1.5000000000000002 3.5000000000000004 4.5000000000000009 5.4999988541669156 2.095454345413243 1.5000000000000002 2.5999996100000655
decision_type=2 2 2 2 2 2 2 2 2 2 2 2 2 2 2
left_child=2 5 3 14 9 7 -4 -2 -8 12 -6 -5 -3 -12 -1
right_child=1 4 6 11 10 -7 8 -9 -10 -11 13 -13 -14 -15 -16
leaf_value=0.00093825805611668864 0.015378017921810958 0.0043932902084662696 -0.02131422063881511 -0.0070386583200794627 0.010673897524119165 -0.0040293631493994132 -0.014372397129824698 0.022897948757024889 -0.0089257363335059018 -0.0048255710385892731 0.006879236729901708 -0.011555018474117981 0.00056448884668411923 -0.00027227392078180249 -0.0028139444703706713
leaf_weight=41896.556460082531 62819.930217757821 62257.955021545291 12668.821541398764 70138.207358255982 32404.060896649957 3856.9984635710716 56148.092006698251 26418.926288217306 59151.099271804094 10363.477968201041 69784.927311643958 31456.214696601033 58689.786108359694 9421.9499003887177 80999.904030919075
leaf_count=200670 257103 267982 87497 399670 132966 16771 387577 116142 362433 53419 284067 202501 267005 40473 416028
internal_value=-2.22095e-05 0.00784321 -0.00752074 -0.00465843 0.00444594 0.016708 -0.012542 0.0176043 -0.0115781 0.00195442 0.00737723 -0.00843704 0.00253537 0.00602854 -0.00153478
internal_weight=688477 336018 352459 224491 242922 93095.9 127968 89238.9 115299 131311 111611 101594 120948 79206.9 122896
internal_count=3492304 1435928 2056376 1218869 1045912 390016 837507 373245 750010 588406 457506 602171 534987 324540 616698
is_linear=0
shrinkage=0.0206149


Tree=44
num_leaves=16
num_cat=0
split_feature=3 18 2 18 6 18 21 22 23 6 27 20 23 18 18
split_gain=91605.1 22998.6 11532.3 6699.47 4848.33 3157.77 2815.18 2037.19 2093.28 1942.28 1915.14 1489.08 1246.9 1006.85 1000.96
threshold=4.5000000000000009 1.3550419285449535 1.0000000180025095e-35 3.749999296875147 1.0000000180025095e-35 1.8749998242187684 9.3677927501272205 1.0000000180025095e-35 2.4005994537975353 1.0000000180025095e-35 1.0000000180025095e-35 0.27415922373873075 2.7960288739116739 6.2916648298616584 1.1490740240620738
decision_type=2 2 2 2 2 2 2 2 2 2 2 2 2 2 2
left_child=2 4 7 12 10 9 14 -1 -9 11 -2 -3 -4 -5 -6
right_child=1 5 3 13 6 -7 -8 8 -10 -11 -12 -13 -14 -15 -16
leaf_value=-0.021724850908653649 0.0084146077440992242 -0.011942389598458789 -0.0041348998150748184 -0.0078407059305278057 0.018426921406171418 0.0013091168541741055 0.024432371626938697 -0.015148250320456538 -0.0088565316411952436 0.008462644935659706 -0.012716413719005355 0.0040278706201071759 -0.00028734321795008687 -0.012564644863513011 0.013394129541610331
leaf_weight=10831.808344230056 17419.614521414042 2605.5388694256544 68561.779180541635 80687.805373713374 29822.329082503915 104369.00111210346 19737.644592285156 49036.766258016229 41483.431622475386 69432.120440617204 2035.7335025072098 51979.315468847752 74897.883189335465 25150.97141841054 38443.328890100121
leaf_count=77044 70474 13410 351200 473827 127324 469622 86566 333736 274422 283958 9838 219284 379755 165164 155398
internal_value=-4.27993e-05 0.00765187 -0.00741257 -0.00502883 0.0155165 0.00395147 0.0175753 -0.0132759 -0.0122649 0.00617519 0.00620354 0.00326555 -0.00212616 -0.00896328 0.0155927
internal_weight=686495 335845 350650 249298 107459 228386 88003.3 101352 90520.2 124017 19455.3 54584.9 143460 105839 68265.7
internal_count=3491022 1435874 2055148 1369946 449600 986274 369288 685202 608158 516652 80312 232694 730955 638991 282722
is_linear=0
shrinkage=0.0206149


Tree=45
num_leaves=16
num_cat=0
split_feature=3 18 3 18 0 3 0 18 0 10 24 24 10 10 0
split_gain=88049.2 22101.9 11434.8 4203.5 3965.97 3750.39 3008.81 2021.94 1600.82 1231.14 1197.3 1144.71 1138.94 1131.52 970.522
threshold=4.5000000000000009 1.2999999025000084 1.5000000000000002 3.5857136706123538 1.0000000180025095e-35 6.5000000000000009 5.5000000000000009 1.0465367478331578 2.5000000000000004 10.500000000000002 6.5000000000000009 9.5000000000000018 11.500000000000002 7.5000000000000009 8.5000000000000018
decision_type=2 2 2 2 2 2 2 2 2 2 2 2 2 2 2
left_child=2 4 14 6 7 9 11 -2 -6 -3 -5 -4 -7 -13 -1
right_child=1 5 3 10 8 12 -8 -9 -10 -11 -12 13 -14 -15 -16
leaf_value=-0.011900540638351957 0.023103115319233484 0.0028278318807912249 -0.0038403035582396682 -0.011067980847506627 0.0084518517814593918 0.0076638008463433818 -0.010487757810857654 0.015805084829983086 -0.014742024593831241 -0.0023705945843295532 -0.0065735321933237086 0.0025220678788681308 0.00017928156192701237 -0.002678321879544413 -0.016302372150977417
leaf_weight=52837.733300969005 22826.363717079163 107894.68059563637 59402.083180814981 38627.904486879706 13162.671939685941 102300.75525476038 19094.33095267415 55019.753417760134 1399.0199974626303 23594.761686846614 72401.289755046368 37176.164023533463 9437.535543680191 34081.735011339188 35647.11495642364
leaf_count=353421 102265 482195 306462 237968 53234 418553 119141 227521 6777 106409 428493 184370 38854 169874 256267
internal_value=-2.45867e-05 0.00751546 -0.00727033 -0.00509758 0.016098 0.00425477 -0.00284399 0.017945 0.00622349 0.00189501 -0.00813719 -0.00172695 0.00703165 3.47885e-05 -0.0136739
internal_weight=684904 335636 349268 260784 92407.8 243228 149754 77846.1 14561.7 131489 111029 130660 111738 71257.9 88484.8
internal_count=3491804 1435808 2055996 1446308 389797 1046011 779847 329786 60011 588604 666461 660706 457407 354244 609688
is_linear=0
shrinkage=0.0206149


Tree=46
num_leaves=16
num_cat=0
split_feature=3 18 0 18 3 0 3 22 23 24 0 23 10 24 0
split_gain=85071.3 21561.7 11336.7 6401.18 3871.35 3750.45 2222.29 2006.77 2060.22 1360.91 1271.25 1234.72 1227.62 1207.37 1029.39
threshold=4.5000000000000009 1.2857142091836784 5.5000000000000009 3.749999296875147 6.5000000000000009 1.5000000000000002 11.500000000000002 1.0000000180025095e-35 2.4005994537975353 8.5000000000000018 1.5000000000000002 2.8295142007679615 4.5000000000000009 6.5000000000000009 1.5000000000000002
decision_type=2 2 2 2 2 2 2 2 2 2 2 2 2 2 2
left_child=2 5 3 9 10 6 -2 -4 -9 -1 -3 -11 -6 -5 -14
right_child=1 4 7 13 12 -7 -8 8 -10 11 -12 -13 14 -15 -16
leaf_value=-0.0047485734147687834 0.014774538417158678 0.0032002333892170573 -0.021525792788360896 -0.011437400932699971 0.010288210937724293 -0.00505484491316259 0.022022697042122133 -0.014918700790880535 -0.0086271146165105717 -0.0027872320731951328 -0.0011816712456281906 0.0019449989963045754 0.0064863756229244628 -0.0069038738753874748 -0.00067718422663235703
leaf_weight=49336.387983262539 58926.665885165334 90882.230670228601 10587.641990631819 41084.24604831636 34232.345988482237 3413.0092799812555 25868.072516366839 48215.585163667798 40864.695761665702 48902.142837256193 40753.134856045246 44986.580596193671 71827.820035859942 63629.27129226923 9672.8024779260159
leaf_count=259484 243098 398996 77095 257943 140002 14867 116101 333997 273912 247699 189970 224062 291772 381000 41485
internal_value=-2.15982e-05 0.00738216 -0.00716912 -0.00480871 0.00426178 0.0161329 0.0169857 -0.013041 -0.0120325 -0.00197647 0.00184363 -0.000519794 0.00701219 -0.0086826 0.00563618
internal_weight=683183 335576 347607 247939 247368 88207.7 84794.7 99667.9 89080.3 143225 131635 93888.7 115733 104714 81500.6
internal_count=3491483 1436291 2055192 1370188 1062225 374066 359199 685004 607909 731245 588966 471761 473259 638943 333257
is_linear=0
shrinkage=0.0206149


Tree=47
num_leaves=16
num_cat=0
split_feature=3 18 0 18 3 0 27 23 0 18 21 23 24 24 0
split_gain=81238.7 21000.3 10831.7 5574.87 5091.19 2660.92 2401.82 2558.05 1966.23 1616.35 1537.09 1215.2 1202.94 1085.34 927.079
threshold=4.5000000000000009 1.2142856492346981 4.5000000000000009 3.5857136706123538 7.5000000000000009 1.0000000180025095e-35 1.0000000180025095e-35 2.4005994537975353 1.5000000000000002 1.9999996904762389 9.3677927501272205 2.4853520910802467 8.5000000000000018 10.500000000000002 1.5000000000000002
decision_type=2 2 2 2 2 2 2 2 2 2 2 2 2 2 2
left_child=2 5 3 13 8 10 -4 -8 9 -3 -2 -10 -5 -1 -7
right_child=1 4 6 12 -6 14 7 -9 11 -11 -12 -13 -14 -15 -16
leaf_value=-0.0029421519452295423 0.016626637282152426 0.0060616076928976239 -0.017041160584022216 -0.0098539930095608991 0.0087746923649815265 0.010083323057668882 -0.013577564535357493 -0.0067956344502136303 -0.0050100315279931204 0.0014811495421428093 0.023755271568529683 0.001631552746401184 -0.0052657894318533707 0.0010165991174721693 -0.006289959988889756
leaf_weight=73205.028079107404 43273.558806061745 70853.77841694653 29461.403117179871 57582.058055311441 83476.816129982471 6708.7031117528677 48921.5241240412 45728.072514355183 18726.974717497826 60863.899248614907 18286.110413372517 31234.571991667151 41993.970666736364 49219.929856538773 1881.8730241656303
leaf_count=373806 184141 294837 206919 354809 337750 27246 332302 297816 87404 271556 82223 142730 247035 242619 8019
internal_value=-1.7579e-05 0.00721416 -0.00702354 -0.00429677 0.00456055 0.0172443 -0.011901 -0.010301 0.00262427 0.00394508 0.0187442 -0.000857897 -0.00791902 -0.00135057 0.00649655
internal_weight=681418 335306 346112 222001 265156 70150.2 124111 94649.6 181679 131718 61559.7 49961.5 99576 122425 8590.58
internal_count=3491212 1435906 2055306 1218269 1134277 301629 837037 630118 796527 566393 266364 230134 601844 616425 35265
is_linear=0
shrinkage=0.0206149


Tree=48
num_leaves=16
num_cat=0
split_feature=3 3 0 3 24 3 23 0 27 23 24 10 15 0 0
split_gain=78453.8 20097.6 10770.5 4390.59 4355.69 2371.59 2180.49 1884.28 1873.97 1994.53 1645.38 1530.49 1327.84 1104.46 995.717
threshold=4.5000000000000009 9.5000000000000018 5.5000000000000009 7.5000000000000009 7.5000000000000009 11.500000000000002 2.8295142007679615 3.5000000000000004 1.0000000180025095e-35 2.3796303120642137 10.500000000000002 6.5000000000000009 3.5000000000000004 1.5000000000000002 1.0000000180025095e-35
decision_type=2 2 2 2 2 2 2 2 2 2 2 2 2 2 2
left_child=2 3 4 7 12 -3 13 10 -4 -10 -2 -12 -1 -6 -5
right_child=1 5 8 14 6 -7 -8 -9 9 -11 11 -13 -14 -15 -16
leaf_value=-0.012062930927865364 0.00041984629165999198 0.013723014362887824 -0.017640818257754366 0.010172775163079462 -0.0023089895790893728 0.021367468267295357 -5.7462385136763477e-05 -0.0053055224067184896 -0.01425428550008641 -0.0074508196468901717 0.0072917566034158094 0.0023874290135974222 -0.0065942770333352798 -0.0069998377903364431 0.0051524957805069342
leaf_weight=28065.142192810774 61088.298712134361 52126.723403766751 24539.488049387932 50020.569561466575 39080.007553473115 25774.712649926543 74819.198925837874 12059.150001630187 39024.114767491817 34503.001293361187 50150.173125490546 58685.862273961306 57583.436544209719 46965.897080034018 25272.446143269539
leaf_count=184033 269034 216916 177805 201205 205939 117236 395791 62105 274359 232936 214269 252146 321897 262315 103453
internal_value=-2.23482e-05 0.00707863 -0.00692956 0.00430091 -0.00463081 0.0162523 -0.00263132 0.00256869 -0.012708 -0.0110617 0.0031275 0.00464728 -0.00838623 -0.00486937 0.0084877
internal_weight=679758 335178 344580 257276 246514 77901.4 160865 181983 98066.6 73527.1 169924 108836 85648.6 86045.9 75293
internal_count=3491439 1436364 2055075 1102212 1369975 334152 864045 797554 685100 507295 735449 466415 505930 468254 304658
is_linear=0
shrinkage=0.0206149


Tree=49
num_leaves=16
num_cat=0
split_feature=3 3 3 3 24 0 3 0 22 24 15 20 22 0 21
split_gain=75293.6 19741.7 10480.8 4108.46 3726.64 2620.84 2351.11 1887.64 1358.91 1347.34 1169.77 1162.36 1159.63 958.941 857.7
threshold=4.5000000000000009 9.5000000000000018 1.5000000000000002 7.5000000000000009 6.5000000000000009 3.5000000000000004 11.500000000000002 1.5000000000000002 1.0000000180025095e-35 10.500000000000002 7.5000000000000009 0.27415922373873075 1.0000000180025095e-35 1.0000000180025095e-35 7.9721794323999591
decision_type=2 2 2 2 2 2 2 2 2 2 2 2 2 2 2
left_child=2 3 12 7 8 10 -3 9 -4 -2 -6 -9 -1 14 -5
right_child=1 6 4 13 5 -7 -8 11 -10 -11 -12 -13 -14 -15 -16
leaf_value=-0.020507135838090901 0.0010060115655401913 0.013536998898624676 -0.01820385062829636 0.0086577332155740195 -0.0028474966019612106 -0.0068092665786256851 0.021172386111760446 -0.011349123474639121 -0.0081283563393526499 0.0053571493851798614 0.0015580082895045879 5.2672452926631448e-05 -0.012274310138401847 0.0049581035626964096 0.015800749938567799
leaf_weight=8021.1325063705444 46946.551649346948 51985.0804233253 6351.3796200752258 41526.403812736273 98995.839060917497 62973.107658758759 25567.585979044437 4141.5783072263002 54531.953404903412 85004.772298827767 34553.899363994598 46038.019584432244 77729.065701276064 25211.323490813375 8628.195888325572
leaf_count=60694 205379 216850 42326 166981 531525 381149 117168 22103 323889 361149 166518 209155 548982 103147 34745
internal_value=-1.52642e-05 0.00693611 -0.00680241 0.00418992 -0.004723 -0.00334239 0.0160542 0.00251486 -0.00917944 0.00380907 -0.00170764 -0.000888376 -0.0130444 0.0082379 0.00988656
internal_weight=678206 335050 343156 257497 257406 196523 77552.7 182131 60883.3 131951 133550 50179.6 85750.2 75365.9 50154.6
internal_count=3491760 1436677 2055083 1102659 1445407 1079192 334018 797786 366215 566528 698043 231258 609676 304873 201726
is_linear=0
shrinkage=0.0206149


Tree=50
num_leaves=16
num_cat=0
split_feature=3 18 18 3 20 6 24 1 18 21 22 18 23 23 22
split_gain=72263.4 18983.8 10318.4 4561.91 4345.27 2465.92 1781.58 1698.59 1573.13 1571.35 1569.04 1357.19 1301.6 1119.29 1152.31
threshold=4.5000000000000009 1.2142856492346981 4.3333322500003018 7.5000000000000009 1.0000000180025095e-35 1.0000000180025095e-35 9.5000000000000018 1.0000000180025095e-35 1.9999996904762389 9.3677927501272205 1.0000000180025095e-35 6.9999979583339416 2.8295142007679615 2.3796303120642137 1.0000000180025095e-35
decision_type=2 2 2 2 2 2 2 2 2 2 2 2 2 2 2
left_child=2 5 4 7 13 -2 -6 -3 -9 -7 -4 -12 -8 -1 -15
right_child=1 3 10 -5 6 9 12 8 -10 -11 11 -13 -14 14 -16
leaf_value=-0.014071792084452767 0.0060337771514836179 -0.0025837275582382673 -0.019331842004261583 0.0082693825399487528 -0.0046464413086635941 0.015716376469373856 -0.0028182702069009832 0.0051780410781295744 0.0010503751521544081 0.022993121693941205 -0.0092256749255535744 -0.014043331363447511 0.002185592415781932 -0.021394355606222392 -0.0048945590833944638
leaf_weight=17938.824684873223 8545.6959552913904 24635.512373179197 9491.8674187213182 83485.389379158616 87244.126319020987 42771.458881050348 47664.865169540048 83454.468600973487 74061.196073636413 17884.63724423945 85464.003582209349 35038.299132019281 41175.606193453074 2030.2540166527033 15775.690206199884
leaf_count=122817 35192 119521 71088 337763 470049 184197 246134 347390 330440 82140 569112 252287 207585 15128 101393
internal_value=-2.2414e-05 0.0067843 -0.00669003 0.00427894 -0.00388424 0.0164013 -0.00255397 0.00245 0.00323728 0.0178619 -0.0112621 -0.0106265 -0.00049909 -0.0104374 -0.00677588
internal_weight=676662 334838 341824 265637 211829 69201.8 176085 182151 157516 60656.1 129994 120502 88840.5 35744.8 17805.9
internal_count=3492236 1436643 2055593 1135114 1163106 301529 923768 797351 677830 266337 892487 821399 453719 239338 116521
is_linear=0
shrinkage=0.0206149


Tree=51
num_leaves=16
num_cat=0
split_feature=3 18 3 3 18 0 0 0 22 21 18 20 22 24 10
split_gain=69332.8 18377.7 10086.2 4327.96 3599.62 2592.08 2404.55 1733.55 1544.46 1518.32 1493.8 1177.03 1147.02 1038.43 959.416
threshold=4.5000000000000009 1.2142856492346981 1.5000000000000002 7.5000000000000009 3.5857136706123538 6.5000000000000009 1.0000000180025095e-35 1.5000000000000002 1.0000000180025095e-35 9.3677927501272205 1.9999996904762389 0.27415922373873075 1.0000000180025095e-35 6.5000000000000009 7.5000000000000009
decision_type=2 2 2 2 2 2 2 2 2 2 2 2 2 2 2
left_child=2 6 12 7 5 8 9 10 -4 -2 -3 -9 -1 -6 -10
right_child=1 3 4 -5 13 -7 -8 11 14 -11 -12 -13 -14 -15 -16
leaf_value=-0.020293643032494459 0.015483459060396321 0.005672607355767122 -0.018506911906139796 0.0080732436129448571 -0.010183954027216131 -0.01163403992982583 0.0059211215995887629 -0.011521749171783491 0.00031006379677308833 0.022666849996462925 0.0012765742423358575 7.6800075233851995e-05 -0.011984726572549516 -0.0059284008227542019 -0.0031877170031574691
leaf_weight=7777.9713043421507 42544.151881411672 71201.287073642015 2266.4112733900547 83577.713491722941 37145.480170503259 11980.813613288105 8564.4540310949087 4045.4220451563597 70404.438868075609 17709.644144490361 60987.13896086812 45977.878110826015 76557.968752354383 70843.700790852308 63279.261609762907
leaf_count=60475 183957 295276 13457 338129 237462 79475 35283 21758 360465 82017 271382 208867 549094 428789 325474
internal_value=-1.56835e-05 0.00664742 -0.00656818 0.00418909 -0.00453069 -0.00244179 0.016142 0.00240749 -0.00163171 0.0175948 0.00364443 -0.000861183 -0.012751 -0.0073922 -0.00134561
internal_weight=674864 334608 340256 265789 255920 147931 68818.3 182212 135950 60253.8 132188 50023.3 84335.9 107989 133684
internal_count=3491360 1436669 2054691 1135412 1445122 778871 301257 797283 699396 265974 566658 230625 609569 666251 685939
is_linear=0
shrinkage=0.0206149


Tree=52
num_leaves=16
num_cat=0
split_feature=3 18 2 18 6 18 1 22 18 1 5 10 22 24 18
split_gain=66982.8 17856.5 9829.63 5483.09 3388.48 3009.22 2134.11 1950.45 1908.64 1405.93 1218.22 1196.81 1111.52 1053.2 987.096
threshold=4.5000000000000009 1.2999999025000084 1.0000000180025095e-35 3.749999296875147 1.0000000180025095e-35 1.6899037283307223 1.0000000180025095e-35 1.0000000180025095e-35 1.0465367478331578 1.0000000180025095e-35 8.5000000000000018 10.500000000000002 1.0000000180025095e-35 6.5000000000000009 2.6833330872222456
decision_type=2 2 2 2 2 2 2 2 2 2 2 2 2 2 2
left_child=2 4 7 12 9 6 -3 -1 -6 -2 -9 -7 -4 -5 -14
right_child=1 5 3 13 8 11 -8 10 -10 -11 -12 -13 14 -15 -16
leaf_value=-0.020797945218687847 -0.01455171558413023 -0.004625494101080211 -0.016605909188798201 -0.010560550492551272 0.021282159469719494 0.0026588359209406142 0.0073260121840612088 -0.0089379607118798884 0.014046750897878728 0.0073363299652214088 -0.013909794991245013 -0.0021805445152865864 0.00082792609733919973 -0.0062582486842088191 -0.0027602419083156003
leaf_weight=9803.5995720177889 1377.5644171833992 6834.8697468489408 2083.7765081971884 39521.677265882492 21748.149343639612 121432.66421501338 89391.924437358975 48408.84667417407 53877.015366256237 13171.337966009974 36914.52849856019 26447.307122841477 51590.398675471544 62294.508336931467 88428.826419502497
leaf_count=77019 6709 32789 12065 257825 102663 534339 361665 331645 227314 53514 276368 117360 251608 381622 467523
internal_value=-1.26909e-05 0.00653552 -0.00646887 -0.00427683 0.0143747 0.00363968 0.00647711 -0.0120896 0.0161275 0.00526386 -0.011089 0.00179335 -0.00166059 -0.00792826 -0.00143817
internal_weight=673327 334281 339046 243919 90174.1 244107 96226.8 95127 75625.2 14548.9 85323.4 147880 142103 101816 140019
internal_count=3492028 1436353 2055675 1370643 390200 1046153 394454 685032 329977 60223 608013 651699 731196 639447 719131
is_linear=0
shrinkage=0.0206149


Tree=53
num_leaves=16
num_cat=0
split_feature=3 18 3 3 18 0 0 0 18 10 21 22 22 22 23
split_gain=64351.3 17428 9755.4 4077.44 3394.21 2415.95 2324.43 1624.63 1440.76 1429.37 1677.51 1331.91 1124.12 1120.83 1124.22
threshold=4.5000000000000009 1.2142856492346981 1.5000000000000002 7.5000000000000009 3.2928567431633158 6.5000000000000009 1.5000000000000002 4.5000000000000009 1.0465367478331578 6.5000000000000009 5.471224972653717 1.0000000180025095e-35 1.0000000180025095e-35 1.0000000180025095e-35 2.4853520910802467
decision_type=2 2 2 2 2 2 2 2 2 2 2 2 2 2 2
left_child=2 6 13 7 5 11 8 9 -2 10 -3 -4 -6 -1 -15
right_child=1 3 4 -5 12 -7 -8 -9 -10 -11 -12 -13 -14 14 -16
leaf_value=-0.020070408131716993 0.020662262146174028 0.0010558890370893693 -0.018610729748209157 0.0077878620413100209 -0.016512919368322266 -0.011736676832492712 -0.0069113389771233167 -0.0085389312354753558 0.014200636830962305 0.00090870187185001518 0.0070615154028363398 -0.00083336100639586021 -0.0063325692790032256 -0.01398051227557426 -0.0089104825384299334
leaf_weight=7562.7938859015703 21882.55318158865 33242.717144697905 1819.6721000373363 83362.935258805752 4786.6529798656702 9874.8996189385653 1880.2637798637152 5709.193427965045 44458.508292719722 94681.060289084911 48753.939416944981 113741.95373590291 124499.84761981666 42167.851765796542 33235.35647495091
leaf_count=60453 103966 145035 10971 337332 33534 66192 7992 31209 189504 411748 209338 577285 758344 311147 237839
internal_value=-1.9485e-05 0.00639687 -0.0063652 0.00401085 -0.00436552 -0.00194961 0.0156914 0.0022845 0.016332 0.00263426 0.00462674 -0.00111329 -0.00670948 -0.0125046 -0.0117458
internal_weight=671660 333971 337689 265750 254723 125437 68221.3 182387 66341.1 176678 81996.7 115562 129287 82966 75403.2
internal_count=3491889 1436124 2055765 1134662 1446326 654448 301462 797330 293470 766121 354373 588256 791878 609439 548986
is_linear=0
shrinkage=0.0206149


Tree=54
num_leaves=16
num_cat=0
split_feature=4 18 0 18 18 0 0 27 23 10 21 24 24 10 24
split_gain=61968.5 16624.3 9492.14 4515.54 3959.25 2931.71 2284.77 2201.35 2475.32 1527.38 1507.37 1229.61 1115.26 964.752 963.318
threshold=2.6999993850001425 1.2142856492346981 4.5000000000000009 3.749999296875147 1.5313724529258039 3.5000000000000004 1.0000000180025095e-35 1.0000000180025095e-35 2.3796303120642137 10.500000000000002 9.3677927501272205 10.500000000000002 10.500000000000002 7.5000000000000009 8.5000000000000018
decision_type=2 2 2 2 2 2 2 2 2 2 2 2 2 2 2
left_child=1 6 3 12 5 -3 10 -4 -9 11 -1 -6 -2 -14 -5
right_child=2 4 7 14 9 -7 -8 8 -10 -11 -12 -13 13 -15 -16
leaf_value=0.014712489673163623 -0.002838025090667831 0.0084259720463191971 -0.016072199479135248 -0.0091910280913998065 0.00063595239791110311 -0.015454470736277388 0.0054240074671498039 -0.012766659902083465 -0.005952499843013318 -0.001746967952774672 0.021945616974267203 0.0045176976293820666 0.0037630688698434378 -0.0018648672790418184 -0.0047764566066419599
leaf_weight=42004.285560309887 79627.942956328392 78474.001203715801 27543.723748251796 50859.322519853711 53365.902746975422 2247.2936255335808 8553.8512642085552 46093.907732829452 44553.180324442685 32775.115846276283 17281.773886859417 99041.168255865574 26823.489597246051 25016.667143717408 35788.125865146518
leaf_count=183992 414213 317914 206978 328185 235731 11768 35357 329325 300706 143764 81875 425749 132882 125200 217972
internal_value=-1.82005e-05 0.00627503 -0.00626347 -0.00371404 0.00395109 0.00776114 0.0153839 -0.0109683 -0.00941749 0.00229028 0.0168209 0.00315849 -0.00130602 0.00104718 -0.00736767
internal_weight=670050 333743 336306 218116 265903 80721.3 67839.9 118191 90647.1 185182 59286.1 152407 131468 51840.2 86647.4
internal_count=3491611 1436150 2055461 1218452 1134926 329682 301224 837009 630031 805244 265867 661480 672295 258082 546157
is_linear=0
shrinkage=0.0206149


Tree=55
num_leaves=16
num_cat=0
split_feature=4 4 18 0 22 18 18 0 0 0 18 21 10 10 22
split_gain=59444 13986.4 12363.2 3030.31 2612.39 2422.61 2337.57 2096.01 2089.41 1790.67 1587.14 1365.89 967.981 876.956 869.197
threshold=2.1999995933334096 4.999997833334306 1.1999999460000026 7.5000000000000009 1.0000000180025095e-35 1.5313724529258039 2.6833330872222456 1.0000000180025095e-35 3.5000000000000004 5.5000000000000009 5.4999988541669156 9.3677927501272205 11.500000000000002 10.500000000000002 1.0000000180025095e-35
decision_type=2 2 2 2 2 2 2 2 2 2 2 2 2 2 2
left_child=2 4 7 10 -2 8 9 11 -4 13 -3 -1 -7 -6 -5
right_child=1 3 5 14 6 12 -8 -9 -10 -11 -12 -13 -14 -15 -16
leaf_value=0.014746476145782212 -0.018820642259910161 -0.0057198861069542618 0.0082557922558968034 -0.020839144019539929 0.0020788625612249267 0.0037252441804887927 -0.0035294991128858233 0.0054326439868274835 -0.014191963442890259 -0.0096190174730142099 -0.010654259659909224 0.021723694807137275 -0.0029413241721152283 -0.0027090823641509744 -0.012677188876909518
leaf_weight=39799.890991941094 3752.5857059657574 70013.213719695807 80751.115870609879 6316.6883578300476 90383.877792105079 104616.65616433322 118151.81131982803 7787.6834020763636 1801.44546687603 6884.9694149047136 45839.089716114104 17024.013612881303 10154.418103009462 19822.392965853214 45379.931606397033
leaf_count=175556 23265 441443 327252 53024 420987 439059 634057 32208 9298 42605 326341 81422 43096 93366 348772
internal_value=-2.3118e-05 -0.00495751 0.00763545 -0.00952422 -0.00175599 0.00507265 -0.00148378 0.0154622 0.00776594 0.000580475 -0.00767226 0.0168368 0.00313542 0.00121767 -0.0136745
internal_weight=668480 406545 261935 167549 238996 197324 235243 64611.6 82552.6 117091 115852 56823.9 114771 110206 51696.6
internal_count=3491751 2383860 1107891 1169580 1214280 818705 1191015 289186 336550 556958 767784 256978 482155 514353 401796
is_linear=0
shrinkage=0.0206149


Tree=56
num_leaves=16
num_cat=0
split_feature=3 3 3 0 22 23 3 0 21 10 10 15 23 21 0
split_gain=57331.3 13481.5 11681.7 3006.86 2546.24 2380.18 2161.08 2153.53 1557.97 1535.5 1420.63 1305.74 1193.49 1169.33 1154.52
threshold=5.5000000000000009 2.5000000000000004 9.5000000000000018 7.5000000000000009 1.0000000180025095e-35 2.6209397235558338 11.500000000000002 1.5000000000000002 8.1572970185175127 6.5000000000000009 11.500000000000002 14.500000000000002 2.7960288739116739 5.471224972653717 2.5000000000000004
decision_type=2 2 2 2 2 2 2 2 2 2 2 2 2 2 2
left_child=1 3 7 12 -3 9 -4 8 10 -6 11 -2 -1 -7 -11
right_child=2 4 6 -5 5 13 -8 -9 -10 14 -12 -13 -14 -15 -16
leaf_value=-0.0093495870718077641 0.0046030659379213378 -0.018620570908043449 0.011972917538004045 -0.013514765515733418 -0.00095899279594926839 -0.0012422409875128507 0.019445675796549326 -1.4194930914468963e-05 0.012168673535697363 -0.0040314351280322808 -0.0016723068434297513 0.009558923341955702 -0.0051188908572489108 0.0026598059092400672 -0.01031121749871145
leaf_weight=65115.915276817977 97291.751499921083 3725.5279523581266 51009.052717000246 51130.731936357915 43577.135240465403 80748.197292745113 24272.207663923502 33027.83002756536 14707.394184708595 37454.204882085323 11982.438900113106 29426.815905869007 50170.218851603568 54777.265912041068 18629.947972744703
leaf_count=437848 400933 23346 217100 401225 224377 409832 117149 145036 59832 185061 49587 118571 329885 268413 104150
internal_value=7.19634e-06 -0.00484916 0.00752838 -0.00935388 -0.00171136 -0.00144351 0.0143823 0.00476083 0.00578886 -0.0038619 0.00511237 0.00575392 -0.00750847 0.000334905 -0.00611744
internal_weight=667047 405329 261717 166417 238912 235187 75281.3 186436 153408 99661.3 138701 126719 115286 135525 56084.2
internal_count=3492345 2384137 1108208 1168958 1215179 1191833 334249 773959 628923 513588 569091 519504 767733 678245 289211
is_linear=0
shrinkage=0.0206149


Tree=57
num_leaves=16
num_cat=0
split_feature=3 3 0 24 0 24 3 23 22 23 23 21 10 15 10
split_gain=55351.6 15285.2 8878.15 3665.89 3238.93 2522.96 2150.47 2030.19 1884.95 1967.74 1532.3 1368.87 1371.53 1194.63 1054.17
threshold=4.5000000000000009 9.5000000000000018 5.5000000000000009 6.5000000000000009 1.5000000000000002 10.500000000000002 11.500000000000002 2.8084523441403166 1.0000000180025095e-35 2.4005994537975353 2.6209397235558338 8.1572970185175127 11.500000000000002 14.500000000000002 7.5000000000000009
decision_type=2 2 2 2 2 2 2 2 2 2 2 2 2 2 2
left_child=2 4 3 -1 5 -2 -3 14 -4 -10 -6 12 13 -7 -5
right_child=1 6 8 7 10 11 -8 -9 9 -11 -12 -13 -14 -15 -16
leaf_value=-0.0082360237378676596 0.0010316113582245488 0.01173514971165069 -0.020253181365872275 -0.0023287222833342585 -0.0046787167687395263 0.0050974652780007212 0.01922205442816784 -0.00012562620223327718 -0.013398864683597472 -0.0070129447938571893 0.0021124112788775446 0.012033588920865217 -0.0014148103649419936 0.010134285069840283 -0.0067180206223372719
leaf_weight=61242.181825235486 54848.394113749266 50813.239224106073 9229.6893905550241 46772.046725228429 24315.050518527627 93237.165457233787 24006.546683371067 86666.227697193623 44096.967095628381 38330.521766006947 33673.29490070045 15394.489099785686 11049.785012513399 25480.428493589163 46243.78360234201
leaf_count=382407 236470 216856 77037 259733 112331 389396 116808 468009 334072 274036 151785 63045 46256 102742 260784
internal_value=-9.96606e-06 0.00593364 -0.0059578 -0.00388033 0.00355454 0.00479825 0.0141374 -0.00239575 -0.0114185 -0.0104293 -0.000735172 0.00622145 0.00553194 0.00617852 -0.00451091
internal_weight=665400 332818 332581 240924 257999 200010 74819.8 179682 91657.2 82427.5 57988.3 145162 129767 118718 93015.8
internal_count=3491767 1435689 2056078 1370933 1102025 837909 333664 988526 685145 608108 264116 601439 538394 492138 520517
is_linear=0
shrinkage=0.0206149


Tree=58
num_leaves=16
num_cat=0
split_feature=4 18 4 18 24 0 23 0 0 18 22 24 10 22 10
split_gain=53152.4 14744.8 8814.74 3377.67 3120.76 2776.69 2746.6 2050.37 1700.76 1396.61 1177.11 1082.92 1108.27 1070.24 1045.25
threshold=2.6999993850001425 1.2142856492346981 8.9999925000067531 1.6249998476562661 6.5000000000000009 3.5000000000000004 2.6209397235558338 1.5000000000000002 2.5000000000000004 1.0465367478331578 1.0000000180025095e-35 9.5000000000000018 6.5000000000000009 1.0000000180025095e-35 4.5000000000000009
decision_type=2 2 2 2 2 2 2 2 2 2 2 2 2 2 2
left_child=1 7 4 5 10 14 8 9 -6 -1 -2 -5 -13 -4 -3
right_child=2 3 13 11 6 -7 -8 -9 -10 -11 -12 12 -14 -15 -16
leaf_value=0.019452818842573605 -0.016936002522167603 0.010419584126777078 -0.019467930094936105 -0.0013885991348236823 -0.002658929670133574 -0.01259400603264171 -0.00041864887113452376 -0.0067797449880323919 -0.0083427279061394615 0.012983614160985119 -0.0071773166378067965 0.0047405648643565343 0.00085533171734525077 -0.011092799180262587 0.0057790064651181659
leaf_weight=21008.040413215756 5834.8975696563721 28828.165812030435 7117.8075057268143 36209.447853207588 47229.552683487535 3136.8761173039675 103062.965166457 1875.4099335223436 42511.151130028069 43646.031997025013 52658.820087432861 58220.159651100636 67232.2163451612 72845.852188616991 72507.38716481626
leaf_count=103827 42332 116857 60346 162431 251643 16577 562925 7963 265026 189339 324136 252304 292455 549177 294444
internal_value=-3.16907e-05 0.00578887 -0.0058769 0.0036189 -0.00397997 0.00650786 -0.00271461 0.0144693 -0.00535141 0.0150857 -0.00815077 0.00175194 0.0026584 -0.0118383 0.00709917
internal_weight=663925 332664 331261 266134 251297 104472 192804 66529.5 89740.7 64654.1 58493.7 161662 125452 79963.7 101336
internal_count=3491782 1436197 2055585 1135068 1446062 427878 1079594 301129 516669 293166 366468 707190 544759 609523 411301
is_linear=0
shrinkage=0.0206149


Tree=59
num_leaves=16
num_cat=0
split_feature=18 18 18 20 22 18 23 6 18 1 10 10 24 18 6
split_gain=51213.9 12735.8 10396.4 5514.41 2661.48 2385.19 2288.6 1978.07 1680.22 1360.85 1228.42 1312.65 1191.75 1063.46 1026.74
threshold=2.1909088817355578 1.1999999460000026 4.2249990487502176 0.27415922373873075 1.0000000180025095e-35 1.5313724529258039 2.7960288739116739 1.0000000180025095e-35 6.3666649711115921 1.0000000180025095e-35 3.5000000000000004 1.5000000000000002 10.500000000000002 1.0465367478331578 1.0000000180025095e-35
decision_type=2 2 2 2 2 2 2 2 2 2 2 2 2 2 2
left_child=1 7 4 -3 -2 14 9 -1 -4 -6 11 -7 -8 -9 -5
right_child=2 3 8 5 6 10 12 13 -10 -11 -12 -13 -14 -15 -16
leaf_value=0.0047680938914079702 -0.017874800911233595 -0.012721104769946458 -0.0079233103538571791 0.0042171044328164122 -0.0072010454085685467 -0.00089909863001580686 -0.0018020242131146927 0.019604547315424277 -0.012663825014453933 -0.0025163357665897333 0.0021797500732673829 0.0094577767197512146 0.002544109056651327 0.013697417386225761 0.0091279149555196556
leaf_weight=7766.850264981389 4721.6085029914975 7995.3089098334312 80514.092140026391 26975.198585137725 43412.124211713672 6854.6154684573412 73017.925787940621 20506.972204133868 52488.705137841403 67053.573677957058 117045.96349751949 21552.113520771265 42371.868910267949 35155.291173413396 54950.511759415269
leaf_count=32289 33732 49015 552670 110576 264735 29242 388053 102467 405944 339011 501906 92102 212033 154804 222856
internal_value=-7.7489e-06 0.00631532 -0.00520427 0.00410596 -0.00255672 0.00469765 -0.00223649 0.0145138 -0.00979412 -0.00435739 0.00311306 0.00695864 -0.000206096 0.0158737 0.00751096
internal_weight=662383 298803 363580 235374 230577 227378 225855 63429.1 133003 110466 145453 28406.7 115390 55662.3 81925.7
internal_count=3491435 1295257 2196178 1005697 1237564 956682 1203832 289560 958614 603746 623250 121344 600086 257271 333432
is_linear=0
shrinkage=0.0206149


Tree=60
num_leaves=16
num_cat=0
split_feature=18 18 18 0 22 23 0 21 0 23 0 22 21 23 24
split_gain=48756.3 12422.4 10067.7 5961.74 2681.95 2295.73 2287.31 1938.83 1905.72 1726.36 1611.74 1480.16 1385.18 1320.45 1209.91
threshold=2.1909088817355578 1.1999999460000026 4.3333322500003018 4.5000000000000009 1.0000000180025095e-35 2.7960288739116739 1.0000000180025095e-35 7.9721794323999591 1.0000000180025095e-35 2.7960288739116739 7.5000000000000009 1.0000000180025095e-35 9.3677927501272205 2.7960288739116739 10.500000000000002
decision_type=2 2 2 2 2 2 2 2 2 2 2 2 2 2 2
left_child=1 8 4 6 -2 10 7 -3 12 -8 -6 -4 -1 -13 -7
right_child=2 3 11 -5 5 14 9 -9 -10 -11 -12 13 -14 -15 -16
leaf_value=0.013496634973004179 -0.017432059215828043 0.0054993927337019313 -0.018224057549211404 -0.012298415516634086 -0.0037373372082116453 -0.0018999980489088548 -0.00082280620864351103 0.0131359174776684 0.0046881306188289338 0.0046449210431232738 -0.013190795241288951 -0.011103747845232692 0.020639228780081804 -0.0065505142105094886 0.0024078863853745254
leaf_weight=38913.419023692608 5111.7535021081567 109550.0230961442 8508.8458349406719 9197.9488231912255 107326.55253276229 76593.301986426115 42822.265607193112 16220.982459232211 7731.8535247594118 57480.68286255002 8253.7679867371917 68674.517317913473 16402.241332530975 44675.448011748493 43409.952256470919
leaf_count=175621 37118 452659 71372 57021 575244 410664 184288 66666 32166 244639 63188 505836 81529 315360 218160
internal_value=-2.45183e-05 0.00614828 -0.00510367 0.00397062 -0.00265937 -0.00233883 0.00463253 0.00648429 0.0142746 0.00231059 -0.00441242 -0.00993164 0.0156146 -0.00930915 -0.000341665
internal_weight=660874 298319 362554 235272 240695 235584 226074 125771 63047.5 100303 115580 121859 55315.7 113350 120003
internal_count=3491531 1294589 2196942 1005273 1304374 1267256 948252 519325 289316 428927 638432 892568 257150 821196 628824
is_linear=0
shrinkage=0.0206149


Tree=61
num_leaves=16
num_cat=0
split_feature=3 18 3 18 18 0 0 0 21 10 21 10 0 0 0
split_gain=47610.6 13372.3 8257.75 3254.36 2852.22 2428.44 2164.19 1907.86 1362.54 1318.44 992.941 999.257 944.317 836.477 812.322
threshold=4.5000000000000009 1.1999999460000026 1.5000000000000002 1.5313724529258039 3.2928567431633158 3.5000000000000004 6.5000000000000009 1.0000000180025095e-35 9.3677927501272205 11.500000000000002 5.471224972653717 6.5000000000000009 9.5000000000000018 2.5000000000000004 1.0000000180025095e-35
decision_type=2 2 2 2 2 2 2 2 2 2 2 2 2 2 2
left_child=2 7 12 5 6 14 13 8 -2 10 -5 -12 -1 -4 -3
right_child=1 3 4 9 -6 -7 -8 -9 -10 -11 11 -13 -14 -15 -16
leaf_value=-0.0099261055474323383 0.013310691419022842 0.0088872834638685401 0.0004792347297919113 0.00062546491265560273 -0.0059381579475052629 -0.014507332834661308 -0.011020792773818887 0.0044631201570308103 0.020418819017494812 -0.0035846698465366498 0.0058352822579125999 0.0017095301836496473 -0.014850890284760204 -0.0032751195852773847 0.0044835756965334482
leaf_weight=54505.588082671165 38811.114552646875 54898.048527300358 77134.33441786468 69278.175541117787 125424.4330265522 2196.58155156672 9433.1344802379608 7714.1393810659647 16262.474537968636 16489.925014153123 51514.151227727532 48375.644623473287 23759.057981714606 37471.85971275717 26343.539105683565
leaf_count=412412 175944 222880 383319 302358 790910 11826 66306 32103 81557 72581 221723 208565 197623 205176 107181
internal_value=-5.50087e-06 0.00549817 -0.00557895 0.00349935 -0.00374608 0.00688104 -0.00152951 0.0140647 0.0154096 0.00197955 0.00252193 0.00383722 -0.0114211 -0.000748296 0.00745933
internal_weight=659612 331884 327728 269096 249464 83438.2 124039 62787.7 55073.6 185658 169168 99889.8 78264.6 114606 81241.6
internal_count=3492464 1436718 2055746 1147114 1445711 341887 654801 289604 257501 805227 732646 430288 610035 588495 330061
is_linear=0
shrinkage=0.0206149


Tree=62
num_leaves=16
num_cat=0
split_feature=4 18 4 4 24 23 0 0 0 18 22 18 22 23 22
split_gain=45302.7 13047.8 8075.22 3059.45 2845.56 2469.13 1872.22 1552.13 1410.95 1267.22 1115.61 1096.62 1074.08 1099.6 1042.88
threshold=2.6999993850001425 1.1999999460000026 8.9999925000067531 1.6071426409439071 6.5000000000000009 2.4005994537975353 1.5000000000000002 3.5000000000000004 1.5000000000000002 1.0465367478331578 1.0000000180025095e-35 1.8749998242187684 1.0000000180025095e-35 2.4853520910802467 0.0069134866388865148
decision_type=2 2 2 2 2 2 2 2 2 2 2 2 2 2 2
left_child=1 6 4 -3 10 7 9 -6 11 -1 -2 -5 -4 -14 -10
right_child=2 3 12 8 5 -7 -8 -9 14 -11 -12 -13 13 -15 -16
leaf_value=0.018633419143378002 -0.016397417961019824 0.0065846193225563782 -0.019075588454814822 0.0050416638236210438 -0.0031135616200849447 -0.000534787146200059 -0.0077587123739695099 -0.0092206971051950609 -0.021235031566981102 0.012320904583839149 -0.0067347527153372583 0.0012820530898039334 -0.012824595082900259 -0.0076551372835432282 -0.0006400086358212217
leaf_weight=20309.888803973794 5627.8644597604871 86014.472156986594 6843.2716191932559 60149.373034954071 49097.368590295315 114533.20430545509 1659.8039123117924 27642.463447026908 1067.6654761135578 40394.626741796732 51955.772556878626 72968.975420802832 39273.584500275552 31521.655417248607 48981.044311702251
leaf_count=103732 42292 349362 60707 246454 266190 630057 7028 182864 5287 178355 324141 320852 311063 238244 225414
internal_value=-2.17076e-05 0.00534592 -0.00547237 0.00337748 -0.00366152 -0.002452 0.0138423 -0.00531341 0.00187142 0.0144329 -0.00767912 0.00298083 -0.0112767 -0.0105229 -0.00107935
internal_weight=658041 331546 326495 269182 248857 191273 62364.3 76739.8 183167 60704.5 57583.6 133118 77638.5 70795.2 50048.7
internal_count=3492042 1436484 2055558 1147369 1445544 1079111 289115 449054 798007 282087 366433 567306 610014 549307 230701
is_linear=0
shrinkage=0.0206149


Tree=63
num_leaves=16
num_cat=0
split_feature=3 3 0 18 0 18 18 23 27 23 22 23 18 22 22
split_gain=44165.9 12592.1 7885.5 4615.2 2731.98 2638.87 2073.05 1444.32 1285.98 1461.03 1274.2 1091.27 945.413 940.912 858.792
threshold=4.5000000000000009 9.5000000000000018 6.5000000000000009 3.749999296875147 1.5000000000000002 1.5313724529258039 1.0465367478331578 2.4853520910802467 1.0000000180025095e-35 2.4005994537975353 1.0000000180025095e-35 2.8195524523942539 6.5499985275003363 1.3766996271972387 0.0069134866388865148
decision_type=2 2 2 2 2 2 2 2 2 2 2 2 2 2 2
left_child=2 4 3 10 5 -2 -3 -6 -4 -10 -1 -12 -5 -7 -9
right_child=1 6 8 12 7 13 -8 14 9 -11 11 -13 -14 -15 -16
leaf_value=-0.016373632672922942 0.0078157871967395633 0.01848000717886988 -0.016395072060367829 -0.0060001734707292925 -0.004957869406392772 0.0032839238415484332 0.010712927662321944 -0.019470389928989862 -0.01309719224029275 -0.0061224462686583769 -0.0029375825270954309 0.0006404652219299937 -0.010851893763303181 -0.0023533131438451919 0.0022299241902745308
leaf_weight=2360.1361124664545 62571.560957297683 20199.282180324197 17552.461984701455 87856.546655885875 21862.977831438184 123918.86755245924 52714.495682790875 792.39605233073235 28141.188798569143 23356.6383825019 70676.012137815356 74312.454376995564 21183.832736879587 14004.881150692701 35359.676946818829
leaf_count=15517 252536 104077 149224 568175 101450 526165 230109 3914 226309 175587 377482 384582 159189 60089 158923
internal_value=1.54608e-06 0.00529854 -0.00539286 -0.00372756 0.0031645 0.00430448 0.0128646 -0.000775189 -0.0115763 -0.00993382 -0.00134827 -0.00110369 -0.00694274 0.00271151 0.00175429
internal_weight=656863 331424 325439 256389 258510 200495 72913.8 58015.1 69050.3 51497.8 147349 144988 109040 137924 36152.1
internal_count=3493328 1437263 2056065 1504945 1103077 838790 334186 264287 551120 401896 777581 762064 727364 586254 162837
is_linear=0
shrinkage=0.0206149


Tree=64
num_leaves=16
num_cat=0
split_feature=18 18 18 20 22 23 6 6 21 23 18 21 1 24 10
split_gain=42132.5 10877.5 9131.36 4969.6 2510.23 2094.73 2072.29 1768.71 1741.62 1599.31 1404.54 1341.18 1282.32 1145.33 985.994
threshold=2.1909088817355578 1.1999999460000026 4.3333322500003018 0.27415922373873075 1.0000000180025095e-35 2.7960288739116739 1.0000000180025095e-35 1.0000000180025095e-35 7.9721794323999591 2.6209397235558338 6.9999979583339416 9.3677927501272205 1.0000000180025095e-35 10.500000000000002 11.500000000000002
decision_type=2 2 2 2 2 2 2 2 2 2 2 2 2 2 2
left_child=1 7 4 -3 -2 12 9 -1 14 -5 -4 -9 -6 -7 -8
right_child=2 3 10 6 5 13 8 11 -10 -11 -12 -13 -14 -15 -16
leaf_value=0.004178513425559199 -0.01698990230701327 -0.012466996088240723 -0.0080172727873223989 -0.0012594646294114135 -0.0068307167934320663 -0.0017718020558330067 0.0056905879833324419 0.012632936159028467 0.012343991689529887 0.0040721371039515635 -0.012946570868031885 0.019757434608028847 -0.0023750458637828769 0.002422993827847256 -0.0012760885031614393
leaf_weight=7719.860936626792 4951.5979338213801 7818.4074770584702 84216.732921414077 38362.736932754517 45636.031575538218 76265.739488229156 99940.207777440548 38216.996770098805 16134.814430236816 63465.371008962393 34681.910185970366 15901.067438840866 68878.399529218674 43403.095824614167 9449.7812334299088
leaf_count=32262 37205 49115 611798 166618 285507 410656 412477 175669 66422 271101 281013 81700 352566 218163 39296
internal_value=-2.42921e-05 0.00571596 -0.00478616 0.00369296 -0.00246474 -0.00215762 0.00424869 0.0134095 0.00602134 0.00206351 -0.00945511 0.0147263 -0.00415071 -0.000250377 0.00508876
internal_weight=655043 297009 358034 235171 239135 234183 227353 61837.9 125525 101828 118899 54118.1 114514 119669 109390
internal_count=3491568 1294660 2196908 1005029 1304097 1266892 955914 289631 518195 437719 892811 257369 638073 628819 451773
is_linear=0
shrinkage=0.0206149


Tree=65
num_leaves=16
num_cat=0
split_feature=4 18 0 18 18 0 27 23 0 10 24 18 24 10 24
split_gain=40421 11871.2 7612.85 3978.36 2826.33 2194.96 1770.06 1788.93 1745.42 1221.41 1046.79 1029.16 908.871 985.397 878.549
threshold=2.6999993850001425 1.1999999460000026 5.5000000000000009 3.749999296875147 1.4999999208333377 3.5000000000000004 1.0000000180025095e-35 2.4346578311628386 1.0000000180025095e-35 10.500000000000002 10.500000000000002 1.0465367478331578 9.5000000000000018 7.5000000000000009 8.5000000000000018
decision_type=2 2 2 2 2 2 2 2 2 2 2 2 2 2 2
left_child=1 8 3 12 5 -3 -4 -8 11 10 -6 -1 -2 -14 -5
right_child=2 4 6 14 9 -7 7 -9 -10 -11 -12 -13 13 -15 -16
leaf_value=0.018312695627251484 -0.0028634648298217678 0.0069853631390266501 -0.015655907660738953 -0.0081596234863832457 0.00025533633425827622 -0.014609818199165165 -0.011935430858677482 -0.0051310487229812331 0.004060154832648516 -0.0017654087105658106 0.0038081638212298981 0.012382998317265286 0.0027283683012388617 -0.0019837579265868485 -0.0041585371309554812
leaf_weight=19501.656966671348 64577.046197757125 77886.4897852391 20857.849938452244 56593.107364401221 53963.204847916961 2052.9250831902027 35257.987223848701 30732.896387696266 7738.433896958828 33470.974153399467 101590.79050901532 34345.342048421502 39301.373249739408 36260.494171634316 39670.876990765333
leaf_count=102490 347851 316981 177250 387061 237600 11183 281478 226290 32359 146622 433834 155045 198193 185669 252513
internal_value=-1.82738e-05 0.00505062 -0.00520161 -0.00328409 0.00318122 0.00643078 -0.0104211 -0.00876653 0.0132149 0.00180697 0.00257565 0.0145305 -0.00106764 0.000467122 -0.00651076
internal_weight=653801 330550 323252 236403 268964 79939.4 86848.7 65990.9 61585.4 189025 155554 53847 140139 75561.9 96264
internal_count=3492419 1436114 2056305 1371287 1146220 328164 685018 507768 289894 818056 671434 257535 731713 383862 639574
is_linear=0
shrinkage=0.0206149


Tree=66
num_leaves=16
num_cat=0
split_feature=3 3 0 3 24 10 24 0 23 0 21 23 23 10 27
split_gain=38991 14672.5 4750.84 3097.09 2745.14 2465.54 2361.82 1953.2 1556.97 958.896 1336.28 957.948 904.503 863.477 846.657
threshold=3.5000000000000004 8.5000000000000018 7.5000000000000009 11.500000000000002 10.500000000000002 6.5000000000000009 6.5000000000000009 2.5000000000000004 2.8084523441403166 1.0000000180025095e-35 7.9721794323999591 2.5253774153160742 2.6209397235558338 8.5000000000000018 1.0000000180025095e-35
decision_type=2 2 2 2 2 2 2 2 2 2 2 2 2 2 2
left_child=2 4 6 9 -2 -6 -1 12 13 10 -3 -9 -7 -8 -4
right_child=1 3 14 -5 5 7 8 11 -10 -11 -12 -13 -14 -15 -16
leaf_value=-0.0084113930441308115 -0.00093181896819158057 0.0078548472584912422 -0.016599392730119199 0.017290541601500398 0.0056390230958930261 -0.00049141146702208949 -0.003655403665750105 -0.011194568733399371 -0.0010185839694786653 0.0044720992110506581 0.014262856924258788 -0.00081810276437365955 0.0038274867216790466 -0.0082531755021044324 -0.010573372551201155
leaf_weight=61526.640777163208 115710.48276795447 44925.994307592511 13518.222673259676 22409.855864882469 87352.355793938041 34183.071192473173 42155.042274050415 7437.7302274852991 58611.75729303062 18191.120916292071 19980.230775907636 7690.4112348258495 51889.352176427841 29510.671296238899 37106.721097387373
leaf_count=425775 541988 190358 120685 117017 380864 147485 264179 39213 349708 74544 88975 38003 220820 187793 303663
internal_value=-1.21217e-05 0.00386486 -0.00656528 0.0104893 0.00156777 0.00310171 -0.00508267 0.000911597 -0.0035106 0.00865508 0.00982744 -0.00591968 0.00211227 -0.00554868 -0.0121825
internal_weight=652200 409771 242429 105507 304263 188553 191804 101201 130277 83097.3 64906.2 15128.1 86072.4 71665.7 50624.9
internal_count=3491070 1839267 1651803 470894 1368373 826385 1227455 445521 801680 353877 279333 77216 368305 451972 424348
is_linear=0
shrinkage=0.0206149


Tree=67
num_leaves=16
num_cat=0
split_feature=18 18 18 0 22 23 10 0 18 22 0 18 21 10 0
split_gain=37670.8 9927.21 8226.17 5049.71 2385.8 1951.7 1842.76 1667.97 1638.85 1401.11 1330.42 1228.98 1194.79 1032.32 822.946
threshold=2.1909088817355578 1.1999999460000026 4.3333322500003018 4.5000000000000009 1.0000000180025095e-35 2.7960288739116739 11.500000000000002 1.5000000000000002 1.4999999208333377 1.0000000180025095e-35 7.5000000000000009 6.9999979583339416 9.3677927501272205 6.5000000000000009 1.5000000000000002
decision_type=2 2 2 2 2 2 2 2 2 2 2 2 2 2 2
left_child=1 7 4 6 -2 10 8 12 14 -4 13 -11 -1 -6 -3
right_child=2 3 9 -5 5 -7 -8 -9 -10 11 -12 -13 -14 -15 -16
leaf_value=0.011574806139181763 -0.016706845185839821 0.0079378602039295778 -0.017399073515599866 -0.01171410681788046 -0.0010425172978496319 -0.00021745134331514814 -0.002028124706605084 -0.0074587379532314001 0.0033083038141371542 -0.0070486422941291038 -0.012177976617001759 -0.01190889446245948 0.01810686578740997 -0.0051505695626406934 0.0009448923738626854
leaf_weight=42781.485861599445 4823.4884127825499 64081.558718875051 7933.4568627625704 8939.6580766960979 45617.883153140545 119368.04736687988 19193.411941573024 1676.604973718524 134969.3840905875 78038.029807217419 7851.442501604557 30850.726105384529 16485.821892768145 60435.942152455449 8050.1199320405722
leaf_count=196869 37136 260536 71365 57010 245586 628396 81272 7089 572411 569240 63339 252375 85849 329639 34216
internal_value=-2.48044e-05 0.0054033 -0.00455453 0.00348227 -0.00235616 -0.00205942 0.0040826 0.0128182 0.00464892 -0.00903505 -0.00398973 -0.00842567 0.0133918 -0.00338354 0.00715742
internal_weight=651097 296178 354919 235234 238097 233273 226294 60943.9 207101 116822 113905 108889 59267.3 106054 72131.7
internal_count=3492328 1295252 2197076 1005445 1304096 1266960 948435 289807 867163 892980 638564 821615 282718 575225 294752
is_linear=0
shrinkage=0.0206149


Tree=68
num_leaves=16
num_cat=0
split_feature=3 3 0 3 24 10 24 0 22 23 0 21 23 22 23
split_gain=36282 13543.5 4577.23 2971.88 2643.27 2338.97 2296.63 1769.25 1646.88 1444.35 978.44 1231.9 954.291 918.666 986.043
threshold=3.5000000000000004 8.5000000000000018 7.5000000000000009 11.500000000000002 10.500000000000002 6.5000000000000009 6.5000000000000009 2.5000000000000004 1.0000000180025095e-35 2.8084523441403166 1.0000000180025095e-35 7.9721794323999591 2.4853520910802467 1.0000000180025095e-35 2.4005994537975353
decision_type=2 2 2 2 2 2 2 2 2 2 2 2 2 2 2
left_child=2 4 6 10 8 -6 -1 -7 -2 -8 11 -3 -9 -4 -15
right_child=1 3 13 -5 5 7 9 12 -10 -11 -12 -13 -14 14 -16
leaf_value=-0.0082185598399256155 -0.020152217204243948 0.0076119655408275894 -0.019783737506979274 0.016839274348654579 0.0054875486107178939 0.0020246211477795619 -0.0053399292955550477 -0.011051264721336589 -0.00062345668589589367 -0.00096624810084119288 0.0041003971595989742 0.013784566581003552 -0.00065886495486296257 -0.013628638376906267 -0.0074143194299205141
leaf_weight=60976.148157760501 1865.2582360729575 44699.422563150525 5624.9780623540282 22023.010178208351 87530.827902272344 86199.928067907691 71132.801274202764 7206.8778449296951 113739.95934215188 58457.79514657706 18225.772320389748 19838.782353192568 7839.7605558633804 25065.859637349844 19134.191012188792
leaf_count=426094 10971 190113 54949 116811 381154 368698 451592 38315 530866 349689 74800 89054 38801 216018 153498
internal_value=-1.75262e-05 0.0037169 -0.00637388 0.0101091 0.00151632 0.00301965 -0.00491935 0.000886072 -0.000938548 -0.00336698 0.00831826 0.0095094 -0.00563651 -0.011937 -0.0109385
internal_weight=649561 409170 240392 104787 304383 188777 190567 101247 115605 129591 82764 64538.2 15046.6 49825 44200.1
internal_count=3491423 1839583 1651840 470778 1368805 826968 1227375 445814 541837 801281 353967 279167 77116 424465 369516
is_linear=0
shrinkage=0.0206149


Tree=69
num_leaves=16
num_cat=0
split_feature=18 18 18 0 0 0 21 0 23 21 23 18 21 23 12
split_gain=35042.9 10021.8 7436.54 4948.93 1897.42 1867.03 1746.02 1657.75 1595.59 1344.89 1268.43 1155.55 800.794 724.141 688.636
threshold=2.303845950088776 1.1999999460000026 4.6333320955559074 4.5000000000000009 7.5000000000000009 1.0000000180025095e-35 7.9721794323999591 1.0000000180025095e-35 2.7960288739116739 9.3677927501272205 2.7960288739116739 8.4166631527793054 5.471224972653717 2.8084523441403166 1.0000000180025095e-35
decision_type=2 2 2 2 2 2 2 2 2 2 2 2 2 2 2
left_child=1 7 4 5 10 6 14 9 -7 -1 -2 13 -12 -4 -3
right_child=2 3 11 -5 -6 8 -8 -9 -10 -11 12 -13 -14 -15 -16
leaf_value=0.011693911912903083 -0.0037433689053031211 0.0035277840027977988 -0.0097724747794728853 -0.010725941275033766 -0.009904861029326105 -0.0010869695291821689 0.011682443667753286 0.0035397564103560575 0.0039059301712060235 0.018958351494582349 -0.0018241991856679744 -0.0136993256298934 0.0018695315357391794 -0.0058758000940339426 0.0070804484362087475
leaf_weight=37352.893878906965 104186.48514220864 84416.360448360443 49426.722898826003 10479.088716782629 14129.344945400953 47530.147115468979 16430.664416253567 7667.1705864518881 63594.451562017202 15252.876922622323 74125.186068922281 19913.505580946803 37593.379964806139 34354.138275466859 31967.47909194231
leaf_count=175627 581440 350151 385584 67920 115403 206379 67984 32184 271870 81723 402313 170074 193630 257105 132836
internal_value=1.48922e-06 0.00493672 -0.00465221 0.00314612 -0.00258611 0.00374204 0.00539171 0.012495 0.00177037 0.0138002 -0.00210716 -0.00923561 -0.000581256 -0.00817465 0.0045036
internal_weight=648420 314691 333729 254418 230034 243939 132815 60272.9 111125 52605.8 215905 103694 111719 83780.9 116384
internal_count=3492223 1386674 2105549 1097140 1292786 1029220 550971 289534 478249 257350 1177383 812763 595943 642689 482987
is_linear=0
shrinkage=0.0206149


Tree=70
num_leaves=16
num_cat=0
split_feature=18 18 18 20 22 6 23 6 18 23 22 10 18 10 2
split_gain=33714.4 9025.3 7799.37 4140.99 2151.82 1814.43 1599.14 1560.41 1465.65 1440.52 1222.23 1155.8 1006.74 1003.07 968.231
threshold=2.1909088817355578 1.1999999460000026 4.2249990487502176 0.27415922373873075 1.0000000180025095e-35 1.0000000180025095e-35 2.6209397235558338 1.0000000180025095e-35 6.7749984762503477 2.6209397235558338 1.338999309490952 6.5000000000000009 1.0465367478331578 3.5000000000000004 1.0000000180025095e-35
decision_type=2 2 2 2 2 2 2 2 2 2 2 2 2 2 2
left_child=1 7 4 -3 -2 9 11 -1 -4 -5 13 -6 -9 -7 -13
right_child=2 3 8 5 6 10 -8 12 -10 -11 -12 14 -14 -15 -16
leaf_value=0.003588163950763812 -0.016467539800252385 -0.011669625846068791 -0.006957417772459883 -0.0013906150729923372 -0.0011576460413435183 0.010312932897087419 -0.00024415754571141237 0.017372172829957667 -0.011785193302614337 0.0036699072823823797 -0.00051860392575182694 -0.012606879098028193 0.0114069193542318 0.0052479138960154614 -0.0046375205930413357
leaf_weight=7669.8380166292191 4311.8473814874887 7588.6964550539851 85954.543850682676 38323.379758909345 41184.574158892035 20261.392755761743 126823.57117310166 18741.305553078651 38780.95353076607 63538.91555531323 12991.768338531256 7502.2911257892847 33541.036661416292 92359.163259267807 47489.264197483659
leaf_count=32216 33860 49052 630960 166492 228895 83249 664697 102666 328029 270801 53845 58377 154628 381548 252956
internal_value=-8.63e-06 0.00513173 -0.00431625 0.00331077 -0.00204328 0.00381053 -0.00176437 0.0122714 -0.0084584 0.001766 0.00546849 -0.00376902 0.0135452 0.00615915 -0.00572475
internal_weight=647063 295015 352047 235063 227312 227475 223000 59952.2 124735 101862 125612 96176.1 52282.3 112621 54991.6
internal_count=3492271 1294497 2197774 1004987 1238785 955935 1204925 289510 958989 437293 518642 540228 257294 464797 311333
is_linear=0
shrinkage=0.0206149


Tree=71
num_leaves=16
num_cat=0
split_feature=3 2 3 24 3 22 23 23 15 10 21 10 10 10 9
split_gain=32132.9 8926.09 7696.15 3912.87 1884.72 1858.99 1803.63 1618.44 1348.98 1273.69 946.699 887.34 999.515 867.434 709.441
threshold=5.5000000000000009 1.0000000180025095e-35 10.500000000000002 8.5000000000000018 7.5000000000000009 1.0000000180025095e-35 2.3796303120642137 2.8464398168079881 4.5000000000000009 8.5000000000000018 9.3677927501272205 3.5000000000000004 1.5000000000000002 11.500000000000002 0.00019500000000000005
decision_type=2 2 2 2 2 2 2 2 2 2 2 2 2 2 2
left_child=1 5 4 8 11 -1 -7 9 -3 -5 -4 12 -2 14 -6
right_child=2 3 10 7 13 6 -8 -9 -10 -11 -12 -13 -14 -15 -16
leaf_value=-0.019102916020407271 -0.0020046907314536502 -0.0076615417525686029 0.011394958851932728 -0.00023511598586869702 -0.0043707387207198457 -0.011691732623710309 -0.005388927420711836 0.0017135648705115494 -0.003160663117118719 -0.005062115087595429 0.017857359043968644 0.0012494701584631705 0.0082396854643541802 -0.00022005951730923911 0.00692162752345752
leaf_weight=8018.6288726478815 5291.9439442157745 49644.510404057801 28978.937132939696 59689.92124171555 2427.5346265435219 40312.79240500927 37007.741641335189 90375.431329354644 65816.710930801928 38033.908897779882 14430.791049391031 89192.152109369636 17210.550380855799 8585.5932234674692 90805.589859381318
leaf_count=77705 22208 348049 139916 316483 10953 336477 281540 456986 359864 207855 78847 374867 72032 35346 373356
internal_value=-2.7006e-05 -0.00376451 0.00563039 -0.00210857 0.00402161 -0.00965486 -0.00867504 -0.000274865 -0.00509589 -0.00211377 0.0135433 0.00217238 0.0058305 0.00605019 0.00662761
internal_weight=645823 388900 256923 303560 213513 85339.2 77320.5 188099 115461 97723.8 43409.7 111695 22502.5 101819 93233.1
internal_count=3492484 2384959 1107525 1689237 888762 695722 618017 981324 707913 524338 218763 469107 94240 419655 384309
is_linear=0
shrinkage=0.0206149


Tree=72
num_leaves=16
num_cat=0
split_feature=3 18 0 0 3 18 24 10 22 23 22 22 23 0 0
split_gain=31279.9 12151.6 4280.69 3296.98 2427.03 2187.39 1862.34 1802.23 1457.04 1166.22 953.836 923.49 954.486 885.242 879.416
threshold=3.5000000000000004 1.4444443240740854 7.5000000000000009 1.5000000000000002 11.500000000000002 4.6666655000003248 10.500000000000002 6.5000000000000009 1.0000000180025095e-35 2.6209397235558338 1.0000000180025095e-35 1.0000000180025095e-35 2.4853520910802467 1.5000000000000002 3.5000000000000004
decision_type=2 2 2 2 2 2 2 2 2 2 2 2 2 2 2
left_child=2 3 5 4 -2 10 8 -8 -3 13 -1 -4 -13 -9 -5
right_child=1 6 11 14 -6 -7 7 9 -10 -11 -12 12 -14 -15 -16
leaf_value=-0.014108707870634171 0.0084194843543633491 -0.019509909056154854 -0.019526354735042495 -6.3898392851932223e-05 0.016144633272086067 -0.0076357318977511614 0.0047512361066521149 -9.4569959987500201e-05 -0.00061793451965832429 0.002472875088990586 -0.0026603946594120995 -0.013022066461506016 -0.0067832296860852719 -0.0068235046776910207 -0.016631902202495392
leaf_weight=3174.4785727113485 90679.336030751467 1762.3777726665139 5344.2036384791136 7013.2424501031637 21352.961962535977 64665.818717516959 80308.422574564815 26484.656291767955 111337.9539694488 54794.066395178437 120202.94457036257 25174.623478241265 17782.698367215693 12106.715531781316 1689.4714410007
leaf_count=24154 388057 10648 54675 29054 116966 488404 350785 114078 521328 238180 713057 223740 145560 60141 9483
internal_value=-4.22733e-06 0.00345601 -0.00597072 0.00894241 0.00989187 -0.00456462 0.00114634 0.00248684 -0.000912317 0.000539527 -0.00295496 -0.0114448 -0.0104394 -0.00220554 -0.00328027
internal_weight=643874 407529 236345 120735 112032 188043 286794 173694 113100 93385.4 123377 48301.5 42957.3 38591.4 8702.71
internal_count=3488310 1838720 1649590 543560 505023 1225615 1295160 763184 531976 412399 737211 423975 369300 174219 38537
is_linear=0
shrinkage=0.0206149


Tree=73
num_leaves=16
num_cat=0
split_feature=4 4 4 24 0 23 4 24 0 23 21 10 22 23 22
split_gain=30098.2 8970.97 6474.62 2355.11 2092.92 1895.53 1748.51 1674.36 1274.14 1199.23 1098.83 1047.18 1024.87 943.257 929.498
threshold=2.6999993850001425 1.266666532592607 8.9999925000067531 6.5000000000000009 1.5000000000000002 2.3599438266032329 1.0454544542011102 10.500000000000002 3.5000000000000004 2.4853520910802467 8.1572970185175127 11.500000000000002 1.0000000180025095e-35 2.7960288739116739 1.0000000180025095e-35
decision_type=2 2 2 2 2 2 2 2 2 2 2 2 2 2 2
left_child=1 6 3 14 7 8 -1 -3 -5 -6 11 -9 -4 -14 -2
right_child=2 4 12 5 9 -7 -8 10 -10 -11 -12 -13 13 -15 -16
leaf_value=0.015871591000469684 -0.015040737486506387 0.0005249797899541807 -0.018100439769879843 -0.0024321764890279695 -0.004692770560317693 -0.00020004810590980456 0.0087702780158423772 0.0046966910355026661 -0.0081269507597148787 0.0014321402784597537 0.009952553672847305 -0.0019354334772740602 -0.011115168608525211 -0.0060011777416817003 -0.005835793882437555
leaf_weight=21176.468811988831 5140.6501345187426 54918.473975747824 6057.0068483799696 47186.343669861555 21666.47057504952 114953.9798502475 48442.452235609293 118968.88924197853 25839.689402066171 36422.583524763584 15421.967632517219 11057.961185634136 41803.536469519138 24200.892669007182 50063.320502363145
leaf_count=116889 42432 236243 60579 260814 101295 639839 216774 491512 179668 163593 63413 46251 356186 193045 324044
internal_value=-8.76406e-06 0.00436217 -0.00455759 -0.00294936 0.00259295 -0.00184998 0.0109303 0.00359179 -0.00444723 -0.000852373 0.00474975 0.00413267 -0.00998484 -0.0092401 -0.00669297
internal_weight=643321 328075 315245 243184 258456 187980 69618.9 200367 73026 58089.1 145449 130027 72061.4 66004.4 55204
internal_count=3492577 1435970 2056607 1446797 1102307 1080321 333663 837419 440482 264888 601176 537763 609810 549231 366476
is_linear=0
shrinkage=0.0206149


Tree=74
num_leaves=16
num_cat=0
split_feature=18 18 4 0 0 10 10 24 18 0 23 24 23 24 23
split_gain=29418.9 9995.11 4847.94 4076.42 2215.05 1832.32 2348.08 1661.04 1581.1 1469.71 1216.32 1024.39 878.2 812.403 825.419
threshold=2.5999996100000655 1.2857142091836784 8.9999925000067531 4.5000000000000009 1.5000000000000002 3.5000000000000004 1.5000000000000002 5.5000000000000009 1.0465367478331578 1.5000000000000002 2.7960288739116739 11.500000000000002 2.6075280761259432 4.5000000000000009 2.8084523441403166
decision_type=2 2 2 2 2 2 2 2 2 2 2 2 2 2 2
left_child=1 4 7 5 8 6 -3 -2 -1 11 -9 -7 -11 -4 -15
right_child=2 3 13 -5 -6 9 -8 10 -10 12 -12 -13 -14 14 -16
leaf_value=0.016300417181920213 -0.0075850072937177779 -0.0017778621252480177 -0.01303149441953097 -0.0083997494824871975 -0.0059296612320054037 0.0011516615073042984 0.0083958645709416493 -0.0043616743135938378 0.0093555879826543991 -0.0047304877637998066 -0.000882350511262901 0.0043702158204484464 0.00088172781862781594 -0.010326203827843257 -0.0047214134498568608
leaf_weight=18449.114326372743 35143.957738660276 12585.230674266815 22237.260441452265 15090.050805360079 3410.3428691774607 88275.081132173538 41207.37289956212 87510.004556082189 56893.008485674858 19728.876699879766 83386.646225944161 80209.896757349372 29667.146955728531 30372.662572138011 17658.703415997326
leaf_count=104059 241017 54209 198990 100524 14879 379887 175917 533269 254797 92337 473297 333371 134602 259305 140625
internal_value=-2.1782e-05 0.00381555 -0.00509801 0.0020291 0.0103206 0.00260837 0.00601564 -0.00350336 0.0110562 0.00176715 -0.00266399 0.0026839 -0.0013598 -0.00977382 -0.00826561
internal_weight=641825 365516 276309 286764 78752.5 271674 53792.6 206041 75342.1 217881 170897 168485 49396 70268.6 48031.4
internal_count=3491085 1644582 1846503 1270847 373735 1170323 230126 1247583 358856 940197 1006566 713258 226939 598920 399930
is_linear=0
shrinkage=0.0206149


Tree=75
num_leaves=16
num_cat=0
split_feature=18 18 3 1 1 10 24 18 2 27 23 23 24 21 10
split_gain=28091.2 7384.47 7207.99 4092.96 1751.73 1601.24 1475.19 1465.34 1278.48 1221.18 1201.62 1080.1 980.431 913.16 798.114
threshold=2.095454345413243 4.1833325661112539 10.500000000000002 1.0000000180025095e-35 1.0000000180025095e-35 11.500000000000002 5.5000000000000009 1.4444443240740854 1.0000000180025095e-35 1.0000000180025095e-35 2.3796303120642137 2.4853520910802467 9.5000000000000018 9.3677927501272205 6.5000000000000009
decision_type=2 2 2 2 2 2 2 2 2 2 2 2 2 2 2
left_child=2 4 3 8 9 7 -3 -5 -1 -2 14 -8 -6 -4 -11
right_child=1 6 13 5 12 -7 11 -9 -10 10 -12 -13 -14 -15 -16
leaf_value=-0.014581947999740394 -0.010553396923993175 -0.01088760215091591 0.010696851362930363 0.0074569660285396765 -0.0022682902701198285 -0.0014955181563120431 -0.0085545992203432293 0.0036762898766843628 -0.0022976475556423528 -0.0023408508952786596 -0.00090085384297045805 -0.0037805981611699919 0.00098740606193143993 0.017130775712100154 -0.0091495141665041829
leaf_weight=4472.0284161269665 10744.265171058476 43366.497626431286 28474.277462303638 68048.69878911972 68095.816891402006 17417.535046204925 40352.104905493557 121100.27268859744 18473.206821218133 12657.62435233593 43008.853717245162 40208.29108607024 92985.541252687573 13976.047548517585 17338.847396031022
leaf_count=32031 76082 363912 140135 283262 356614 72829 318555 500457 88853 80331 247241 292688 446191 78800 113635
internal_value=-1.47926e-05 -0.00372173 0.0050115 0.00356815 -0.00164624 0.00448567 -0.00782207 0.00503644 -0.00469186 -0.00406456 -0.00310959 -0.00617186 -0.000388913 0.0128151 -0.00627646
internal_weight=640720 368758 271962 229512 244831 206567 123927 189149 22945.2 83749.6 73005.3 80560.4 161081 42450.3 29996.5
internal_count=3491616 2295249 1196367 977432 1320094 856548 975155 783719 120884 517289 441207 611243 802805 218935 193966
is_linear=0
shrinkage=0.0206149


Tree=76
num_leaves=16
num_cat=0
split_feature=18 1 3 1 21 18 20 22 23 10 22 23 10 18 21
split_gain=27145.3 9318.36 4568.46 3813.66 3291.44 1710.38 1689.54 1511.88 1278.87 1037.11 1007.1 891.028 850.146 804.415 776.953
threshold=2.5999996100000655 2.5000000000000004 1.5000000000000002 1.0000000180025095e-35 8.2718312277861497 1.5313724529258039 0.27415922373873075 1.0000000180025095e-35 2.7960288739116739 11.500000000000002 1.0000000180025095e-35 2.7960288739116739 6.5000000000000009 1.1490740240620738 5.471224972653717
decision_type=2 2 2 2 2 2 2 2 2 2 2 2 2 2 2
left_child=1 3 10 6 13 -5 -1 -4 12 14 -2 -12 -9 -3 -7
right_child=2 4 7 5 -6 9 -8 8 -10 -11 11 -13 -14 -15 -16
leaf_value=-0.010696597761900644 -0.017713794373657856 0.011036049544368414 -0.014304183918582476 0.0056576622186868255 0.015825816420274159 0.00061359159443030937 -0.0013586787196435473 -0.0025395735504858828 -0.0013855925795150227 -0.0034719713412331072 -0.010592232386336572 -0.0055422505491916491 -0.0063367926519500347 0.005510107946810925 0.0035795692254645245
leaf_weight=10888.119835078716 5772.3036227822304 15253.673119574785 5219.7220106944442 69242.290471196175 25978.963965475559 65842.227175533772 33785.047958016396 44391.761864967644 98107.625301130116 14456.298949360847 40073.878932736814 23587.990380957723 57528.085922963917 42075.803270980716 87298.274916380644
leaf_count=76993 59538 76737 43249 287056 135820 288659 166357 275800 569401 63727 349090 190855 359589 175541 373601
internal_value=-3.02188e-06 0.00368236 -0.00489779 0.00189007 0.00973876 0.00293215 -0.00363459 -0.00335147 -0.00306566 0.00180611 -0.00946871 -0.00872111 -0.00468289 0.0069804 0.00230436
internal_weight=639502 364821 274681 281512 83308.4 236839 44673.2 205247 200027 167597 69434.2 63661.9 101920 57329.5 153141
internal_count=3492013 1644491 1847522 1256393 388098 1013043 243350 1248039 1204790 725987 599483 539945 635389 252278 662260
is_linear=0
shrinkage=0.0206149


Tree=77
num_leaves=16
num_cat=0
split_feature=18 18 3 1 22 23 18 20 24 1 24 21 23 22 5
split_gain=26074.6 6886.21 6788.94 3778.05 2359.83 1714.38 1417.74 1384.94 1140.83 1098.06 1064.04 934.549 799.863 702.723 653.512
threshold=2.095454345413243 4.6333320955559074 10.500000000000002 1.0000000180025095e-35 1.0000000180025095e-35 2.6209397235558338 1.4545453553719085 0.27415922373873075 5.5000000000000009 1.0000000180025095e-35 9.5000000000000018 9.3677927501272205 2.7818369445906099 1.338999309490952 8.5000000000000018
decision_type=2 2 2 2 2 2 2 2 2 2 2 2 2 2 2
left_child=2 4 3 7 -2 9 -5 -1 -3 14 -7 -4 -10 -8 -6
right_child=1 8 11 6 5 10 13 -9 12 -11 -12 -13 -14 -15 -16
leaf_value=-0.013077719049832811 -0.015848757046421337 -0.011116979487416617 0.010295671885096813 0.0065220932397567688 -0.0051602607954922197 -0.0020270957870378728 0.0034902195249521691 -0.0015147177421422418 -0.0084592749397708871 -0.0019066482369715029 0.0014552039002028593 0.016847925136856758 -0.003683699721528991 -0.0016183556274631963 -0.012979760130074108
leaf_weight=5950.1478307619691 5051.0597813501954 37009.743946187198 28151.02451762557 77014.746791556478 39280.995761185884 70155.787581183016 116526.54716573656 16918.856467083097 37160.623739019036 68814.659238487482 79598.22691617161 13778.76588305831 24886.54065451026 12689.276577830315 5135.9834546670318
leaf_count=40705 42347 321578 139822 320683 247892 390566 482031 80362 303678 355767 400478 79013 187670 52663 46183
internal_value=-2.73705e-05 -0.00360798 0.00482236 0.00342656 -0.00189154 -0.00162347 0.00430811 -0.00452323 -0.00825246 -0.00353761 -0.000176161 0.0124488 -0.00654384 0.00298855 -0.00606444
internal_weight=638123 367094 271029 229100 268037 262986 206231 22869 99056.9 113232 149754 41929.8 62047.2 129216 44417
internal_count=3491438 2296159 1195279 976444 1483233 1440886 855377 121067 812926 649842 791044 218835 491348 534694 294075
is_linear=0
shrinkage=0.0206149


Tree=78
num_leaves=16
num_cat=0
split_feature=3 18 0 0 21 24 24 22 0 23 23 0 22 23 21
split_gain=25215.2 9797.19 3946.05 2652.03 2054.16 1870.5 1863.27 1392.16 1209.87 1462.44 1149.95 931.441 877.424 878.843 803.392
threshold=3.5000000000000004 1.3900965495314981 7.5000000000000009 1.5000000000000002 8.2718312277861497 7.5000000000000009 10.500000000000002 0.0069134866388865148 1.0000000180025095e-35 2.6209397235558338 2.8464398168079881 1.0000000180025095e-35 1.0000000180025095e-35 2.4005994537975353 9.2144797882848355
decision_type=2 2 2 2 2 2 2 2 2 2 2 2 2 2 2
left_child=2 3 5 4 -2 -1 7 -3 -8 -10 -7 -6 -4 -14 -5
right_child=1 6 12 14 11 10 8 -9 9 -11 -12 -13 13 -15 -16
leaf_value=-0.0065810994416002728 0.0073112066071579921 -0.017290784272919097 -0.018945945280011072 -0.00034777743844168705 0.014905377574396753 -0.0042153594262057791 0.0042277401960908421 -0.00054860485969586707 -0.0020639607003064102 0.0030413295788185462 4.1093408462226371e-05 0.0035105092913448924 -0.012481632122263397 -0.006438005120925354 -0.017834891582061897
leaf_weight=75383.817647002637 66368.658352673054 2151.0621736496687 5012.300879471004 5204.9967615604401 28401.617754220963 61999.226172819734 88301.488176062703 112467.35319824517 41071.236572101712 56852.568236738443 47747.027394555509 3415.1603136658669 23169.731051720679 18302.752204462886 1421.3717550188303
leaf_count=539657 293409 12832 54936 22667 149323 402594 370773 526479 192092 251402 286127 14395 215947 153850 6743
internal_value=-2.3958e-06 0.00309613 -0.00542922 0.00852385 0.00937574 -0.00408089 0.00120514 -0.000862808 0.00247793 0.000900067 -0.00236352 0.0136823 -0.0107991 -0.00981444 -0.0040988
internal_weight=637270 405656 231615 104812 98185.4 185130 300844 114618 186225 97923.8 109746 31816.8 46484.8 41472.5 6626.37
internal_count=3493226 1840115 1653111 486537 457127 1228378 1353578 539311 814267 443494 688721 163718 424733 369797 29410
is_linear=0
shrinkage=0.0206149


Tree=79
num_leaves=16
num_cat=0
split_feature=18 18 18 0 18 22 0 23 21 23 10 10 10 27 22
split_gain=24213.4 8809.42 4006.72 3877.05 1955.84 1684.7 1384.11 1326.49 1192.13 1112.64 1018.1 851.034 847.578 823.874 778.169
threshold=2.6833330872222456 1.1999999460000026 5.4499987725002805 3.5000000000000004 1.7303028940128671 1.0000000180025095e-35 1.0000000180025095e-35 2.8295142007679615 9.3677927501272205 2.3796303120642137 4.5000000000000009 6.5000000000000009 11.500000000000002 1.0000000180025095e-35 1.0000000180025095e-35
decision_type=2 2 2 2 2 2 2 2 2 2 2 2 2 2 2
left_child=1 6 5 4 10 -2 8 11 -1 -5 -3 -7 -6 -11 -4
right_child=2 3 14 9 12 7 -8 -9 -10 13 -12 -13 -14 -15 -16
leaf_value=0.010022122786887461 -0.014707310374505077 0.0075179306493663375 -0.016862935515881129 -0.010015142127129678 0.0016590017265995939 -0.0024119723192201617 0.0025513054795273599 -0.0011515286259769937 0.017106644621452335 -0.014436472630835457 0.0034466793276429061 -0.0062984331792965515 -0.0036045684111371333 0.00013194333314477214 -0.0084963407254299121
leaf_weight=35850.539987280965 5357.5843527689576 36433.234696477652 5104.8643634319305 12278.873758897185 148134.55423480272 41841.511641681194 7559.7361406236887 88373.45102635771 14049.87748798728 1882.8204666376114 92066.062049821019 55978.124332606792 14251.931710422039 13322.043443210423 63371.515487112105
leaf_count=175811 47982 148780 53275 80076 657943 265024 32155 519733 81699 13186 377394 361295 64733 75118 537297
internal_value=-3.80955e-06 0.00334232 -0.00484013 0.00200148 0.00270074 -0.00331012 0.0107715 -0.00298217 0.0120168 -0.00539949 0.004601 -0.00463603 0.00119704 -0.00167207 -0.00912006
internal_weight=635857 375830 260027 318370 290886 191551 57460.2 186193 49900.4 27483.7 128499 97819.6 162386 15204.9 68476.4
internal_count=3491501 1706895 1784606 1417230 1248850 1194034 289665 1146052 257510 168380 526174 626319 722676 88304 590572
is_linear=0
shrinkage=0.0206149


Tree=80
num_leaves=16
num_cat=0
split_feature=3 1 0 21 24 10 24 0 22 10 22 18 21 10 10
split_gain=23337 9133.39 3805.11 3160.61 2177.52 2168.31 1797.18 1509.14 1366.51 1058.88 877.448 834.199 787.69 812.67 887.186
threshold=3.5000000000000004 2.5000000000000004 7.5000000000000009 8.2718312277861497 10.500000000000002 6.5000000000000009 8.5000000000000018 1.5000000000000002 1.0000000180025095e-35 7.5000000000000009 1.0000000180025095e-35 5.4499987725002805 5.7587741414269402 1.5000000000000002 3.5000000000000004
decision_type=2 2 2 2 2 2 2 2 2 2 2 2 2 2 2
left_child=2 4 6 -3 8 12 11 -7 -2 -8 -4 -1 -6 -14 -15
right_child=1 3 10 -5 5 7 9 -9 -10 -11 -12 -13 13 14 -16
leaf_value=-0.0046408559253214307 -0.018908046647825433 0.0064023659947149017 -0.018831986462394312 0.015127737630052564 0.0021680286218465424 0.0021505694128034509 0.00035948814937355252 -0.0032386544347665471 -0.00062416851316233666 -0.0041028518403860206 -0.0095783752786367578 -0.0088728671589008712 -0.0006072791839773716 0.010037293875756531 0.0049064650640298791
leaf_weight=65158.26054495573 1764.831323184073 57870.512721955776 4872.5770048424602 25380.208547651768 31312.983858317137 80001.275695383549 45618.92387573421 30500.977665737271 110759.50756944716 44783.657111465931 40973.957296580076 28431.146887861192 6841.9537471681833 23340.862208783627 37064.759207725525
leaf_count=426585 11054 256607 54906 136145 136773 341272 282235 145795 519631 282345 369854 236547 29876 101350 160890
internal_value=-1.78906e-06 0.00297671 -0.00524813 0.00906242 0.00140128 0.00264578 -0.00392407 0.000663029 -0.000910933 -0.00185107 -0.0105619 -0.00592648 0.00486877 0.00612633 0.00688903
internal_weight=634676 404838 229839 83250.7 321587 209063 183992 110502 112524 90402.6 45846.5 93589.4 98560.6 67247.6 60405.6
internal_count=3491865 1839393 1652472 392752 1446641 915956 1227712 487067 530685 564580 424760 663132 428889 292116 262240
is_linear=0
shrinkage=0.0206149


Tree=81
num_leaves=16
num_cat=0
split_feature=18 3 2 0 18 10 18 10 10 18 23 10 0 23 0
split_gain=22289.7 6164.98 6110.49 3703.69 2247.37 1479.59 1272.17 985.938 993.415 918.59 872.109 796.69 790.579 755.536 730.148
threshold=2.095454345413243 1.5000000000000002 5.5000000000000009 3.5000000000000004 3.2928567431633158 11.500000000000002 1.4444443240740854 6.5000000000000009 1.5000000000000002 1.0465367478331578 2.3250492078427536 3.5000000000000004 10.500000000000002 2.3796303120642137 1.5000000000000002
decision_type=2 2 2 2 2 2 2 2 2 2 2 2 2 2 2
left_child=2 12 3 5 7 6 14 8 -3 -4 -9 -10 -2 -5 -1
right_child=1 4 9 13 -6 -7 -8 10 11 -11 -12 -13 -14 -15 -16
leaf_value=0.0071565129761291908 -0.0078640190983078461 -0.0055058400017072105 0.015694410149859554 -0.013198445653115013 -0.0042363181844933756 -0.0018002667062802799 0.0030778416883008139 -0.0047159222491892474 0.0049367815742969272 0.0093282096787833287 -0.0005734579259071322 0.00033831695905063661 -0.01353540568675345 -0.0029564870820114955 -9.0621853365207327e-05
leaf_weight=65634.77339309454 55258.975247889757 8550.5917886421084 16237.612707436085 5849.6159162819386 119677.10612666607 18351.531808495522 127385.20100685954 32607.809688076377 24517.861838012934 23677.737564697862 63967.308225423098 46147.722635194659 12880.171204604208 6420.5847673863173 6492.3903071433306
leaf_count=280797 479810 43321 97533 37385 798471 77707 528398 173366 123282 111020 318490 231946 126541 36650 26867
internal_value=-1.43406e-05 -0.00334639 0.00447208 0.00318064 -0.00205733 0.00380128 0.00431652 -0.000573889 0.00113075 0.011918 -0.00197213 0.00193378 -0.00893607 -0.00783917 0.00650418
internal_weight=633657 363608 270049 230134 295468 217864 199512 175791 79216.2 39915.4 96575.1 70665.6 68139.1 12270.2 72127.2
internal_count=3491584 2295227 1196357 987804 1688876 913769 836062 890405 398549 208553 491856 355228 606351 74035 307664
is_linear=0
shrinkage=0.0206149


Tree=82
num_leaves=16
num_cat=0
split_feature=18 18 4 0 10 10 0 24 0 21 18 10 10 22 23
split_gain=21642.9 7719.4 4063.2 3495.29 1702.89 2088.55 1467.42 1435.85 1354.75 1192.84 1006.84 995.656 961.3 943.614 922.836
threshold=2.5999996100000655 1.1999999460000026 8.9999925000067531 4.5000000000000009 3.5000000000000004 1.5000000000000002 1.5000000000000002 6.5000000000000009 1.5000000000000002 7.9721794323999591 1.0465367478331578 6.5000000000000009 11.500000000000002 1.0000000180025095e-35 2.6075280761259432
decision_type=2 2 2 2 2 2 2 2 2 2 2 2 2 2 2
left_child=1 8 7 4 5 -3 9 -2 10 12 -1 -9 -6 -4 -8
right_child=2 3 13 -5 6 -7 14 11 -10 -11 -12 -13 -14 -15 -16
leaf_value=0.014925245396764656 -0.0060454253182665365 -0.0012849854805807386 -0.017126508977234962 -0.0078070421827314907 0.0025260970653679026 0.0079209728563738695 -0.0048153298639611007 -0.00013202084796099455 -0.0080597984319189606 0.0074369554740016412 0.0089194457517352208 -0.0034787044968862223 -0.0025882052569655028 -0.0081261367843924164 0.0008630445230982522
leaf_weight=17313.761381685734 49466.139739304781 13856.490766480565 5383.5924486145377 14782.280663579702 147654.43270492554 42888.872919917107 20308.20798677206 67460.423124730587 1665.8329524546862 19019.76443362236 37677.823067516088 85860.609166100621 17466.377542227507 61512.096879906952 30325.153103113174
leaf_count=103926 341582 59654 59383 101495 624774 182686 95443 397301 7064 79625 178541 508753 74815 540023 137364
internal_value=-2.13657e-05 0.00326531 -0.00444482 0.00197232 0.00246821 0.005673 0.0016936 -0.00299148 0.0102555 0.00254823 0.0108103 -0.00200618 0.00198511 -0.00885046 -0.00141446
internal_weight=632642 362959 269683 306302 291519 56745.4 234774 202787 56657.4 184141 54991.6 153321 165121 66895.7 50633.4
internal_count=3492429 1645387 1847042 1355856 1254361 242340 1012021 1247636 289531 779214 282467 906054 699589 599406 232807
is_linear=0
shrinkage=0.0206149


Tree=83
num_leaves=16
num_cat=0
split_feature=18 18 18 0 22 10 21 23 0 0 23 21 21 10 22
split_gain=20828.9 7576.96 3959.04 3328.23 1694.18 1690.96 1605.46 1343.05 1313.85 1301.29 1253.79 1162.51 790.792 743.998 704.925
threshold=2.5999996100000655 1.1999999460000026 5.4999988541669156 4.5000000000000009 1.0000000180025095e-35 11.500000000000002 5.471224972653717 2.7960288739116739 1.0000000180025095e-35 1.0000000180025095e-35 2.7960288739116739 9.3677927501272205 8.498279917078472 6.5000000000000009 1.0000000180025095e-35
decision_type=2 2 2 2 2 2 2 2 2 2 2 2 2 2 2
left_child=1 8 4 5 -2 6 -3 13 11 12 -11 -1 -8 -6 -4
right_child=2 3 14 -5 7 -7 9 -9 -10 10 -12 -13 -14 -15 -16
leaf_value=0.0094326980585918169 -0.014226257667776847 0.00073985269270910746 -0.016420649197358164 -0.0076160349646266423 -0.0022548751389222512 -0.0026781418000732943 0.0052251925654670231 -0.00089220066005791035 0.0021644790115937576 -0.00068896772660762906 0.0044885735176208004 0.016532837351859259 0.012537537585412456 -0.0058262810405163758 -0.0081777867104921992
leaf_weight=35242.47328749299 5496.718318156898 93779.292856559157 4757.4489163979888 14728.612314321101 43564.075833946466 25180.368097543716 85324.857617288828 97091.674559414387 7546.5353022366762 35935.460717022419 44477.982958033681 13574.744656980038 6784.8462421745062 57516.923492670059 60211.834358476102
leaf_count=175686 50523 410196 51942 101581 276277 110057 355943 569722 32258 158666 190473 81516 28608 373565 523399
internal_value=1.13707e-07 0.00322349 -0.00435039 0.00194493 -0.00293694 0.00242805 0.00291087 -0.00262381 0.0101696 0.00409098 0.00217481 0.0114071 0.00576382 -0.00428707 -0.00878138
internal_weight=631214 362575 268639 306211 203669 291483 266302 198173 56363.8 172523 80413.4 48817.2 92109.7 101081 64969.3
internal_count=3490412 1644984 1845428 1355524 1270087 1253943 1143886 1219564 289460 733690 349139 257202 384551 649842 575341
is_linear=0
shrinkage=0.0206149


Tree=84
num_leaves=16
num_cat=0
split_feature=3 18 2 18 9 24 10 22 18 23 22 23 9 22 22
split_gain=20102.7 8020.3 3369.25 2310.77 1931.08 1615.77 1675.75 1475.93 1364.29 1340.45 1300.7 994.61 740.416 707.653 693.27
threshold=3.5000000000000004 1.3900965495314981 1.0000000180025095e-35 1.0465367478331578 0.00019500000000000005 10.500000000000002 6.5000000000000009 1.0000000180025095e-35 3.749999296875147 2.4005994537975353 0.0069134866388865148 2.6209397235558338 1.0000000180025095e-35 1.4393531641324226 1.3014532366795726
decision_type=2 2 2 2 2 2 2 2 2 2 2 2 2 2 2
left_child=2 3 7 -2 -5 10 -7 -1 -4 -9 -3 12 -8 -12 -6
right_child=1 5 8 4 14 6 11 9 -10 -11 13 -13 -14 -15 -16
leaf_value=-0.017803529272028086 0.014654760798178439 -0.016986014427485322 -0.00094458801954847319 -0.0112656799895576 0.0073995628087261053 0.0043327724879373896 -0.0082976505076274854 -0.010421187790403156 -0.0048755011125693358 -0.0045947616737274022 -5.1325070271116461e-05 0.0021286683564142065 -0.00082437335485961889 -0.0056751868544331167 -1.3536690410508366e-05
leaf_weight=6646.3385041505098 17038.341605633497 2090.6602418348193 66149.414665438235 2567.4716379642487 77449.096857219934 86638.352972373366 6751.6011524647474 34904.163150258362 86700.269154526293 32317.608925648034 102033.46385964751 58755.546091362834 34034.86675311625 10485.668804600835 5759.9384737461805
leaf_count=75083 103952 12821 373062 13125 343791 375512 37209 321255 620318 262459 477807 253742 147128 49405 25071
internal_value=-9.28977e-06 0.00274996 -0.00492133 0.00772048 0.00634308 0.00105096 0.00223641 -0.00853633 -0.0031743 -0.00762007 -0.000874768 0.000411798 -0.00206146 -0.000575413 0.00688641
internal_weight=630323 403605 226718 102815 85776.5 300790 186180 73868.1 152850 67221.8 114610 99542 40786.5 112519 83209
internal_count=3491740 1839563 1652177 485939 381987 1353624 813591 658797 993380 583714 540033 438079 184337 527212 368862
is_linear=0
shrinkage=0.0206149


Tree=85
num_leaves=16
num_cat=0
split_feature=18 1 18 0 21 10 21 22 0 10 10 10 10 10 22
split_gain=19523.2 7244.73 3516.1 3040.83 2847.04 1520.98 1519.78 1510.45 986.353 964.523 871.807 847.369 993.21 718.087 711.583
threshold=2.6833330872222456 2.5000000000000004 5.4999988541669156 3.5000000000000004 8.2718312277861497 10.500000000000002 5.471224972653717 1.0000000180025095e-35 7.5000000000000009 6.5000000000000009 1.5000000000000002 4.5000000000000009 1.5000000000000002 5.5000000000000009 1.0000000180025095e-35
decision_type=2 2 2 2 2 2 2 2 2 2 2 2 2 2 2
left_child=1 3 7 5 -3 6 -1 -2 13 10 -9 12 -8 -5 -4
right_child=2 4 14 8 -6 -7 11 9 -10 -11 -12 -13 -14 -15 -16
leaf_value=0.00059351450388889194 -0.01396627110473442 0.0058904223212932396 -0.016338362638849507 0.0010023034728223925 0.014283467481747815 -0.0012504235329379005 -0.00027742268955901773 -0.0068459972935196144 -0.014766424844141016 -0.003996871194608541 -0.00021868367542712022 0.0029646115746661227 0.0075966519129861462 -0.0063947940303198504 -0.0079692640737224468
leaf_weight=79579.111987784505 5193.7595138773322 56688.256614997983 4654.7803472280502 9177.8226942792535 24641.955821305513 46147.280941039324 8131.4554290920496 9567.0081534311175 3839.3919977247715 105150.45286493003 71317.246412195265 89696.155972272158 41819.418233707547 14215.988264679909 59580.143608175218
leaf_count=349460 48886 253249 52100 51372 136271 202505 34740 59816 33777 661182 439790 384441 177301 84022 523502
internal_value=-1.01727e-05 0.00299077 -0.00440284 0.00147799 0.0084334 0.00215121 0.00286726 -0.00300113 -0.00508216 -0.002695 -0.00100256 0.00416297 0.00631484 -0.00349278 -0.00857573
internal_weight=629400 373937 255463 292607 81330.2 265373 219226 191228 27233.2 186035 80884.3 139647 49950.9 23393.8 64234.9
internal_count=3492414 1707138 1785276 1317618 389520 1148447 945942 1209674 169171 1160788 499606 596482 212041 135394 575602
is_linear=0
shrinkage=0.0206149


Tree=86
num_leaves=16
num_cat=0
split_feature=18 3 3 0 24 10 0 21 23 23 10 0 21 10 23
split_gain=18739.8 5420.18 5414.79 3113.65 2150.55 1416.71 1398.81 1483.09 1334.59 1274.09 1007.69 817.987 811.11 760.027 731.57
threshold=2.095454345413243 10.500000000000002 1.5000000000000002 4.5000000000000009 8.5000000000000018 6.5000000000000009 1.0000000180025095e-35 7.9721794323999591 2.7960288739116739 2.3250492078427536 1.5000000000000002 9.5000000000000018 9.3677927501272205 11.500000000000002 3.8803755942346112
decision_type=2 2 2 2 2 2 2 2 2 2 2 2 2 2 2
left_child=1 3 11 6 14 10 7 13 -8 -7 -6 -2 -3 -1 -4
right_child=2 12 4 -5 5 9 8 -9 -10 -11 -12 -13 -14 -15 -16
leaf_value=0.0042970646869089323 -0.0069534168769727605 0.0090924274609895418 -0.0053595165009934238 -0.010697450714686856 -0.0050722564341242277 -0.0051049081191483743 -0.0014593677736425071 0.0099477497585508251 0.0035133979728175671 -0.00037943268510313207 0.0022532415427865492 -0.012003201361349943 0.015385117743239919 -0.0018798164387782577 -0.0016942866576307046
leaf_weight=99007.073940306902 46932.594390250742 27137.868433788419 73871.382048264146 6958.2977193593979 8948.0550107359886 38903.444086261094 39944.725162059069 19479.158185914159 53863.056905061007 64364.526481479406 73776.609220333397 19212.58366831392 12815.948370337486 9256.9891576468945 33700.602514259517
leaf_count=409990 411665 139917 480082 48130 48585 225774 170705 83647 225982 336439 394639 194693 79110 38597 203382
internal_value=-1.57444e-05 0.00410577 -0.00309177 0.00288095 -0.00189118 -0.000549327 0.00330741 0.00471111 0.00139592 -0.00215963 0.00146087 -0.00842018 0.0111109 0.00376892 -0.00421126
internal_weight=628173 268463 359710 228509 293565 185993 221551 127743 93807.8 103268 82724.7 66145.2 39953.8 108264 107572
internal_count=3491337 1196078 2295259 977051 1688901 1005437 928921 532234 396687 562213 443224 606358 219027 448587 683464
is_linear=0
shrinkage=0.0206149


Tree=87
num_leaves=16
num_cat=0
split_feature=3 1 0 3 10 10 0 24 23 24 10 22 23 22 23
split_gain=17883.5 7182.66 3366.95 1887.46 1853.01 2316.64 1827.27 1634.21 1250.99 1078.99 961.162 839.75 890.831 783.339 751.337
threshold=3.5000000000000004 2.5000000000000004 7.5000000000000009 10.500000000000002 3.5000000000000004 1.5000000000000002 1.5000000000000002 8.5000000000000018 2.4346578311628386 10.500000000000002 7.5000000000000009 1.0000000180025095e-35 1.0345942064756122 0.0069134866388865148 2.3599438266032329
decision_type=2 2 2 2 2 2 2 2 2 2 2 2 2 2 2
left_child=2 4 7 -3 5 -2 9 -1 -8 -6 -9 -4 -13 -7 -12
right_child=1 3 11 -5 6 13 8 10 -10 -11 14 12 -14 -15 -16
leaf_value=-0.0053538958368056682 -0.0026950393953783362 0.0054419274834290642 -0.018209859634984428 0.011815225162052563 -0.00074204139607849902 -0.018842783400156153 -0.0058939863377462298 0.00068005538286989859 -0.00028280811396309672 0.0026275311826832212 -0.0066047692851341358 -0.014797494930022246 -0.0072092960988769045 0.006676062447810582 -0.0011869678571178382
leaf_weight=91443.559427149594 15477.976994097233 48012.633117616177 4511.1437566354871 33543.835095494986 60292.104702785611 516.45571752637625 26754.729982018471 45183.205160483718 45773.502456530929 122319.1410625577 19611.176162689924 8345.4611772820354 30987.106631413102 50209.58549708128 24427.687389358878
leaf_count=663283 69838 203222 55110 189524 275510 3090 136640 281893 218974 520856 132921 82733 286751 222910 149438
internal_value=1.55959e-06 0.00259962 -0.00466087 0.00806324 0.00121296 0.0042861 0.000415541 -0.00341722 -0.0023527 0.00151501 -0.00143233 -0.00978554 -0.00881934 0.00641625 -0.0035996
internal_weight=627409 402900 224509 81556.5 321343 66204 255139 180666 72528.2 182611 89222.1 43843.7 39332.6 50726 44038.9
internal_count=3492693 1840564 1652129 392746 1447818 295838 1151980 1227535 355614 796366 564252 424594 369484 226000 282359
is_linear=0
shrinkage=0.0206149


Tree=88
num_leaves=16
num_cat=0
split_feature=18 18 3 0 22 23 0 10 10 10 18 0 23 21 24
split_gain=17346.5 5694.59 4639.69 2891.79 2309.23 1618.75 1224.58 1221.41 1031.86 965.059 943.237 914.409 997.15 915.691 822.65
threshold=1.9999996904762389 4.8166657838890528 10.500000000000002 3.5000000000000004 1.0000000180025095e-35 2.9063507024699908 7.5000000000000009 3.5000000000000004 1.5000000000000002 8.5000000000000018 8.4166631527793054 1.0000000180025095e-35 2.6209397235558338 7.9721794323999591 9.5000000000000018
decision_type=2 2 2 2 2 2 2 2 2 2 2 2 2 2 2
left_child=2 4 3 7 -2 6 9 8 -1 -6 -3 13 -13 -9 -7
right_child=1 10 -4 -5 5 14 -8 11 -10 -11 -12 12 -14 -15 -16
leaf_value=0.00061185065002546341 -0.014858017656698089 -0.0063670040401788445 0.010767894672102053 -0.0081330337446222558 -0.00084276317732663076 -0.0012559997484003018 -0.0097447042557988559 0.0031257985812005624 0.0085611853963802834 -0.0043285969285463089 -0.011757028287456082 -0.0027322766746854664 0.002821760094536982 0.008676767148842442 0.0018863004978291555
leaf_weight=8922.4092196822166 5329.4240047261119 66175.762232623994 39591.943611711264 9369.4279534816742 89423.254822015762 66479.695994086564 9650.1811748296022 79349.22609218955 31222.625584661961 54215.376039490104 17432.047224111855 22043.530874252319 36457.445211619139 15019.610222101212 75749.78420869261
leaf_count=37094 48421 566328 219377 57305 486471 373906 88564 327900 129521 304992 170268 92389 150846 64606 374774
internal_value=-1.0034e-05 -0.00273156 0.00431397 0.00305141 -0.00140893 -0.00116639 -0.00263605 0.00359433 0.00679441 -0.00215847 -0.00749081 0.00275395 0.000728965 0.00400928 0.000417553
internal_weight=626432 384456 241976 202384 300848 295518 153289 193015 40145 143639 83607.8 152870 58501 94368.8 142229
internal_count=3492762 2413724 1079038 859661 1677128 1628707 880027 802356 166615 791463 736596 635741 243235 392506 748680
is_linear=0
shrinkage=0.0206149


Tree=89
num_leaves=16
num_cat=0
split_feature=18 18 18 20 10 18 24 18 0 10 10 24 0 21 10
split_gain=16922.7 6434.34 3170.97 2881.34 1581.81 1440.88 1163.65 1162.23 868.334 846.49 724.582 662.914 584.938 584.525 684.55
threshold=2.6833330872222456 1.1999999460000026 5.4999988541669156 0.27415922373873075 11.500000000000002 1.6249998476562661 6.5000000000000009 1.0465367478331578 1.5000000000000002 6.5000000000000009 1.5000000000000002 5.5000000000000009 3.5000000000000004 5.471224972653717 6.5000000000000009
decision_type=2 2 2 2 2 2 2 2 2 2 2 2 2 2 2
left_child=1 7 6 -3 5 -5 -2 -1 -9 10 -8 -4 -11 -7 -15
right_child=2 3 11 4 -6 13 9 8 -10 12 -12 -13 -14 14 -16
leaf_value=0.013894598542922501 -0.0056191347564479013 -0.0083147987792619813 -0.010703239191448494 0.0045804358153609869 -0.0027421399276729747 0.00013440868469558994 -0.0062038272234584977 0.0080035327549994179 -0.0072435843741616686 -0.0020695370208548068 0.00072616664109076314 -0.0063873712275524875 -0.0058482188790072321 0.0041306397656483054 0.0007858693774548159
leaf_weight=16434.314011991024 46583.921024553478 11831.637660682201 25410.258116222918 94589.254970923066 26683.487687982619 80646.453928269446 7249.0602048784494 36908.121996819973 1658.6860200017691 54828.880634777248 55516.992278940976 37364.310533456504 25509.685605861247 52464.50832619518 51557.838844820857
leaf_count=103954 334372 86950 246405 389778 118369 364205 44533 178881 7048 311237 334293 328814 184301 228759 229482
internal_value=2.88437e-06 0.00279394 -0.00411825 0.00166717 0.0020532 0.0025114 -0.00278918 0.00930397 0.00734778 -0.00186796 -7.42014e-05 -0.00813437 -0.00326937 0.00145162 0.00247283
internal_weight=625237 372774 252463 317773 305942 279258 189689 55001.1 38566.8 143105 62766.1 62774.6 80338.6 184669 104022
internal_count=3491381 1707426 1783955 1417543 1330593 1212224 1208736 289883 185929 874364 378826 575219 495538 822446 458241
is_linear=0
shrinkage=0.0206149


Tree=90
num_leaves=16
num_cat=0
split_feature=18 18 18 20 24 22 18 23 22 23 22 9 22 9 23
split_gain=16229 6130.59 3118.94 2744.15 1486.31 1429.38 1177.11 1128.06 958.163 915.828 686.815 677.293 650.705 645.721 604.795
threshold=2.6833330872222456 1.1999999460000026 5.4999988541669156 0.27415922373873075 10.500000000000002 1.0000000180025095e-35 1.0363756236763753 2.8464398168079881 0.0069134866388865148 2.9063507024699908 1.0000000180025095e-35 1.0000000180025095e-35 1.4393531641324226 1.0000000180025095e-35 2.4853520910802467
decision_type=2 2 2 2 2 2 2 2 2 2 2 2 2 2 2
left_child=1 6 5 -3 8 -2 -1 -7 -5 11 -4 -6 -10 -8 -12
right_child=2 3 10 4 9 7 13 -9 12 -11 14 -13 -14 -15 -16
leaf_value=0.01422506187135586 -0.013579512101309445 -0.0081192746126216523 -0.015839552441176272 -0.016285591739030034 -0.0029824545638592707 -0.0039524736706659305 -0.01696267989929225 -0.00072287148376687783 0.00065384241586371984 0.0042799114738959728 -0.0094060262463016003 0.002185014115857864 -0.005486763839295087 0.0076004262335892326 -0.0051876536206464895
leaf_weight=14167.30532002449 5017.9005627781153 11797.591790854931 4450.5643927976489 1538.7406345903873 12232.513816207647 97387.643052205443 460.04540556669235 87040.067912876606 83933.816474452615 109399.13700918853 30935.241279929876 90720.725006848574 8035.8179941028357 40042.631764754653 27094.003055952489
leaf_count=91286 48978 87109 52145 8853 61359 640067 2236 520035 379076 461162 290318 383221 36504 196052 233613
internal_value=-5.88976e-08 0.00273407 -0.00404091 0.00163667 0.00201298 -0.00272364 0.00911045 -0.00242827 -0.000152611 0.00296659 -0.00803503 0.00157104 0.000117309 0.00732143 -0.00743646
internal_weight=624254 372328 251925 317658 305861 189446 54670 184428 93508.4 212352 62479.8 102953 91969.6 40502.7 58029.2
internal_count=3492014 1706858 1785156 1417284 1330175 1209080 289574 1160102 424433 905742 576076 444580 415580 198288 523931
is_linear=0
shrinkage=0.0206149


Tree=91
num_leaves=16
num_cat=0
split_feature=18 18 3 0 22 18 0 10 10 22 10 10 10 0 21
split_gain=15527.8 5448.18 3887.25 2586.73 1806.43 1534.99 1200.93 1131.67 1037.01 944.23 898.522 859.12 1673.51 840.69 859.466
threshold=1.8749998242187684 3.749999296875147 10.500000000000002 3.5000000000000004 1.0000000180025095e-35 6.9999979583339416 7.5000000000000009 3.5000000000000004 10.500000000000002 1.0000000180025095e-35 1.5000000000000002 1.5000000000000002 3.5000000000000004 1.0000000180025095e-35 7.9721794323999591
decision_type=2 2 2 2 2 2 2 2 2 2 2 2 2 2 2
left_child=2 4 3 7 -2 9 8 10 11 -3 -1 -6 -13 14 -9
right_child=1 5 -4 -5 6 -7 -8 13 -10 -11 -12 12 -14 -15 -16
leaf_value=0.00078519656653199107 -0.015756455765890767 -0.013260522391657223 0.010285751237769014 -0.0087010525475894017 -0.0048975982446896214 -0.0099087806784952295 -0.0084790777408573752 0.0030993692755096605 -0.0029985416987535853 -0.0041805837721389932 0.0086595813504663031 0.0049243150018826757 -0.00012862456209334025 0.00069571899364324332 0.0085816913127413109
leaf_weight=7926.6204617023468 3319.0413304418325 5094.7821539565921 38906.689248025417 7555.814736135304 12070.919364988804 28854.284436158836 7677.8284529522061 73132.85422500968 45873.074796847999 108925.78169751912 27603.767235860229 33914.979217424989 155886.46283657849 51678.146222323179 14574.1205842942
leaf_count=32894 29275 54303 219172 46598 60649 281354 67589 302078 235954 822474 114598 165774 780888 213754 63004
internal_value=-1.37443e-05 -0.00243006 0.00436986 0.00310847 -0.000645858 -0.0056612 -0.000449507 0.00361861 -0.000200664 -0.0045863 0.00690285 0.00043512 0.000774268 0.00278143 0.00401036
internal_weight=622995 401617 221378 182471 258742 142875 255423 174916 247745 114021 35530.4 201872 189801 139385 87707
internal_count=3490358 2498260 992098 772926 1340129 1158131 1310854 726328 1243265 876777 147492 1007311 946662 578836 365082
is_linear=0
shrinkage=0.0206149


Tree=92
num_leaves=16
num_cat=0
split_feature=18 2 0 3 18 23 22 21 24 0 22 23 23 22 22
split_gain=14905.8 6079.76 3179.63 2687 1694.91 1681.61 1198.66 1171.69 1022.45 873.38 845.904 848.568 795.622 770.974 720.064
threshold=2.8257572115473426 5.5000000000000009 1.5000000000000002 1.5000000000000002 1.5313724529258039 2.3599438266032329 0.0069134866388865148 9.3677927501272205 5.5000000000000009 6.5000000000000009 1.0000000180025095e-35 2.4853520910802467 2.9063507024699908 1.4393531641324226 1.3014532366795726
decision_type=2 2 2 2 2 2 2 2 2 2 2 2 2 2 2
left_child=1 2 4 10 14 9 -7 -3 -5 -4 -2 -12 -10 -6 -1
right_child=3 7 5 8 13 6 -8 -9 12 -11 11 -13 -14 -15 -16
leaf_value=0.0056949147049120659 -0.016107360160558006 0.0079859547413070279 -0.0040960818366056933 -0.0061700267737576694 0.002009460755522159 -0.015837290016797741 0.00095957266059619321 0.015969409510141953 -0.0034321248177720779 -0.014556189408884423 -0.0093973010719919682 -0.0043907110361049786 -0.00030635782357759864 -0.0031455763859035081 -0.0010816173960847438
leaf_weight=80486.47874763608 4785.2319319471717 26917.220273464918 30308.222103334963 31094.434758074582 153971.89080409706 1862.3406866416335 59172.762584388256 11007.298671379685 77571.709108248353 3819.8229276016355 31202.531335130334 26695.456748694181 62479.640507332981 13402.464089661837 7265.2375118881464
leaf_count=344982 58745 137447 152882 229637 664715 13468 285936 71697 500945 34272 301513 233791 370193 59487 30456
internal_value=-1.40074e-05 0.00246263 0.00161377 -0.00412583 0.0028133 -0.0016021 0.000447056 0.0103031 -0.00278844 -0.00526684 -0.00777735 -0.00708888 -0.00203766 0.00159667 0.00513386
internal_weight=622043 388214 350289 233829 255126 95163.1 61035.1 37924.5 171146 34128 62683.2 57898 140051 167374 87751.7
internal_count=3490166 1795342 1586198 1694824 1099640 486558 299404 209144 1100775 187154 594049 535304 871138 724202 375438
is_linear=0
shrinkage=0.0206149


Tree=93
num_leaves=16
num_cat=0
split_feature=3 18 0 18 24 0 10 24 23 23 10 10 23 21 10
split_gain=14485 6068.97 3115.86 1932.22 1666.64 1626.33 1347.86 1164.74 1032.69 887.488 843.757 760.711 578.92 578.477 527.845
threshold=3.5000000000000004 1.3900965495314981 8.5000000000000018 1.0465367478331578 6.5000000000000009 2.5000000000000004 11.500000000000002 9.5000000000000018 2.7960288739116739 2.9063507024699908 6.5000000000000009 7.5000000000000009 1.0345942064756122 5.471224972653717 11.500000000000002
decision_type=2 2 2 2 2 2 2 2 2 2 2 2 2 2 2
left_child=2 3 4 -2 -1 14 7 -3 11 10 -9 -6 -4 -11 -5
right_child=1 6 12 5 8 -7 -8 9 -10 13 -12 -13 -14 -15 -16
leaf_value=-0.0061071239359432533 0.013302746728579657 -0.0010848290116166777 -0.015612636068059845 0.0065050723977289442 -0.0015036328533346241 -0.010861648978091203 -0.0035779808824356885 0.002533804659194611 6.0325682760286373e-05 0.0012973227342937526 -0.0012328562977249212 -0.0057932686937177281 -0.0087933127441576879 0.0044753044331295967 0.00070857485357892001
leaf_weight=59190.80677357316 15980.98492975533 65890.850761629641 6745.4880128651857 74607.71634311974 35488.423996075988 2509.4175842776895 26341.72914288193 51197.540884271264 59678.982218384743 37377.991598397493 49912.814838826656 34793.306804701686 24527.520021654665 69790.094974391162 7332.4567115753889
leaf_count=468812 104188 318561 71664 336605 242655 13077 121913 226926 373874 163071 225347 246162 248916 297662 32824
internal_value=8.58397e-06 0.00234234 -0.0042364 0.00672961 -0.0032398 0.00548573 0.000876114 0.00130406 -0.00193388 0.0020598 0.000674404 -0.00362724 -0.0102642 0.00336689 0.00598637
internal_weight=621366 400942 220425 100431 189152 84449.6 300511 274169 129961 208278 101110 70281.7 31273 107168 81940.2
internal_count=3492257 1840174 1652083 486694 1331503 382506 1353480 1231567 862691 913006 452273 488817 320580 460733 369429
is_linear=0
shrinkage=0.0206149


Tree=94
num_leaves=16
num_cat=0
split_feature=18 2 4 20 18 10 24 22 22 23 22 10 10 20 23
split_gain=14000.9 5625.5 2781.02 2611.93 1711.82 1045.54 1022.13 876.235 832.082 781.461 764.803 946.425 1362.76 756.116 743.159
threshold=2.6833330872222456 5.5000000000000009 8.9999925000067531 0.27415922373873075 1.4545453553719085 11.500000000000002 5.5000000000000009 1.0000000180025095e-35 1.0000000180025095e-35 2.7960288739116739 1.338999309490952 3.5000000000000004 2.5000000000000004 1.0516766505378228 2.9063507024699908
decision_type=2 2 2 2 2 2 2 2 2 2 2 2 2 2 2
left_child=1 3 6 -1 -5 8 -2 -4 -6 -9 11 12 -10 -3 -13
right_child=2 13 7 4 5 -7 -8 9 10 -11 -12 14 -14 -15 -16
leaf_value=-0.0079208182209972444 -0.0058873819314420187 0.013624779998729863 -0.016084910498838347 0.0046147621089808709 -0.016568671175163113 -0.003223175731191004 -0.001842093191105466 -0.0087306014308121595 0.0016529114628771253 -0.0037764872475519857 -0.0019925718903159697 -0.00022637764462215667 0.0090796250616270498 0.0076664501569849658 0.0026454761956871508
leaf_weight=11638.520002648234 32032.943907432258 15285.834343761206 4737.9905029088259 80908.690084204078 1069.4477544724941 21195.052749298513 154915.63157414645 35878.535152643919 25059.266796886921 21724.299418516457 21928.951167047024 71598.059558480978 18072.394908308983 22190.703217178583 82320.569296136498
leaf_count=87279 236953 101082 59338 350409 6595 95809 950833 347601 108545 190305 96422 318747 78012 107628 356961
internal_value=-1.37357e-05 0.00252359 -0.00379259 0.00167332 0.00201993 0.00114967 -0.00253524 -0.00756315 0.00157086 -0.00686221 0.00165945 0.00206587 0.00476474 0.0100967 0.00130958
internal_weight=620557 371267 249289 333791 322152 241244 186949 62340.8 220049 57602.8 218979 197050 43131.7 37476.5 153919
internal_count=3492519 1707489 1785030 1498779 1411500 1061091 1187786 597244 965282 537906 958687 862265 186557 208710 675708
is_linear=0
shrinkage=0.0206149


Tree=95
num_leaves=16
num_cat=0
split_feature=1 0 21 18 22 18 10 0 10 10 21 10 0 22 22
split_gain=13592.4 5758.33 4404 2023.19 1948.62 1351.28 1203.4 973.726 882.621 1468.47 851.957 824.336 723.642 608.932 600.922
threshold=1.5000000000000002 4.5000000000000009 7.9721794323999591 3.4722215933643286 1.0000000180025095e-35 1.5313724529258039 6.5000000000000009 1.0000000180025095e-35 3.5000000000000004 1.5000000000000002 9.4455548799437086 11.500000000000002 8.5000000000000018 1.3014532366795726 0.06081292421828445
decision_type=2 2 2 2 2 2 2 2 2 2 2 2 2 2 2
left_child=1 3 5 8 -3 11 12 10 9 -1 -4 13 -6 -2 -10
right_child=2 4 7 -5 6 -7 -8 -9 14 -11 -12 -13 -14 -15 -16
leaf_value=-0.0037799029880879976 0.0060078675617707957 -0.016629331150621075 0.0089438905052127062 -0.0034794434503813555 -0.0014439836983238124 0.0011178422858799135 -0.007893815610542006 0.0023137262532903248 -0.0093772073511348263 0.0050393194210910618 0.015490592705574751 -0.0023671527204827151 -0.0073621901940966426 -0.00080552651102002934 -0.00025669371149474702
leaf_weight=10631.366853311658 62552.937748536468 7554.9218268319964 25040.805424936116 87363.24967507273 29929.364928655326 104533.84585406631 50415.461868532002 6160.3648366183043 3129.3606777340174 32709.709474526346 12748.299220234156 6342.0170970857143 12425.377738118172 6119.836535140872 161892.15357448161
leaf_count=49879 279296 89403 121602 616032 224667 462407 430531 26217 17468 149655 80210 27705 123552 26223 766924
internal_value=-1.81809e-07 -0.00229396 0.00406453 -0.000846148 -0.00656166 0.00263282 -0.00574178 0.00991353 0.000257953 0.002876 0.0111524 0.00474397 -0.00318018 0.00540069 -0.000429649
internal_weight=619549 396051 223498 295726 100325 179549 92770.2 43949.5 208363 43341.1 37789.1 75014.8 42354.7 68672.8 165022
internal_count=3491771 2468111 1023660 1599958 868153 795631 778750 228029 983926 199534 201812 333224 348219 305519 784392
is_linear=0
shrinkage=0.0206149


Tree=96
num_leaves=16
num_cat=0
split_feature=0 18 23 22 24 0 18 24 10 22 10 10 22 18 10
split_gain=12935.5 6365.59 3528.24 2533.41 2082.19 1714.6 1644.79 1182.37 999.482 777.704 764.167 707.313 593.593 562.699 543.644
threshold=1.5000000000000002 1.4545453553719085 2.4853520910802467 1.0000000180025095e-35 9.5000000000000018 6.5000000000000009 1.0769230147929036 8.5000000000000018 3.5000000000000004 1.4393531641324226 10.500000000000002 2.5000000000000004 1.3014532366795726 3.7321421230868901 6.5000000000000009
decision_type=2 2 2 2 2 2 2 2 2 2 2 2 2 2 2
left_child=1 6 5 -4 9 8 -1 -5 11 13 -6 -2 -8 -3 -7
right_child=2 4 3 7 10 14 12 -9 -10 -11 -12 -13 -14 -15 -16
leaf_value=0.0115339017318495 -0.0035334570722188904 -3.3217485101733693e-06 -0.013546678648642591 -0.0033202237899836382 0.0026007994791978034 -0.0073894885389212874 0.0058455293056053964 0.00065172904320824707 -0.0058984947272313314 -0.0064873709904688668 -0.00097335384555434219 0.0055620974225271845 -0.00055727356998617214 -0.0042816995241505085 -0.012897888994600542
leaf_weight=23220.548070892692 9463.6780029907823 50696.963699445128 7008.5634159073234 50942.867855072021 144836.63450358808 13546.461079344153 77849.46115899086 84979.026213347912 63822.820821486413 13701.398744650185 30833.508908078074 5897.7460480779409 6681.4341559708118 17599.23823517561 17387.273942470551
leaf_count=145418 57865 246565 73181 366579 647166 134957 342513 472684 411005 81858 140882 35389 28652 126937 179602
internal_value=-1.40905e-05 0.00246687 -0.00359677 -0.00146016 0.000707384 -0.00637003 0.00667436 -0.00083694 -0.00476224 -0.00200505 0.00197347 -4.13804e-05 0.00533944 -0.00110582 -0.0104857
internal_weight=618468 365419 253048 142930 257668 110118 107751 135922 79184.2 81997.6 175670 15361.4 84530.9 68296.2 30933.7
internal_count=3491253 1759991 1731262 912444 1243408 818818 516583 839263 504259 455360 788048 93254 371165 373502 314559
is_linear=0
shrinkage=0.0206149


Tree=97
num_leaves=16
num_cat=0
split_feature=0 18 27 23 24 18 18 0 12 18 17 21 0 20 24
split_gain=12545.2 6894.15 2712.56 2615.73 2304.43 1764.01 848.766 831.818 650.991 635.718 628.409 618.27 798.094 570.285 564.927
threshold=2.5000000000000004 1.4545453553719085 1.0000000180025095e-35 2.3599438266032329 9.5000000000000018 1.0465367478331578 3.7321421230868901 8.5000000000000018 1.0000000180025095e-35 6.5499985275003363 27.500000000000004 7.9721794323999591 1.0000000180025095e-35 0.41666564930803823 11.500000000000002
decision_type=2 2 2 2 2 2 2 2 2 2 2 2 2 2 2
left_child=1 5 13 7 6 -1 -3 10 14 -5 -4 -7 -13 -2 -6
right_child=2 4 3 9 8 11 -8 -9 -10 -11 -12 12 -14 -15 -16
leaf_value=0.012733189720707657 -0.012609747061352098 -0.00087500585141716462 -0.0042902673443183069 -0.00043067443484167729 -0.00013798144204813341 0.0042020282347322033 -0.0048105021443067752 -0.011371215767552373 0.0038257347415628124 -0.0060224215508259786 -0.009893812975939326 0.0097259321583881234 0.0013938207830009007 -0.0068704062811629331 0.0022344273334362133
leaf_weight=15459.685539022088 17624.085058301687 76160.379302963614 41735.840128287673 75387.226905345917 87629.79303920269 69773.054139614105 33547.383510753512 12391.208273902535 44126.058838613331 9758.8181807100773 10681.843478508294 21529.965713709593 6319.4284007102251 12630.157087959349 83111.467681527138
leaf_count=103916 185555 377309 297831 474058 413589 303381 246532 132177 194513 91020 76803 105570 26385 94713 369733
internal_value=-5.24047e-06 0.00187968 -0.00458297 -0.00344693 0.000352489 0.00626312 -0.00207844 -0.0065677 0.00159368 -0.00107156 -0.00543218 0.0052385 0.00783526 -0.0102138 0.00101683
internal_weight=617866 437657 180209 149955 324575 113082 109708 64808.9 214867 85146 52417.7 97622.4 27849.4 30254.2 170741
internal_count=3493085 2140928 1352157 1071889 1601676 539252 623841 506811 977835 565078 374634 435336 131955 280268 783322
is_linear=0
shrinkage=0.0206149


Tree=98
num_leaves=16
num_cat=0
split_feature=0 21 23 24 22 20 24 10 16 22 0 21 10 10 23
split_gain=12091.9 6026.73 3327 2956.99 2419.49 1546.02 1180.66 1154.93 1185.32 1060.74 1025.96 908.462 815.898 732.507 689.973
threshold=1.5000000000000002 7.9721794323999591 2.3599438266032329 10.500000000000002 1.0000000180025095e-35 0.30255628172174526 8.5000000000000018 11.500000000000002 15.500000000000002 1.4393531641324226 1.0000000180025095e-35 9.5532169979213961 7.5000000000000009 6.5000000000000009 0.70074510644432697
decision_type=2 2 2 2 2 2 2 2 2 2 2 2 2 2 2
left_child=1 3 5 9 -4 13 -6 8 -5 -1 11 -3 -7 14 -2
right_child=2 10 4 7 6 12 -8 -9 -10 -11 -12 -13 -14 -15 -16
leaf_value=-0.00041781723739232435 -0.014115642506750499 0.0085407928545351286 -0.013203086365065361 0.0023762401906629138 -0.0033761868240544798 -0.0020600748819759175 0.00049933918739198779 -0.0023042609552957664 0.006190296654562619 -0.0059339906675376945 0.0028618426084936841 0.015424092894195773 -0.0067157150821585436 -0.012182646554403277 -0.0041022417313323163
leaf_weight=102893.46874728799 3796.5647529363632 29413.621227778494 7189.4269728884101 130872.96220501512 53290.74537011981 31727.52973536402 89527.626791000366 16573.545089073479 47086.296446397901 17306.673622794449 9310.7475323081017 11270.789214633405 32264.970843926072 21364.094538725913 12729.184867948294
leaf_count=534117 37361 144232 76508 584801 387180 191345 500640 74675 209205 99364 40240 72708 204888 213175 120440
internal_value=-1.29292e-05 0.00238613 -0.00348668 0.00132997 -0.00153417 -0.00636149 -0.000946761 0.00290066 0.0033854 -0.00121205 0.00903494 0.0104477 -0.00440745 -0.0096617 -0.00640268
internal_weight=616618 364728 251890 314733 150008 101882 142818 194533 177959 120200 49995.2 40684.4 63992.5 37889.8 16525.7
internal_count=3490879 1759342 1731537 1502162 964328 767209 887820 868681 794006 633481 257180 216940 396233 370976 157801
is_linear=0
shrinkage=0.0206149


Tree=99
num_leaves=16
num_cat=0
split_feature=1 2 21 18 22 23 22 22 10 16 23 6 21 10 10
split_gain=11598.8 4900.46 3941.4 2164.47 1531.5 1382.95 1188.5 1049.78 1032.01 1338.37 1010.3 848.194 811.22 710.761 675.99
threshold=1.5000000000000002 1.0000000180025095e-35 7.9721794323999591 3.2928567431633158 1.0000000180025095e-35 2.2757232691609919 1.4393531641324226 1.0000000180025095e-35 11.500000000000002 15.500000000000002 2.7960288739116739 1.0000000180025095e-35 9.4455548799437086 3.5000000000000004 6.5000000000000009
decision_type=2 2 2 2 2 2 2 2 2 2 2 2 2 2 2
left_child=1 4 6 7 -1 -6 8 -3 9 13 14 -4 -13 -2 -9
right_child=2 3 11 -5 5 -7 -8 10 -10 -11 -12 12 -14 -15 -16
leaf_value=-0.016885501102863951 0.0053560979302796144 -0.015335617297596141 0.0022444357503829224 -0.0033824752206512176 -0.0090842031669879 -0.0032147233415241393 -0.0036984132196313177 0.00064416786354915467 -0.0024232348685070265 0.0063910965175632177 0.0016141341241204842 0.0083566785829553361 0.014822741324633662 0.0012635958093116064 -0.0028952235768864342
leaf_weight=6004.5960957333446 22871.88502715528 1833.308720909059 6148.4631545767188 109161.434354119 32749.822069376707 35608.022322498262 12611.587690576911 42277.893454000354 14332.060062676668 44073.848670452833 115919.46163602173 24746.845236375928 12365.795590020716 85272.611862666905 50115.425018548965
leaf_count=77960 100370 12487 26212 772494 321653 299723 57536 200450 63685 196768 536610 121555 80167 376926 248366
internal_value=-1.13802e-05 -0.0021375 0.00375167 -0.00102754 -0.00690357 -0.00602675 0.0024032 0.000195737 0.00286523 0.00336316 0.000332424 0.00933624 0.0105111 0.00212913 -0.00127565
internal_weight=616093 393670 222423 319308 74362.4 68357.8 179162 210146 166550 152218 208313 43261.1 37112.6 108144 92393.3
internal_count=3492962 2469743 1023219 1770407 699336 621376 795285 997913 737749 674064 985426 227934 201722 477296 448816
is_linear=0
shrinkage=0.0206149


Tree=100
num_leaves=16
num_cat=0
split_feature=0 21 15 22 23 0 21 10 10 22 10 15 21 23 27
split_gain=11321 5461.24 2615.33 2542.46 2596.85 1821.78 1343.97 1335.8 1137.68 1101.83 1085.46 983.682 947.578 783.805 624.136
threshold=2.5000000000000004 7.9540999683346358 8.5000000000000018 1.0000000180025095e-35 2.4005994537975353 1.0000000180025095e-35 5.471224972653717 11.500000000000002 6.5000000000000009 1.3766996271972387 6.5000000000000009 15.500000000000002 9.5532169979213961 0.70074510644432697 1.0000000180025095e-35
decision_type=2 2 2 2 2 2 2 2 2 2 2 2 2 2 2
left_child=1 2 6 -2 8 12 -1 9 13 11 -8 -4 -3 -5 -6
right_child=3 5 7 4 14 -7 10 -9 -10 -11 -12 -13 -14 -15 -16
leaf_value=-0.0023590366452737226 -0.014665358138080392 0.0080944949377719701 0.0026433502094420796 -0.010476832799735866 -0.0060736513865257647 0.0014513090957663562 0.0038845557982825889 -0.0025219475704840633 -0.0088374779792687996 -0.0027432071050649755 -0.0013349379839033889 0.0064014889752298165 0.015126684252658618 -0.0021384660058229275 -0.00089417143379881667
leaf_weight=108861.04433760047 9661.0638512596488 30731.57357083261 132457.3607937023 5886.0983980149031 11227.035466462374 14378.513157077134 34716.677878387272 20370.487460240722 43127.702270425856 12998.922075599432 33053.854416042566 38115.771871596575 11078.85417868942 25745.307592965662 82840.199637643993
leaf_count=625932 109880 150894 566127 50490 89235 62480 168873 89014 355172 55774 177091 172407 72725 198917 547904
internal_value=-5.80968e-06 0.00178182 0.000896077 -0.00438019 -0.00379162 0.00778108 -0.000940224 0.00248647 -0.00665957 0.00304224 0.00133884 0.00348313 0.00995787 -0.0036901 -0.00151235
internal_weight=615250 436763 380574 178487 168826 56188.9 176632 203943 74759.1 183572 67770.5 170573 41810.4 31631.4 94067.2
internal_count=3492915 2141317 1855218 1351598 1241718 286099 971896 883322 604579 794308 345964 738534 223619 249407 637139
is_linear=0
shrinkage=0.0206149


Tree=101
num_leaves=16
num_cat=0
split_feature=18 2 0 18 22 23 21 10 21 22 22 10 23 20 12
split_gain=10817.1 5012.86 2549.14 1933.2 1545.46 1524.28 1455.77 1151.65 1065.03 1057.43 908.247 903.397 836.254 764.359 670.946
threshold=3.1339281516263324 5.5000000000000009 1.5000000000000002 6.2916648298616584 1.0000000180025095e-35 2.4680309202080934 6.5517577475407842 10.500000000000002 8.597185412435751 1.4393531641324226 1.0000000180025095e-35 5.5000000000000009 2.8464398168079881 0.27415922373873075 1.0000000180025095e-35
decision_type=2 2 2 2 2 2 2 2 2 2 2 2 2 2 2
left_child=1 2 6 10 -4 11 9 -8 -3 14 -2 -6 -12 -13 -1
right_child=3 8 4 -5 5 -7 7 -9 -10 -11 12 13 -14 -15 -16
leaf_value=0.00081033202648279055 -0.011755699352157081 0.006309762916826867 -0.017252110493953081 -0.0079290683695066137 -1.3732114497891735e-05 0.000852623921003848 0.0051210619804331527 -0.00074642452399113757 0.013517193685030337 -0.004192357450005799 -0.0040718255520621896 -0.0134155145080097 -0.00093220868229847728 -0.004667229870172861 0.0040085935281717793
leaf_weight=116375.53560906649 4804.2172321975231 21838.357164770365 2562.421139895916 42230.570871002972 14810.064455457032 68141.871790751815 87460.586119994521 16975.138027980924 14496.718709036708 14810.410412833095 79359.245899066329 5234.7207135334611 66068.864258445799 22434.475599899888 36655.483338326216
leaf_count=511778 53254 112004 22066 424150 79899 336715 378145 73906 96827 67418 581571 45613 434015 115021 159742
internal_value=1.7618e-05 0.00186554 0.00117554 -0.00403222 -0.00142463 -0.001058 0.00225641 0.00416735 0.00918533 0.00106737 -0.00293681 -0.00412288 -0.00264548 -0.00632231 0.00157641
internal_weight=614259 421796 385461 192463 113184 110621 272277 104436 36335.1 167841 150232 42479.3 145428 27669.2 153031
internal_count=3492124 1999134 1790303 1492990 599314 577248 1190989 452051 208831 738938 1068840 240533 1015586 160634 671520
is_linear=0
shrinkage=0.0206149


Tree=102
num_leaves=16
num_cat=0
split_feature=1 0 21 24 22 24 10 10 22 10 0 21 21 0 10
split_gain=10478.8 4664.49 3641.29 1765.57 1744.13 1211.19 1153.59 1095.48 841.509 810.895 780.648 781.35 745.918 649.655 578.051
threshold=1.5000000000000002 4.5000000000000009 7.9721794323999591 8.5000000000000018 0.0069134866388865148 11.500000000000002 6.5000000000000009 6.5000000000000009 1.4393531641324226 1.5000000000000002 1.0000000180025095e-35 9.5532169979213961 5.471224972653717 9.5000000000000018 11.500000000000002
decision_type=2 2 2 2 2 2 2 2 2 2 2 2 2 2 2
left_child=1 3 5 -1 -3 8 9 13 -2 -5 11 -4 -11 -6 -7
right_child=2 4 10 6 7 14 -8 -9 -10 12 -12 -13 -14 -15 -16
leaf_value=-0.0031477099646446383 0.0011615620615334568 -0.015426404551837056 0.0081825811934604711 -0.0034358401673759919 -0.0014085881422209526 0.004358307897059383 -0.0011016478788102042 -0.0072433146659705858 -0.0056923581608074297 0.00037143985548244589 0.0021834059424900472 0.014812913973054847 0.0043505694983074928 -0.0079612603638571557 -0.0014084766496360198
leaf_weight=90271.350379243493 75525.928414881229 7610.9397735968232 25927.856365337968 10315.571280553937 33248.245030015707 86958.618415988982 111069.89194536209 48658.247955009341 8466.1103878170252 34283.995213419199 6163.1654420942068 10658.24236766994 48121.99315443635 7971.5776318088174 8072.6030567139387
leaf_count=585353 334679 94757 129857 50825 261327 385654 565485 428286 39745 173031 26298 71534 224906 84148 35546
internal_value=-1.52611e-05 -0.00204318 0.00356515 -0.000747657 -0.00595096 0.00227433 0.000315469 -0.00514857 0.00047071 0.00201301 0.00897075 0.0101141 0.0026951 -0.00267582 0.00386844
internal_weight=613324 391552 221773 294063 97489 179023 203791 89878.1 83992 92721.6 42749.3 36586.1 82406 41219.8 95031.2
internal_count=3491431 2468118 1023313 1599600 868518 795624 1014247 773761 374424 448762 227689 201391 397937 345475 421200
is_linear=0
shrinkage=0.0206149


Tree=103
num_leaves=16
num_cat=0
split_feature=18 1 21 0 18 10 21 23 23 22 23 27 10 0 22
split_gain=10122.2 4767.52 2069.99 2016.25 1813.06 1202.83 1311.6 953.815 877.413 870.145 765.316 757.787 663.784 644.824 546.593
threshold=3.1339281516263324 2.5000000000000004 8.498279917078472 3.5000000000000004 6.2916648298616584 10.500000000000002 5.471224972653717 2.3796303120642137 2.7960288739116739 1.0000000180025095e-35 2.8295142007679615 1.0000000180025095e-35 5.5000000000000009 1.0000000180025095e-35 1.28445790668463
decision_type=2 2 2 2 2 2 2 2 2 2 2 2 2 2 2
left_child=1 3 -3 5 9 6 14 12 13 -2 -11 -9 -5 -8 -1
right_child=4 2 -4 7 -6 -7 8 11 -10 10 -12 -13 -14 -15 -16
leaf_value=0.00073978001575602907 -0.011581511874273198 0.0044749595284020449 0.012267905428503173 -0.001956954948804982 -0.0077172145224094777 -0.0015123644810087088 0.0036184130809586591 -0.011374273591691268 0.0044748028983117314 -0.0039587835699857179 -0.00095140383674463926 0.00049430940940693973 -0.010657022181206406 -0.00047610902035786942 -0.0033715826836484102
leaf_weight=82918.010440014303 4710.2562967315316 58836.109174996614 19216.239744856954 5824.5412076562643 41824.535306535661 53126.542021594942 29128.908049181104 2594.8163902461529 86117.391467951238 78331.239027805626 66480.525184489787 19220.88232383132 10348.186792515218 37245.199125736952 16472.049580797553
leaf_count=376751 53228 270687 121537 38902 424432 240650 126869 20755 369815 577033 437815 112486 77664 166360 75962
internal_value=8.42001e-06 0.0017951 0.00639356 0.00074867 -0.00392308 0.00130647 0.00190101 -0.00372988 0.00310198 -0.00286177 -0.00257815 -0.000917371 -0.00752373 0.00132081 5.83983e-05
internal_weight=612395 421049 78052.3 342997 191347 305008 251882 37988.4 152491 149522 144812 21815.7 16172.7 66374.1 99390.1
internal_count=3490946 1998438 392224 1606214 1492508 1356407 1115757 249807 663044 1068076 1014848 133241 116566 293229 452713
is_linear=0
shrinkage=0.0206149


Tree=104
num_leaves=16
num_cat=0
split_feature=0 18 23 24 24 0 18 21 18 0 12 21 15 17 23
split_gain=9901.34 4818.95 2968.78 1720.32 1650.51 1489.41 1418.92 613.935 576.56 526.995 508.981 500.424 524.577 532.298 476.14
threshold=1.5000000000000002 1.4545453553719085 2.4680309202080934 6.5000000000000009 9.5000000000000018 8.5000000000000018 1.0465367478331578 7.9540999683346358 3.5857136706123538 7.5000000000000009 1.0000000180025095e-35 8.6590924803699068 3.5000000000000004 29.500000000000004 4.2967662464852454
decision_type=2 2 2 2 2 2 2 2 2 2 2 2 2 2 2
left_child=1 6 5 9 8 11 -1 -8 -3 -4 -6 12 -2 -14 -5
right_child=2 4 3 14 10 -7 7 -9 -10 -11 -12 -13 13 -15 -16
leaf_value=0.011826945312708167 -0.007287085397478717 -0.00064002250580789954 -0.0038570525863419365 -0.0008467645212949618 0.0012094844876563552 -0.01147289292253136 0.003837487021652001 0.0075621491635060748 -0.0044321023039131293 -0.0099048417746438813 0.0039372966659313941 -0.013266362674796887 -0.0027885332099275577 -0.0081000071221053876 0.0021450958700633856
leaf_weight=14697.446497246623 20975.360607743263 57140.261265695095 24867.415780194104 77748.647301636636 139281.48156698048 16461.357509113848 64477.054140985012 26550.908683970571 24279.411870755255 8123.382672406733 36736.488681800663 2823.9932991191745 56438.305623546243 9346.215938642621 31872.363749668002
leaf_count=103589 193951 277924 191951 461306 628860 188822 283257 129518 177067 90550 159701 16007 351588 60885 176767
internal_value=7.94435e-06 0.00217797 -0.00316138 -0.00121898 0.000656164 -0.00577355 0.00588352 0.00492389 -0.00177082 -0.00534621 0.0017788 -0.00472627 -0.0044483 -0.00354315 2.31204e-05
internal_weight=611820 363163 248657 142612 257438 106045 105725 91028 81419.7 32990.8 176018 89583.9 86759.9 65784.5 109621
internal_count=3491743 1759916 1731827 920574 1243552 811253 516364 412775 454991 282501 788561 622431 606424 412473 638073
is_linear=0
shrinkage=0.0206149


Tree=105
num_leaves=16
num_cat=0
split_feature=0 18 22 23 24 3 10 10 23 24 22 24 22 0 23
split_gain=9360.51 5237.55 2407.99 2257.71 1770.66 1478.62 1146.73 930.114 768.967 707.279 585.315 558.592 549.253 539.775 579.279
threshold=2.5000000000000004 1.4545453553719085 1.0000000180025095e-35 2.4005994537975353 8.5000000000000018 11.500000000000002 6.5000000000000009 10.500000000000002 0.70074510644432697 8.5000000000000018 1.3014532366795726 11.500000000000002 1.3921225041852383 1.0000000180025095e-35 2.6491616714449955
decision_type=2 2 2 2 2 2 2 2 2 2 2 2 2 2 2
left_child=1 5 -2 6 12 10 8 11 -4 -5 13 -6 -3 -1 -15
right_child=2 4 3 9 7 -7 -8 -9 -10 -11 -12 -13 -14 14 -16
leaf_value=0.0059202480706473902 -0.014240084282316132 -0.0016476589857260815 -0.0099623470986121149 -0.0034487971108672585 0.00080018996879143139 0.011108100378807401 -0.0083701659927876409 -0.0015858324811027532 -0.0016147207155941582 0.00019075678582627386 -0.0012265745396339177 0.0029857115914434826 -0.0062679805939983282 -0.0019253047629242807 0.004790066114374966
leaf_weight=63778.592742994428 9274.7248749285936 63399.436878621578 5751.2609588801861 38839.337256327271 116949.9132085517 16850.739417731762 42186.67885915935 43704.66844022274 25406.923614561558 54576.040404468775 7071.5040190815926 86426.329590186477 13213.075859703124 8782.9089722186327 14424.221208676696
leaf_count=294573 110128 376943 50386 301503 553301 116565 355232 206412 198624 335260 30719 380114 83761 36471 59892
internal_value=-6.10754e-06 0.00161829 -0.00401648 -0.00344788 0.000293605 0.0054845 -0.0061549 0.00114261 -0.00315555 -0.00132246 0.004477 0.00172894 -0.00244451 0.00494068 0.00224858
internal_weight=610636 434601 176035 166760 323693 110908 73344.9 247081 31158.2 93415.4 94057.2 203376 76612.5 86985.7 23207.1
internal_count=3489884 2138751 1351133 1241005 1600531 538220 604242 1139827 249010 636763 421655 933415 460704 390936 96363
is_linear=0
shrinkage=0.0206149


Tree=106
num_leaves=16
num_cat=0
split_feature=9 18 22 23 24 18 10 10 23 24 15 20 22 21 10
split_gain=9089.41 5049.56 2348.36 2196.79 1785.52 1437.51 1067.82 902.946 724.629 696.896 677.417 582.936 558.257 531.76 492.223
threshold=1.0000000180025095e-35 1.4444443240740854 1.0000000180025095e-35 2.3796303120642137 9.5000000000000018 1.0465367478331578 6.5000000000000009 10.500000000000002 0.70074510644432697 8.5000000000000018 5.5000000000000009 0.30255628172174526 1.3014532366795726 6.5517577475407842 5.5000000000000009
decision_type=2 2 2 2 2 2 2 2 2 2 2 2 2 2 2
left_child=2 5 -1 6 10 -2 8 13 -4 -5 -3 -8 -7 -6 -15
right_child=1 4 3 9 7 12 11 -9 -10 -11 -12 -13 -14 14 -16
leaf_value=-0.014141742858786789 0.011486272152983987 -0.0038137319677135064 -0.009848719232188715 -0.0034441499411271485 0.0011752835987130477 0.004965532986632392 -0.010920658669919543 -0.0015030876238839677 -0.0017117305123309629 0.00015633977590632237 -0.00050353189938889082 -0.0060145116276624612 -0.0011337279478423588 0.0055990309596692352 0.0019179591828903375
leaf_weight=9151.8643352687359 14529.505669459701 44204.164573833346 5706.0322891175747 39080.630571119487 117341.73835207522 86265.609519258142 19137.660486035049 37985.435443907976 25155.521673373878 54994.485737659037 64768.232927411795 22266.979382410645 6886.458913192153 27416.116613253951 35332.152096539736
leaf_count=109838 103875 306963 50327 304374 539231 392139 197325 176803 197006 338290 317589 153719 30194 118167 155891
internal_value=-1.52031e-05 0.00158334 -0.0039751 -0.00341574 0.000308481 0.00545532 -0.00611873 0.00138523 -0.00321619 -0.00133937 -0.0018463 -0.00828218 0.00451463 0.00199444 0.0035263
internal_weight=610223 434729 175493 166341 327048 107682 72266.2 218075 30861.6 94075.1 108972 41404.6 93152.1 180090 62748.3
internal_count=3491731 2140852 1350879 1241041 1614644 526208 598377 990092 247333 642664 624552 351044 422333 813289 274058
is_linear=0
shrinkage=0.0206149


Tree=107
num_leaves=16
num_cat=0
split_feature=18 2 0 18 23 21 21 20 23 0 12 21 21 23 0
split_gain=8638.38 4109.61 2050.33 1686.98 1322.71 1202.43 963.523 762.215 760.05 623.6 598.793 517.499 511.066 497.56 491.072
threshold=3.1339281516263324 5.5000000000000009 1.5000000000000002 6.2916648298616584 2.3599438266032329 6.5517577475407842 9.3677927501272205 0.27415922373873075 2.7960288739116739 1.0000000180025095e-35 1.0000000180025095e-35 9.5532169979213961 9.4455548799437086 2.7960288739116739 8.5000000000000018
decision_type=2 2 2 2 2 2 2 2 2 2 2 2 2 2 2
left_child=1 2 5 8 7 10 -3 -4 14 11 -1 -7 -6 -11 -2
right_child=3 6 4 -5 12 9 -8 -9 -10 13 -12 -13 -14 -15 -16
leaf_value=0.00022463439843956645 -0.0035052954111181819 0.0062662274569405757 -0.010244929513573914 -0.0073563817690462862 0.00053161507257334505 0.0044843268048689452 0.013873157001228703 -0.0029561648622134502 -0.0010842716493512849 -0.0013131203320412344 0.0031140936258064384 0.013802528603187047 -0.015536323391671002 0.0037328934131128709 -0.0090682540172104375
leaf_weight=127624.69592100382 70400.372389979661 25715.029273882508 7510.095741238445 41029.534488976002 71818.635124880821 68138.43894444406 9762.8031231313944 32409.085719034076 70570.997458085418 15362.860002189875 40042.179496318102 2630.6169703304768 851.20628569275141 18074.803969681263 7458.0525602474809
leaf_count=563519 507144 137635 66552 424019 363065 295623 71741 165260 479057 66184 174935 14090 4491 76240 81962
internal_value=-2.36475e-06 0.00164621 0.00102672 -0.00365648 -0.00131267 0.00199551 0.00835951 -0.00432742 -0.00263373 0.00373452 0.000914695 0.0048307 0.000343406 0.00141451 -0.00403817
internal_weight=609399 419940 384463 189459 112589 271874 35477.8 39919.2 148429 104207 167667 70769.1 72669.8 33437.7 77858.4
internal_count=3491517 1999335 1789959 1492182 599368 1190591 209376 231812 1068163 452137 738454 309713 367556 142424 589106
is_linear=0
shrinkage=0.0206149


Tree=108
num_leaves=16
num_cat=0
split_feature=18 1 21 23 18 0 10 21 24 10 23 0 10 21 0
split_gain=8441.21 4148.26 1902.72 1682.55 1645.38 1258.51 999.732 972.678 813.335 785.597 685.983 571.328 523.606 446.366 429.718
threshold=3.1339281516263324 2.5000000000000004 8.2718312277861497 2.7960288739116739 6.499997562501016 6.5000000000000009 6.5000000000000009 5.471224972653717 5.5000000000000009 11.500000000000002 2.6075280761259432 1.5000000000000002 6.5000000000000009 7.2624147812951865 3.5000000000000004
decision_type=2 2 2 2 2 2 2 2 2 2 2 2 2 2 2
left_child=1 3 -3 5 8 6 -1 -5 -2 14 12 -8 -10 -13 -9
right_child=4 2 -4 7 -6 -7 11 9 10 -11 -12 13 -14 -15 -16
leaf_value=0.0012436357622683963 -0.0055412692085990336 0.0039079731062216854 0.011119136252629358 0.00017581397058576316 -0.0076937184808330405 -0.010597279385118499 -0.00092707778615150121 0.0040596683263829812 -0.001323176736232843 -0.0025665566600410077 -0.00045895063436351768 -0.0031355448963235901 -0.00531707915895205 -0.0093149608078215481 -0.000732907084056841
leaf_weight=65393.252539306879 33996.85799138248 55422.481413528323 21614.016710631549 80704.838765610009 34706.088513936847 5600.5083930045366 50911.552365526557 94813.56262537837 24714.109476547688 9400.0841607786715 63541.913884345442 20463.172438748181 32028.278434772044 6560.3326825350523 8678.4725584164262
leaf_count=300275 289891 255956 135867 378799 363349 53977 227306 407622 181093 42901 415059 110390 243179 34369 51172
internal_value=-2.05872e-05 0.00160891 0.0059312 0.000636793 -0.00363816 -0.00101052 -0.000635925 0.00190403 -0.00272584 0.0031395 -0.0019301 -0.00221301 -0.00357754 -0.00463568 0.00365778
internal_weight=608550 419562 77036.5 342526 188987 148929 143328 193597 154281 112892 120284 77935.1 56742.4 27023.5 103492
internal_count=3491205 1998634 391823 1606811 1492571 726317 672340 880494 1129222 501695 839331 372065 424272 144759 458794
is_linear=0
shrinkage=0.0206149


Tree=109
num_leaves=16
num_cat=0
split_feature=0 21 0 24 23 24 12 21 23 27 0 15 17 15 21
split_gain=8198.8 4362.3 2606.74 2183.92 1581.43 785.017 774.311 764.565 714.801 781.073 597.937 593.69 450.875 443.766 370.865
threshold=1.5000000000000002 7.9721794323999591 7.5000000000000009 10.500000000000002 2.6209397235558338 9.5000000000000018 1.0000000180025095e-35 9.5532169979213961 1.0345942064756122 1.0000000180025095e-35 1.0000000180025095e-35 5.5000000000000009 27.500000000000004 3.5000000000000004 8.6590924803699068
decision_type=2 2 2 2 2 2 2 2 2 2 2 2 2 2 2
left_child=1 3 4 11 12 -6 -5 -3 -4 -10 -9 -1 13 -2 -15
right_child=2 7 8 6 5 -7 -8 10 9 -11 -12 -13 -14 14 -16
leaf_value=-0.003285300808175416 -0.0061744262928856109 0.0062961552763815031 -0.013371577692262722 0.0016765008211592583 -0.0021498404280518649 0.0012667230763571556 0.0046646994309386559 0.013876759760494 -0.011969036926840043 -0.0045151378905381699 -0.0025026489403322141 -0.00013597770123047079 -0.006906542122558465 -0.0020704582976005244 -0.010941827025966728
leaf_weight=36758.022729210556 17187.189671687782 36815.912811793387 7729.5002899095416 144653.35894351453 54414.68391507864 60196.836385630071 49449.422867432237 10435.284412398934 7971.2552103064954 23847.35224545002 1041.7034200876951 82603.792675875127 18030.491015054286 54815.430211484432 2078.5463744476438
leaf_count=247411 156207 179442 90109 650017 369502 311199 219774 72983 100829 238498 4663 385552 122194 332559 11092
internal_value=1.85962e-06 0.00197697 -0.00289946 0.00108843 -0.00197179 -0.000355376 0.00243777 0.0077444 -0.00774849 -0.0063825 0.0123901 -0.00110583 -0.00398305 -0.00327151 -0.00239456
internal_weight=608029 361757 246271 313465 206723 114612 194103 48292.9 39548.1 31818.6 11477 119362 92111.7 74081.2 56894
internal_count=3492031 1759842 1732189 1502754 1302753 680701 869791 257088 429436 339327 77646 632963 622052 499858 343651
is_linear=0
shrinkage=0.0206149


Tree=110
num_leaves=16
num_cat=0
split_feature=0 18 22 23 24 18 10 10 22 23 24 23 22 0 23
split_gain=7847.05 4403.49 2242.33 2034.15 1706.69 1218.89 966.462 892.968 797.355 698.502 635.572 621.004 538.924 535.482 485.809
threshold=2.5000000000000004 1.3900965495314981 1.0000000180025095e-35 2.3796303120642137 10.500000000000002 1.0363756236763753 6.5000000000000009 6.5000000000000009 1.4393531641324226 0.70074510644432697 8.5000000000000018 3.8803755942346112 1.3014532366795726 6.5000000000000009 4.1039953562774567
decision_type=2 2 2 2 2 2 2 2 2 2 2 2 2 2 2
left_child=1 5 -2 6 8 -1 9 -6 11 -4 14 -3 -7 -8 -5
right_child=2 4 3 10 7 12 13 -9 -10 -11 -12 -13 -14 -15 -16
leaf_value=0.011489332271110082 -0.013768709836035972 -0.0016468639550984712 -0.0095944324430940111 -0.0049540399315382991 0.0032912151745213168 0.0049775851660904856 -0.0061566283437948987 0.00041149669360075882 -0.005208624026320466 -0.001536765887322013 0.00026249634769636614 0.0013035682546645145 -0.0016013240644737118 -0.011136250433937154 -0.00017407648750476917
leaf_weight=12263.875724084675 8928.8841891586781 90874.976749315858 5599.2899242192507 24424.031056627631 84156.176500290632 75938.496594585478 26701.757274657488 100301.60574276745 18637.015879355371 24921.159985810518 54875.400199614465 45494.2379366979 5687.8629818707705 13983.258122749627 14342.111836731434
leaf_count=91269 109828 506167 50398 196465 367945 356801 194831 452330 109888 197084 338131 230084 25569 156383 108114
internal_value=-5.85375e-06 0.00147826 -0.00370686 -0.00316186 0.00038538 0.0054296 -0.00578795 0.00172533 -0.00120916 -0.00301503 -0.00116497 -0.000662568 0.00451916 -0.0078681 -0.00318562
internal_weight=607130 433354 173776 164847 339464 93890.2 71205.5 184458 155006 30520.4 93641.5 136369 81626.4 40685 38766.1
internal_count=3491287 2140053 1351234 1241406 1666414 473639 598696 820275 846139 247482 642710 736251 382370 351214 304579
is_linear=0
shrinkage=0.0206149


Tree=111
num_leaves=16
num_cat=0
split_feature=18 1 0 18 18 24 0 24 16 17 0 0 8 5 14
split_gain=7606.64 3839.78 1611.97 1433.01 1369.45 916.899 906.209 739.039 547.68 502.903 335.184 330.91 329.744 309.143 275.179
threshold=3.2928567431633158 2.5000000000000004 7.5000000000000009 8.4166631527793054 1.0960061006262392 5.5000000000000009 1.5000000000000002 11.500000000000002 20.500000000000004 23.500000000000004 6.5000000000000009 9.5000000000000018 0.32382933452133328 6.5000000000000009 1.0000000180025095e-35
decision_type=2 2 2 2 2 2 2 2 2 2 2 2 2 2 2
left_child=1 2 6 5 12 10 7 9 -8 -1 -2 -7 -3 14 -9
right_child=3 4 -4 -5 -6 11 8 13 -10 -11 -12 -13 -14 -15 -16
leaf_value=-0.00054750122389471791 -0.0046624357895719108 0.0076676500150513228 -0.0099585651072655757 -0.0097440920672275076 0.003872468951720151 -0.0019068206512280127 -0.00051699927258288365 0.00095433873870368611 -0.0087941026577024808 0.0020803700908387625 -0.0089222826431145669 -0.006520059523923637 0.012736550443158686 0.0095864588143908802 0.0032662303296303297
leaf_weight=83455.530494943261 28101.191114529967 12051.450021356344 6108.420654181391 15276.417094122618 54692.944538936019 107185.42692086101 113321.0930300504 31568.848807767034 3502.2761619240046 49189.573068574071 10892.463357519358 7041.9575495272875 9962.5311289131641 2729.0255094766617 71287.460717365146
leaf_count=377484 231021 78270 61249 169896 242501 775557 588182 135225 17169 221448 126894 75977 71976 13531 304749
internal_value=-1.17597e-06 0.00143112 0.000541456 -0.00372325 0.00561998 -0.00312296 0.000722101 0.00145141 -0.000765141 0.000427008 -0.00585238 -0.00219122 0.0099616 0.00273836 0.00255666
internal_weight=606367 437869 361162 168497 76706.9 153221 355054 238230 116823 132645 38993.7 114227 22014 105585 102856
internal_count=3491129 2111784 1719037 1379345 392747 1209449 1657788 1052437 605351 598932 357915 851534 150246 453505 439974
is_linear=0
shrinkage=0.0206149


Tree=112
num_leaves=16
num_cat=0
split_feature=18 1 21 22 18 10 10 0 22 10 21 10 10 10 10
split_gain=7242.48 3611.86 1712.2 1654.43 1509.97 1464.06 2116.53 1090.7 839.976 765.6 720.774 695.005 606.412 675.155 546.621
threshold=3.1339281516263324 2.5000000000000004 8.498279917078472 1.0000000180025095e-35 6.5499985275003363 3.5000000000000004 1.5000000000000002 3.5000000000000004 1.0000000180025095e-35 11.500000000000002 7.6697504735505806 2.5000000000000004 6.5000000000000009 1.5000000000000002 3.5000000000000004
decision_type=2 2 2 2 2 2 2 2 2 2 2 2 2 2 2
left_child=1 3 -3 -1 8 6 -5 9 -2 -7 -9 -8 13 -10 -15
right_child=4 2 -4 5 -6 7 11 10 12 -11 -12 -13 -14 14 -16
leaf_value=-0.016417592891035133 -0.010968316606428498 0.0038309329023033761 0.01106709213234296 -0.0031091584384635817 -0.0073656089991057244 0.00089094719942361825 0.0028891713322827962 -0.0023323670460233216 -0.0064200553569912144 -0.0028341516711169624 -0.011222633184571434 0.0076564725347864687 -0.0033938814244538207 0.0027935062814642788 -0.0014365725444331996
leaf_weight=2409.8733874969184 4835.4550595320761 58148.055737957358 18260.203828290105 16121.452657938004 33089.73744058609 217009.8781979084 24328.764018803835 23434.606304436922 7835.572324976325 26287.2532030195 4643.444433324039 27898.509247921407 84172.351239703596 19884.988188557327 37398.571517340839
leaf_count=21977 58897 270536 121538 74817 354383 966435 110299 153179 56114 119903 33346 126529 615731 141566 266285
internal_value=3.48735e-07 0.00150792 0.00556025 0.000602917 -0.00336998 0.000723654 0.00342025 4.44864e-05 -0.00251215 0.000488466 -0.00380261 0.00543574 -0.00223826 -0.000744508 3.18255e-05
internal_weight=605759 418542 76408.3 342134 187217 339724 68348.7 271375 154127 243297 28078.1 52227.3 149291 65119.1 57283.6
internal_count=3491535 1998559 392074 1606485 1492976 1584508 311645 1272863 1138593 1086338 186525 236828 1079696 463965 407851
is_linear=0
shrinkage=0.0206149


Tree=113
num_leaves=16
num_cat=0
split_feature=9 18 22 23 24 4 5 23 24 22 21 22 21 6 21
split_gain=7009.91 3986.62 2221.7 1963.46 1468.38 1249.39 885.045 592.339 589.296 528.449 501.725 485.678 453.877 435.564 545.867
threshold=1.0000000180025095e-35 1.4444443240740854 1.0000000180025095e-35 2.3796303120642137 8.5000000000000018 1.0454544542011102 8.5000000000000018 2.9063507024699908 7.5000000000000009 1.3921225041852383 5.471224972653717 1.3014532366795726 8.597185412435751 1.0000000180025095e-35 9.5532169979213961
decision_type=2 2 2 2 2 2 2 2 2 2 2 2 2 2 2
left_child=2 5 -1 6 9 -2 12 -6 -5 -3 -9 13 -4 -7 -15
right_child=1 4 3 8 7 11 -8 10 -10 -11 -12 -13 -14 14 -16
leaf_value=-0.013655901154996732 0.010158899378339074 -0.001461140518751001 -0.0040754594763484 -0.0034224169488019239 3.4032840547496039e-06 0.001871099970039991 -0.010234424343949913 0.00050479932106133258 0.00010074649337779447 -0.0060223408224481679 0.0031168118504789483 -0.0014308175567491874 -0.014038269055384212 0.0047539923032949415 0.012977667342686485
leaf_weight=8723.04229798913 16073.664720520377 62980.145149819553 54678.633229203522 29526.496869772673 122422.8710315451 22163.766092404723 13898.247913807631 54259.275505229831 63707.939911201596 13027.456214718521 73702.861409790814 6674.6621558070183 2014.8910633772612 57695.733790844679 3647.0016669631004
leaf_count=109927 116816 377182 420577 241236 580360 92473 165245 252390 401333 83807 320430 29207 13211 266428 21541
internal_value=-5.36939e-06 0.00139576 -0.00351854 -0.00297877 0.000266691 0.00486402 -0.00557242 0.00102851 -0.00101501 -0.00224292 0.00200925 0.00392028 -0.00442954 0.00434799 0.00524291
internal_weight=605197 432647 172549 163826 326393 106255 70591.8 250385 93234.4 76007.6 127962 90181.2 56693.5 83506.5 61342.7
internal_count=3492163 2140634 1351529 1241602 1614169 526465 599033 1153180 642569 460989 572820 409649 433788 380442 287969
is_linear=0
shrinkage=0.0206149


Tree=114
num_leaves=16
num_cat=0
split_feature=18 18 22 10 10 23 18 1 22 23 10 10 17 21 22
split_gain=6828.93 3488.41 1651.22 1678.53 2498.61 1409.2 1353.99 1035.39 880.879 766.582 762.967 680.86 725.109 679.443 579.48
threshold=3.2928567431633158 1.1490740240620738 0.0069134866388865148 3.5000000000000004 1.5000000000000002 2.6209397235558338 8.4166631527793054 1.0000000180025095e-35 1.0000000180025095e-35 2.8588275306514395 2.5000000000000004 11.500000000000002 28.500000000000004 5.471224972653717 1.3014532366795726
decision_type=2 2 2 2 2 2 2 2 2 2 2 2 2 2 2
left_child=1 14 -3 4 -4 7 8 -5 -2 -10 -6 12 13 -7 -1
right_child=6 2 3 5 10 11 -8 -9 9 -11 -12 -13 -14 -15 -16
leaf_value=0.0080648871741971721 -0.011006291212195414 -0.014041501277752643 -0.0028664751753394811 -0.0052956989100514055 0.00317992629116503 -0.00059500471594724029 -0.0094618994298957624 -0.00054661864732162048 -0.0039818910527524305 -0.00097786936646138611 0.0078682433000724934 -0.0021853528194630454 0.0045029964882531042 0.0022970907953489121 -0.0049712528817357693
leaf_weight=34211.585111886263 5590.726410727948 3164.7560416869819 19142.016985088587 24306.114673703909 27454.37471088022 58534.01226401329 15022.892497047782 98863.726947084069 82601.743034414947 64126.721898369491 31881.54739960283 20939.322948679328 32963.425423644483 84150.811342313886 1513.2068984434009
leaf_count=213068 72173 27873 90130 162117 125112 273553 170003 445048 677301 460318 145741 97107 150878 372591 8761
internal_value=-1.59984e-05 0.00133972 0.000790325 0.000908192 0.00360973 0.000245154 -0.00355737 -0.00148379 -0.00297501 -0.002669 0.00569899 0.00132841 0.00174729 0.00111066 0.00751271
internal_weight=604467 437125 401400 398235 78477.9 319757 167342 123170 152319 146728 59335.9 196588 175648 142685 35724.8
internal_count=3491774 2111979 1890150 1862277 360983 1501294 1379795 607165 1209792 1137619 270853 894129 797022 646144 221829
is_linear=0
shrinkage=0.0206149


Tree=115
num_leaves=16
num_cat=0
split_feature=1 18 23 18 24 24 10 10 23 20 10 26 21 10 10
split_gain=6545.73 3764.66 1706.19 1357.21 1300.74 1125.27 922.02 699.05 622.948 609.59 563.742 512.441 509.923 518.387 534.811
threshold=1.0000000180025095e-35 1.5313724529258039 2.293365257297483 1.0465367478331578 8.5000000000000018 6.5000000000000009 6.5000000000000009 10.500000000000002 0.70074510644432697 0.32182478690402783 3.5000000000000004 0.0063426771912338852 5.471224972653717 6.5000000000000009 1.5000000000000002
decision_type=2 2 2 2 2 2 2 2 2 2 2 2 2 2 2
left_child=2 3 6 -2 -3 -4 8 12 -1 -8 -5 -10 -6 14 -14
right_child=1 4 5 10 7 -7 9 -9 11 -11 -12 -13 13 -15 -16
leaf_value=-0.009346367368793719 0.01046895792588799 -0.0022337451315319018 -0.0052744288396366313 0.0065002736499980302 0.00016082116854102295 -0.00040246493912192611 -0.010676501746004412 -0.0015728501605999875 0.0021493550836289141 -0.0055464282822861302 0.0028656133488014525 -0.0040441072030465526 -0.0021809903492487469 0.00076066980321976452 0.0042580431114768915
leaf_weight=5636.7155111245811 13733.790298350155 75395.457394391298 27571.367356743664 22750.837061345577 80341.414513513446 74818.532453477383 18649.785174880177 40532.578805677593 9041.1618231832981 20846.60083412379 89381.407575026155 15258.713094238192 6099.0030628964305 49587.845798544586 54166.101829513907
leaf_count=52454 103935 459134 259700 102160 384854 484927 206538 194003 72903 149366 401305 125994 27442 227083 240139
internal_value=-2.68232e-06 0.00135099 -0.00340602 0.00435223 0.000116994 -0.00171438 -0.00590061 0.000885153 -0.00317197 -0.0079688 0.00360306 -0.00173973 0.00140898 0.00232183 0.00360639
internal_weight=603811 431988 171823 125866 306122 102390 69433 230727 29936.6 39496.4 112132 24299.9 190194 109853 60265.1
internal_count=3491937 2140055 1351882 607400 1532655 744627 607255 1073521 251351 355904 503465 198897 879518 494664 267581
is_linear=0
shrinkage=0.0206149


Tree=116
num_leaves=16
num_cat=0
split_feature=0 18 22 23 22 10 18 10 20 23 23 23 22 26 0
split_gain=6381.49 3221.96 2374.53 2281.33 1332.79 1102.85 968.269 751.226 681.328 658.596 599.06 569.813 514.603 481.218 423.371
threshold=1.5000000000000002 1.3900965495314981 1.0000000180025095e-35 2.4853520910802467 1.4393531641324226 7.5000000000000009 1.0363756236763753 11.500000000000002 0.32182478690402783 0.98476789147101107 4.2967662464852454 2.9063507024699908 1.3014532366795726 0.0055379683320130055 7.5000000000000009
decision_type=2 2 2 2 2 2 2 2 2 2 2 2 2 2 2
left_child=1 6 -2 5 7 9 -1 11 -7 14 -5 -3 -8 -11 -4
right_child=2 4 3 10 -6 8 12 -9 -10 13 -12 -13 -14 -15 -16
leaf_value=0.010668751386141678 -0.012788970632450112 0.00035842404415724409 -0.0040647198608002701 -0.0013310172261084164 -0.0038270561344265438 -0.01019438977584866 0.0047841488941668935 -0.0026243016568907934 -0.0050205487360803812 0.0025025830987164118 0.001659652076697926 0.0024372139979548244 -0.0017546161463211924 -0.0025575595969226901 -0.012216480901642722
leaf_weight=11752.488848604262 9311.8346434757113 107056.78385715932 9522.1356324031949 92625.460995718837 25809.747292093933 16303.171872973442 71247.435750760138 21072.030902832747 32141.29621553421 11346.982098713517 41091.311999022961 117583.07620215416 5510.5684761032462 26971.639860637486 3783.3408901467919
leaf_count=91011 116183 520678 65371 590532 139497 175419 340653 102999 211360 83297 249184 539632 24885 196283 44587
internal_value=3.17952e-07 0.00174275 -0.00258026 -0.00217364 0.000629313 -0.00452766 0.00515841 0.00109741 -0.00676172 -0.0024312 -0.000411981 0.00144652 0.00431472 -0.00105914 -0.00638263
internal_weight=603129 360032 243097 233785 271522 100069 88510.5 245712 48444.5 51624.1 133717 224640 76758 38318.6 13305.5
internal_count=3491571 1759355 1732216 1616033 1302806 776317 456549 1163309 386779 389538 839716 1060310 365538 279580 109958
is_linear=0
shrinkage=0.0206149


Tree=117
num_leaves=16
num_cat=0
split_feature=24 0 22 18 10 18 20 10 24 10 22 22 18 10 22
split_gain=6211.5 3371.81 2059.17 2040.34 1584.2 1396.75 1199.94 930.247 658.705 602.148 502.348 497.244 496.969 449.569 442.047
threshold=9.5000000000000018 1.0000000180025095e-35 1.0000000180025095e-35 1.1490740240620738 6.5000000000000009 4.8452373455216593 0.27415922373873075 1.5000000000000002 11.500000000000002 3.5000000000000004 1.4393531641324226 1.3014532366795726 8.4166631527793054 3.5000000000000004 1.401039533391889
decision_type=2 2 2 2 2 2 2 2 2 2 2 2 2 2 2
left_child=2 3 -1 11 7 14 -6 -3 10 -9 -5 -2 -7 -10 -4
right_child=1 4 5 8 6 12 -8 9 13 -11 -12 -13 -14 -15 -16
leaf_value=-0.012564937921703351 0.0087928853886497932 -0.0041024020803130095 -0.0010409292891468103 0.0014421949948464048 -0.0074789355992898529 -0.004405253678932174 -0.0011714586106792665 0.0045017598543944251 0.0066156184651998146 0.0009413842578489274 -0.0052033889714659587 -0.0039425963749508 -0.0094078721621566868 0.0029291387352321737 -0.0045607653160844655
leaf_weight=9089.199289418757 30037.029829889536 10732.104918152094 123938.62977539748 60710.406411282718 14713.8322121948 39636.718043684959 99464.186438411474 33250.967547319829 17151.204317614436 51381.077181652188 5252.1066808849573 1361.9405872821808 10721.917727574706 77958.816248059273 17276.657923765481
leaf_count=115274 196144 58381 724692 271461 136370 373032 498668 172491 74796 275646 24110 8104 119999 340554 102954
internal_value=-1.53244e-05 0.00146327 -0.00297759 0.00343317 -0.000346146 -0.00252271 -0.00198429 0.00161518 0.00249605 0.00234022 0.000913056 0.00824048 -0.00547037 0.00359392 -0.00147156
internal_weight=602677 402014 200663 192472 209542 191574 114178 95364.1 161073 84632 65962.5 31399 50358.6 95110 141215
internal_count=3492676 2056725 1435951 915169 1141556 1320677 635038 506518 710921 448137 295571 204248 493031 415350 827646
is_linear=0
shrinkage=0.0206149


Tree=118
num_leaves=16
num_cat=0
split_feature=0 24 18 23 10 24 10 21 23 21 12 23 0 10 10
split_gain=6037.23 3634.7 2084.58 1361.34 1127.81 944.58 777.722 711.369 710.164 696.315 602.552 586.432 568.386 493.758 757.229
threshold=3.5000000000000004 10.500000000000002 1.0851448813372999 2.2757232691609919 6.5000000000000009 6.5000000000000009 6.5000000000000009 5.471224972653717 2.6209397235558338 6.5331346371712611 1.0000000180025095e-35 0.70074510644432697 1.0000000180025095e-35 1.5000000000000002 3.5000000000000004
decision_type=2 2 2 2 2 2 2 2 2 2 2 2 2 2 2
left_child=1 7 -3 6 9 -5 11 13 12 -4 -10 -2 -6 -1 -15
right_child=3 2 4 5 8 -7 -8 -9 10 -11 -12 -13 -14 14 -16
leaf_value=-0.0077568696856018231 -0.01024198308183287 0.0084862302442960755 0.0019440495462645039 -0.0057458443425382885 0.00098482332869810315 -0.00063487467578006147 -0.0088049570160585195 0.00070357713604715503 0.0010353108594493266 0.0050365375540362368 0.0051950727000105567 -0.0020818982761338107 -0.003053046531450436 0.002252178208736016 -0.0024398084526946577
leaf_weight=6175.6064494326711 4699.8576410040259 22665.540973745286 64631.189832597971 22189.85306038335 30327.678029417992 49979.400073543191 29260.973177425563 56791.160082295537 68296.246006183326 59361.577816799283 18892.115856513381 18378.513607144356 28963.499378047884 17005.049920849502 104114.90701211989
leaf_count=36111 47088 157333 290265 222007 137999 354824 290849 288785 306681 262806 83127 163479 143083 95070 610997
internal_value=5.38608e-07 0.00105526 0.00248096 -0.00404205 0.00197772 -0.00220634 -0.00657325 -0.00121502 0.000752967 0.00342458 0.00193665 -0.00374368 -0.00098766 -0.00207097 -0.00178106
internal_weight=601733 477225 293138 124509 270472 72169.3 52339.3 184087 146480 123993 87188.4 23078.4 59291.2 127296 121120
internal_count=3490504 2412257 1381294 1078247 1223961 576831 501416 1030963 670890 553071 389808 210567 281082 742178 706067
is_linear=0
shrinkage=0.0206149


Tree=119
num_leaves=16
num_cat=0
split_feature=18 1 21 22 23 18 10 0 22 21 23 10 10 10 10
split_gain=5785.8 3045.09 1619.44 1506.09 1366.77 1239.86 1048.94 906.203 802.354 734.057 700.427 686.82 461.048 672.971 483.568
threshold=3.2928567431633158 2.5000000000000004 8.2718312277861497 1.0000000180025095e-35 2.7960288739116739 8.4166631527793054 6.5000000000000009 5.5000000000000009 1.0000000180025095e-35 5.471224972653717 2.8914773714935254 11.500000000000002 1.5000000000000002 3.5000000000000004 2.5000000000000004
decision_type=2 2 2 2 2 2 2 2 2 2 2 2 2 2 2
left_child=1 3 -3 -1 6 8 12 -8 -2 -6 -10 -11 -5 14 -14
right_child=5 2 -4 4 9 -7 7 -9 10 11 -12 -13 13 -15 -16
leaf_value=-0.015345176975638542 -0.010557084677583714 0.0031496725896612596 0.0099282294937730175 -0.0037367852882395584 0.00023910196592781153 -0.0090219249490607854 -0.0019241913244556243 -0.011184158160363201 -0.003682489856379863 0.003230933208911684 -0.00078957831518098492 -0.0025274720148557007 0.0011364264121750897 -7.230976334686486e-05 0.0071060473223036741
leaf_weight=2548.4859494902194 5377.54074998945 54867.752845466137 20601.941527046263 7951.9031803756952 86154.419042229652 14636.418459869921 79692.681198887527 4759.4855139479041 83366.637750074267 106022.5895736143 62033.515215098858 9599.3502917066216 10779.490595348179 40611.459199145436 12400.590035662055
leaf_count=24985 72211 256679 136303 39151 406335 169896 381558 46766 689594 471793 447096 43978 50976 195866 58797
internal_value=-1.08327e-05 0.00123462 0.0050001 0.000446371 0.000558795 -0.00329353 -0.000888992 -0.00244606 -0.00273746 0.00167953 -0.00244826 0.00275285 0.000943893 0.00152736 0.00432998
internal_weight=601404 435990 75469.7 360520 357972 165414 156196 84452.2 150778 201776 145400 115622 71743.4 63791.5 23180.1
internal_count=3491984 2113187 392982 1720205 1695220 1378797 773114 428324 1208901 922106 1136690 515771 344790 305639 109773
is_linear=0
shrinkage=0.0206149


Tree=120
num_leaves=16
num_cat=0
split_feature=24 0 21 23 22 23 10 20 18 12 10 21 22 21 21
split_gain=5642.91 3020.5 2448.66 2115.11 1947.99 1353.65 1180.83 870.067 848.455 684.421 568.749 582.274 526.317 658.413 466.611
threshold=9.5000000000000018 1.0000000180025095e-35 8.498279917078472 2.6209397235558338 1.0000000180025095e-35 3.8803755942346112 6.5000000000000009 0.27415922373873075 5.7749987012502961 1.0000000180025095e-35 8.5000000000000018 5.6715794099115584 1.347534535746679 10.165688380836885 9.5532169979213961
decision_type=2 2 2 2 2 2 2 2 2 2 2 2 2 2 2
left_child=4 2 9 6 -1 8 -3 -8 -6 10 11 -2 14 -14 -4
right_child=1 3 12 -5 5 -7 7 -9 -10 -11 -12 -13 13 -15 -16
leaf_value=-0.012267961658405623 0.00026334288593006912 -7.7116684884962421e-06 0.0076165489830548137 0.001538419202627681 -0.002671654819741649 0.00025558899483136101 -0.010657471286169253 -0.0035026802322806949 -0.0066890436400950624 0.004613333219371964 -0.00025641433787103958 0.0039495389135216141 0.001790028015705356 -0.047301669499652262 0.013614452174443294
leaf_weight=8873.7688958235085 27989.767523355782 40552.369245834649 13422.388821035624 117264.79593544081 104670.0373025611 57519.429132856429 8693.3655151464045 42706.66046269238 28403.479699857533 44276.636496283114 43959.427794903517 52124.653525844216 638.30748018622398 141.91649208962917 9353.0804281979799
leaf_count=115220 127133 236839 75571 584888 670291 348868 90690 229034 300834 201077 200950 235693 3633 1001 69872
internal_value=7.13619e-06 0.00141623 0.00328405 -0.000297047 -0.00282652 -0.00238694 -0.00263778 -0.00471278 -0.00352913 0.002413 0.0016278 0.00266168 0.00950934 -0.00713936 0.0100797
internal_weight=600590 401123 191906 209217 199467 190593 91952.4 51400 133074 168350 124074 80114.4 23555.7 780.224 22775.5
internal_count=3491594 2056381 914930 1141451 1435213 1319993 556563 319724 971125 764853 563776 362826 150077 4634 145443
is_linear=0
shrinkage=0.0206149


Tree=121
num_leaves=16
num_cat=0
split_feature=0 24 2 22 23 22 16 23 0 23 21 0 16 21 21
split_gain=5328.53 3272.97 1616.83 1587.83 1316.88 1153.99 945.636 825.813 767.035 820.931 738.907 563.254 561.539 483.724 445.629
threshold=3.5000000000000004 11.500000000000002 5.5000000000000009 1.0000000180025095e-35 0.56816202062884391 1.4393531641324226 8.5000000000000018 4.2967662464852454 1.0000000180025095e-35 2.7960288739116739 9.4455548799437086 10.500000000000002 18.500000000000004 8.498279917078472 5.471224972653717
decision_type=2 2 2 2 2 2 2 2 2 2 2 2 2 2 2
left_child=1 5 8 -2 -5 6 14 11 13 -10 -4 12 -6 -3 -1
right_child=3 2 10 4 7 -7 -8 -9 9 -11 -12 -13 -14 -15 -16
leaf_value=-0.0020915612863083004 -0.013320931733137822 0.0029700233529076519 0.0054395353866292804 -0.011982780858850607 -0.0027902998720479139 -0.00465459377283115 0.0012927261599719076 0.0014594471019552418 -0.0014906160669657471 0.0027061888469778468 0.012763399426119147 -0.0090897781258522468 -0.015807870454582765 0.0080370196791836289 0.0004769140369240987
leaf_weight=88856.757350154221 7055.1731813438237 84722.526650883257 22814.235950499773 6902.2711426243186 83988.810936510563 25680.268404357135 116016.09134352952 17122.711530894041 38057.424886576831 41305.642669312656 7875.0038827061653 7003.3793186098337 1432.2705650031567 8842.435047134757 42407.063988409936
leaf_count=546129 99920 371341 131248 71809 686656 148484 517355 125277 178181 181740 64167 83814 10387 44186 230635
internal_value=-8.6259e-06 0.000980278 0.00295828 -0.00382459 -0.00324925 -0.000495233 -6.32797e-05 -0.00269897 0.00218441 0.000693671 0.00731887 -0.00346937 -0.00300857 0.00344888 -0.00126177
internal_weight=600082 476577 203617 123505 116449 272960 247280 109547 172928 79363.1 30689.2 92424.5 85421.1 93565 131264
internal_count=3491329 2413466 970863 1077863 977943 1442603 1294119 906134 775448 359921 195415 780857 697043 415527 776764
is_linear=0
shrinkage=0.0206149


Tree=122
num_leaves=16
num_cat=0
split_feature=18 1 21 22 10 10 18 10 10 22 1 21 10 10 17
split_gain=5290.45 2724.75 1515.32 1361.03 1245.14 2058.74 1140.71 805.737 734.444 713.759 559.887 851.063 543.892 609.913 509.161
threshold=3.2928567431633158 2.5000000000000004 9.3677927501272205 1.0000000180025095e-35 3.5000000000000004 1.5000000000000002 8.4166631527793054 11.500000000000002 2.5000000000000004 1.0000000180025095e-35 1.0000000180025095e-35 8.597185412435751 6.5000000000000009 1.5000000000000002 28.500000000000004
decision_type=2 2 2 2 2 2 2 2 2 2 2 2 2 2 2
left_child=1 3 -3 -1 5 -5 9 10 -7 -2 11 -6 13 -11 -12
right_child=6 2 -4 4 7 8 -8 -9 -10 12 14 -13 -14 -15 -16
leaf_value=-0.014730135525434946 -0.010095353090624213 0.0035779355937581793 0.012016999655603065 -0.0032141159494964858 -0.0010814146935801659 0.0023393703376340031 -0.0086928392993482536 -0.0031977463165402571 0.0071157085624629982 -0.0065347546822616545 0.0002886906844008237 -0.013760343045524455 -0.0034446359222368625 -0.00015084015636212389 0.0029174177870054901
leaf_weight=2495.2593087591231 5240.826705865562 64468.36259688437 10517.410467118025 17432.390504255891 44024.518722809851 25374.165945611894 14415.343336548656 31099.050718575716 29689.568332850933 7194.6064001023769 169017.89494349062 2371.0451866388321 82789.834515683353 54823.277300126851 38433.424243301153
leaf_count=25092 72374 311471 81385 83063 263094 116350 170026 153349 136432 56898 753704 16489 656717 423715 171565
internal_value=-4.26669e-06 0.00118671 0.00476159 0.000441952 0.000547866 0.00296005 -0.00315378 -6.58433e-05 0.0049147 -0.00262164 0.000317849 -0.00172937 -0.00235115 -0.000891429 0.000775701
internal_weight=599387 434923 74985.8 359937 357442 72496.1 164464 284946 55063.7 150049 253847 46395.6 144808 62017.9 207451
internal_count=3491724 2111994 392856 1719138 1694046 335845 1379730 1358201 252782 1209704 1204852 279583 1137330 480613 925269
is_linear=0
shrinkage=0.0206149


Tree=123
num_leaves=16
num_cat=0
split_feature=0 18 22 23 18 24 23 22 21 18 23 0 23 21 22
split_gain=4999.45 3109.23 1511.13 1309.08 1136.57 1087.56 794.208 629.307 543.212 573.75 517.883 510.058 625.832 611.682 469.063
threshold=3.5000000000000004 1.5313724529258039 0.0069134866388865148 0.56816202062884391 1.0465367478331578 8.5000000000000018 4.2967662464852454 1.3014532366795726 8.597185412435751 7.9999976666673618 2.9063507024699908 1.0000000180025095e-35 2.5919203874338277 9.5532169979213961 1.3921225041852383
decision_type=2 2 2 2 2 2 2 2 2 2 2 2 2 2 2
left_child=1 4 -2 -4 -1 14 8 11 9 -5 -7 13 -13 -6 -3
right_child=2 5 3 6 7 10 -8 -9 -10 -11 -12 12 -14 -15 -16
leaf_value=0.0094755167412832447 -0.012597079170442152 -0.0013526655871247773 -0.011893437181442984 -0.0025342668108751646 0.0040044137342393248 -0.00029550127492571239 0.0015254012178485023 -0.0021711591505134587 -0.013148191553248837 -0.008174141619152123 0.0015480782205171369 -0.0025596191871059774 0.0035183372694135716 0.012494308272327037 -0.0054312633836295851
leaf_weight=13088.051213122904 7614.4670464843512 75727.032604604959 6794.9177807867527 80823.004238329828 70048.277721971273 128592.81465833634 17003.974089577794 8997.54845520854 2331.792552664876 8468.7944462373853 130437.94178272039 11363.620050728321 19647.139435663819 3802.2287522703409 14235.851509802043
leaf_count=103871 106450 472331 71506 658518 323360 631515 124374 38985 17976 100273 595700 47624 81718 23399 94583
internal_value=1.99811e-06 0.000959584 -0.00370221 -0.00311541 0.00372225 -4.53395e-05 -0.00256632 0.00306091 -0.00332568 -0.00306918 0.000632855 0.00350985 0.00129112 0.00444152 -0.00199807
internal_weight=598977 475941 123037 115422 126947 348994 108628 113859 91623.6 89291.8 259031 104861 31010.8 73850.5 89962.9
internal_count=3492183 2413086 1079097 972647 618957 1794129 901141 515086 776767 758791 1227215 476101 129342 346759 566914
is_linear=0
shrinkage=0.0206149


Tree=124
num_leaves=16
num_cat=0
split_feature=24 0 21 22 23 18 10 23 0 14 21 18 10 10 10
split_gain=4894.26 2593.41 2043.83 2029.48 1814.17 1517 935.286 832.747 703.937 534.472 498.335 456.176 453.473 501.97 795.797
threshold=10.500000000000002 1.0000000180025095e-35 8.498279917078472 1.0000000180025095e-35 2.6209397235558338 4.8452373455216593 6.5000000000000009 3.8803755942346112 4.5000000000000009 1.0000000180025095e-35 6.4155843853482883 8.4166631527793054 10.500000000000002 1.5000000000000002 3.5000000000000004
decision_type=2 2 2 2 2 2 2 2 2 2 2 2 2 2 2
left_child=3 2 9 -1 6 7 -3 12 10 -2 -8 -7 13 -5 -15
right_child=1 4 -4 5 -6 11 8 -9 -10 -11 -12 -13 -14 14 -16
leaf_value=-0.011902318237188363 0.00071734035038833208 2.4053194512321074e-05 0.0092074997142718214 -0.0067004828780665238 0.0017598516341345433 -0.0038365082535260545 -0.00073461811179865869 0.00094747035111038627 -0.0099602438979601738 0.003410648047708634 -0.0058418452583652528 -0.0084779359917417016 -0.0043710172580075281 0.0028698616838573623 -0.0017990510594328428
leaf_weight=8675.5331555046141 45777.52740047127 32310.579251967371 22738.019619435072 6847.5706199556589 91048.44521420449 44384.606174319983 16246.436842881143 66863.488727860153 8469.4947570636868 99092.036603480577 16230.290194451809 11287.423874020576 25018.137759372592 19030.268638476729 83971.30461640656
leaf_count=115935 206080 184983 148228 40176 444499 420872 85841 348925 84192 451736 80439 130662 151150 106249 489931
internal_value=-1.25546e-05 0.00165726 0.00346146 -0.00209553 -0.00018319 -0.001765 -0.00259813 -0.000933621 -0.00466729 0.00255959 -0.00328696 -0.00477755 -0.00186621 -0.00129574 -0.000936436
internal_weight=597991 331913 167608 266078 164305 257403 73256.8 201731 40946.2 144870 32476.7 55672 134867 109849 103002
internal_count=3489898 1685998 806044 1803900 879954 1687965 435455 1136431 250472 657816 166280 551534 787506 636356 596180
is_linear=0
shrinkage=0.0206149


Tree=125
num_leaves=16
num_cat=0
split_feature=24 0 23 22 18 23 10 18 20 22 10 22 23 10 22
split_gain=4747.5 2405.16 1902.13 1715.8 1665.24 1221.41 1079.12 803.621 713.583 638.113 522.229 476.58 429.624 389.376 365.865
threshold=9.5000000000000018 1.0000000180025095e-35 2.6209397235558338 1.0000000180025095e-35 1.1490740240620738 3.8803755942346112 7.5000000000000009 5.7749987012502961 0.30255628172174526 1.0826891910149083 8.5000000000000018 1.3014532366795726 0.56816202062884391 11.500000000000002 1.6008153246452934
decision_type=2 2 2 2 2 2 2 2 2 2 2 2 2 2 2
left_child=3 4 6 -1 11 7 12 -5 -8 10 -6 -2 -3 -4 -11
right_child=1 2 13 5 9 -7 8 -9 -10 14 -12 -13 -14 -15 -16
leaf_value=-0.011714619211332079 0.0079204594814229479 -0.006698096946586172 0.0018418696065592675 -0.0024878349560457755 0.0041190275821269169 0.00028261771055257797 -0.010654622011146305 -0.0064303279793984178 -0.0036478862299490888 0.00075583143173957421 0.0011077377784081052 -0.00460067903291896 0.00021468787256852045 -0.0024061849490757789 -0.0058527291947210233
leaf_weight=8464.0411092750728 29063.310466952622 4181.1204943880439 107185.96855876967 104165.66922982037 67972.913456842303 57400.62732052803 7479.5707974508405 27845.64956522733 35467.751898303628 50754.719734802842 38245.608068272471 1351.934849768877 44323.325777824968 10027.438091199845 3828.7087705805898
leaf_count=115035 196413 31018 532409 670775 299315 348654 78835 300638 192068 224318 169972 8145 254640 52102 17317
internal_value=-2.19599e-05 0.00127039 -0.000260079 -0.00263364 0.00294051 -0.00222785 -0.00248835 -0.00331944 -0.00486816 0.00210384 0.00303477 0.0073639 -0.000381199 0.00147845 0.000292279
internal_weight=597758 399882 208665 197876 191217 189412 91451.8 132011 42947.3 160802 106219 30415.2 48504.4 117213 54583.4
internal_count=3491654 2056552 1141072 1435102 915480 1320067 556561 971413 270903 710922 469287 204558 285658 584511 241635
is_linear=0
shrinkage=0.0206149


Tree=126
num_leaves=16
num_cat=0
split_feature=1 21 27 24 23 6 10 10 22 15 21 22 21 23 23
split_gain=4537.54 2763.45 1690.75 1435.98 1322.74 991.58 917.532 759.472 709.925 705.271 648.945 572.188 556.422 523.022 514.169
threshold=1.0000000180025095e-35 7.9721794323999591 1.0000000180025095e-35 10.500000000000002 2.3599438266032329 1.0000000180025095e-35 11.500000000000002 7.5000000000000009 1.6312258488921307 15.500000000000002 9.5532169979213961 1.0000000180025095e-35 5.0180116144158413 4.077600594023127 0.56816202062884391
decision_type=2 2 2 2 2 2 2 2 2 2 2 2 2 2 2
left_child=2 3 11 8 7 -3 9 14 13 -5 -7 -1 -8 -2 -4
right_child=1 5 4 6 -6 10 12 -9 -10 -11 -12 -13 -14 -15 -16
leaf_value=-0.012812590627569384 -0.0014836640695847045 0.00087168599538810286 -0.009170070259729492 0.0014203660579100988 -0.00029918570882103126 0.0058039421132504068 0.00343973493070086 -0.0067531492505680437 -0.0065044881437870015 0.0045919739327980056 0.012074228355739784 -0.0058729278352405365 -0.0047153695698866835 0.0011856543579258092 -0.0010474696618543112
leaf_weight=6808.7441606856883 100050.50879072398 13529.180115804076 3786.2644662111998 168408.47857228667 82757.569740898907 27708.168343223631 4704.0822301208973 28568.089599709958 9374.3697739094496 36200.967376515269 9392.1338893473148 19538.511915147305 14562.555767476559 45327.228175804019 26434.618138670921
leaf_count=98461 561768 59051 36644 756053 564663 144048 21977 255951 59005 170067 72726 181880 66663 228902 213972
internal_value=2.02055e-06 0.00112587 -0.00287134 0.000521023 -0.00197881 0.00564913 0.00157654 -0.00434324 -0.00100596 0.00198151 0.0073913 -0.0076663 -0.00272424 -0.000651399 -0.00206512
internal_weight=597151 429258 167894 378628 141547 50629.5 223876 58789 154752 204609 37100.3 26347.3 19266.6 145378 30220.9
internal_count=3491831 2140260 1351571 1864435 1071230 275825 1014760 506567 849675 926120 216774 280341 88640 790670 250616
is_linear=0
shrinkage=0.0206149


Tree=127
num_leaves=16
num_cat=0
split_feature=18 18 22 10 10 18 23 6 10 6 22 8 10 17 23
split_gain=4390.21 2200.51 1284.78 1324.64 2053.88 1046.55 1014.99 734.124 708.943 666.914 597.921 583.096 559.324 657.602 552.791
threshold=3.2928567431633158 1.1490740240620738 1.0000000180025095e-35 3.5000000000000004 1.5000000000000002 8.4166631527793054 2.6209397235558338 1.0000000180025095e-35 2.5000000000000004 1.0000000180025095e-35 1.0000000180025095e-35 0.034509993221251437 11.500000000000002 28.500000000000004 2.8464398168079881
decision_type=2 2 2 2 2 2 2 2 2 2 2 2 2 2 2
left_child=1 9 -3 4 -4 10 7 11 -6 -1 -2 -5 13 -8 -12
right_child=5 2 3 6 8 -7 12 -9 -10 -11 14 -13 -14 -15 -16
leaf_value=-0.0019559558331450695 -0.0093910992639892731 -0.014401201833857983 -0.0027440240137570548 -0.001559532097450869 0.0025996962701272984 -0.0082708136322011162 0.00084450414083365099 0.00045488095659271369 0.0071147535838406066 0.0071535459143805867 -0.0032827878139907781 -0.005818436989673428 -0.0021161145669304805 0.0040748908957413442 -0.00071118687957677322
leaf_weight=3852.4148695915937 4996.1384925842285 2394.3689723312855 19069.186316072941 48527.435707971454 27446.254548072815 14026.103256877512 142748.29362313449 54667.654216334224 32021.915184751153 30107.863502644002 79707.026684567332 19014.899377547204 20908.854413375258 32964.640878714621 64084.101911991835
leaf_count=17381 72224 25136 90332 258831 125175 169753 647382 242458 146323 204206 672559 106533 97384 151034 464528
internal_value=-1.283e-06 0.00108225 0.000654275 0.000744993 0.00314314 -0.00288775 0.000154262 -0.00132109 0.00503093 0.00612017 -0.00238029 -0.00275852 0.00107126 0.00145054 -0.00213669
internal_weight=596537 433724 399764 397369 78537.4 162813 318832 122210 59468.2 33960.3 148787 67542.3 196622 175713 143791
internal_count=3491239 2112175 1890588 1865452 361830 1379064 1503622 607822 271498 221587 1209311 365364 895800 798416 1137087
is_linear=0
shrinkage=0.0206149


Tree=128
num_leaves=16
num_cat=0
split_feature=0 24 2 23 21 24 21 0 23 16 12 5 0 21 21
split_gain=4250.37 2647.46 1262.77 1170.53 979.671 816.865 653.687 602.421 728.539 559.329 511.415 447.49 431.124 424.673 361.117
threshold=3.5000000000000004 11.500000000000002 5.5000000000000009 1.2281422311996446 5.625741984822656 6.5000000000000009 9.4455548799437086 1.0000000180025095e-35 2.9163008456005941 18.500000000000004 1.0000000180025095e-35 6.5000000000000009 8.5000000000000018 8.4356090925039435 3.130131150631756
decision_type=2 2 2 2 2 2 2 2 2 2 2 2 2 2 2
left_child=1 4 7 12 10 14 -4 11 -9 -7 -1 -3 -2 -13 -5
right_child=3 2 6 5 -6 9 -8 8 -10 -11 -12 13 -14 -15 -16
leaf_value=-0.0019467579667707818 -0.0058772966620516415 0.0027922301063109207 0.0047964224629438897 -0.0093128896851558656 0.0011299960063132668 -0.0010265975312557995 0.011823484697507894 -0.0012168456786213566 0.0027403040112028965 -0.014161506622820303 0.001027743558418317 0.0079077681847394433 -0.012208312593365495 0.033371088145099405 -0.004066922934162373
leaf_weight=139746.56678336114 14919.818725448102 89220.559483401477 22399.48067433387 7380.1881657131016 102371.51560401917 68426.265348035842 7512.6417141184211 41849.697827041149 37478.82040411979 1406.0744967907667 29803.142526701093 3750.3556496277452 6590.086992226541 300.66127636283636 22816.668853510171
leaf_count=796421 133856 393578 131207 91786 491615 523833 64286 195566 164443 10106 153823 20523 87859 1444 231078
internal_value=-1.46179e-05 0.000866535 0.00265098 -0.00345424 -0.000462426 -0.00251609 0.00656132 0.00197331 0.000652713 -0.00129107 -0.00142391 0.00309649 -0.00781696 0.00979762 -0.00534905
internal_weight=595973 474433 202512 121539 271921 100029 29912.1 172600 79328.5 69832.3 169550 93271.6 21509.9 4051.02 30196.9
internal_count=3491424 2412906 971047 1078518 1441859 856803 195493 775554 360009 533939 950244 415545 221715 21967 322864
is_linear=0
shrinkage=0.0206149


Tree=129
num_leaves=16
num_cat=0
split_feature=0 18 27 18 23 21 10 10 10 10 16 23 23 10 10
split_gain=4148.41 2544.82 1294.97 1110.67 1063.09 809.189 943.518 652.689 651.933 594.912 577.183 554.628 510.639 450.3 404.637
threshold=3.5000000000000004 1.6396102565567663 1.0000000180025095e-35 1.0363756236763753 2.3599438266032329 5.471224972653717 6.5000000000000009 3.5000000000000004 7.5000000000000009 1.5000000000000002 8.5000000000000018 2.2757232691609919 0.70074510644432697 2.5000000000000004 11.500000000000002
decision_type=2 2 2 2 2 2 2 2 2 2 2 2 2 2 2
left_child=1 3 -2 -1 8 10 9 13 12 -7 -3 -8 -4 -5 -9
right_child=2 5 4 7 -6 6 11 14 -10 -11 -12 -13 -14 -15 -16
leaf_value=0.0093805814493763823 -0.0080444190086977185 -0.0020026471170978889 -0.0087873846624782863 0.0031402808476960076 -0.0005669492038895427 -0.0029614845533355422 -0.0028509840066155753 0.0022826529567795532 -0.0074890457744059419 0.0034000050619295715 0.00049147121329997138 0.00071527315307521656 -0.00095095177213629198 0.0083814159690473108 -0.0016830105746602625
leaf_weight=10917.413125440478 21239.578481178731 113929.15617354959 4368.3861583024263 16616.104924939573 56300.277578040957 6971.264516890049 28995.541546426713 100685.08055131882 20841.818397749215 60161.90114082396 60302.010356470942 51359.098294638097 18495.865768916905 11995.836070679128 12266.56742400676
leaf_count=91192 244733 696831 44754 75661 419420 33554 154271 451419 206595 279999 277929 242750 163038 54617 54275
internal_value=-1.85921e-05 0.000851475 -0.00342148 0.00304508 -0.00243965 -0.000188201 0.000935504 0.00255649 -0.00485197 0.00273941 -0.00113942 -0.000571592 -0.00244816 0.00533768 0.00185198
internal_weight=595446 474200 121246 152481 100006 321719 147488 141564 43706.1 67133.2 174231 80354.6 22864.3 28611.9 112952
internal_count=3491038 2412498 1078540 727164 833807 1685334 710574 635972 414387 313553 974760 397021 207792 130278 505694
is_linear=0
shrinkage=0.0206149


Tree=130
num_leaves=16
num_cat=0
split_feature=24 1 10 21 22 10 20 10 15 10 21 14 22 21 12
split_gain=4016.32 2255.63 1509.88 1303.37 1298.63 1108.01 1088.15 1024.45 837.453 744.968 674.367 525.5 519.19 654.188 448.914
threshold=8.5000000000000018 2.5000000000000004 6.5000000000000009 9.4455548799437086 1.0000000180025095e-35 1.5000000000000002 0.27415922373873075 3.5000000000000004 3.5000000000000004 2.5000000000000004 5.4031532993794427 1.0000000180025095e-35 1.2662565442107627 10.165688380836885 1.0000000180025095e-35
decision_type=2 2 2 2 2 2 2 2 2 2 2 2 2 2 2
left_child=4 2 5 14 -1 -2 -4 9 -6 -7 -9 -8 -5 -14 -3
right_child=1 3 6 12 8 7 11 10 -10 -11 -12 -13 13 -15 -16
leaf_value=-0.011113263417931013 -0.0030665251505252707 0.0020928578420249767 -0.005813817638917633 0.012772646499824028 -0.0049989330965444509 0.0019742449320943175 -0.0016205673645481569 -0.0011983325785277254 -0.0014697305008786043 0.0066789905590051504 0.0023372078106281488 0.0005876515792028889 0.007359726405547825 -0.049422792797819817 0.0058025423413562288
leaf_weight=7859.2056149430573 18263.50661707297 43858.93229971081 17387.74548478052 8463.4592323675752 40333.532907232642 26787.569956593215 84192.004335358739 36535.497640423477 98002.815993860364 30689.198735866696 61552.935697190464 100429.57808507234 257.76574143022299 129.56662832945585 20269.515385955572
leaf_count=112562 96080 212946 168592 69920 408774 134740 446675 195533 618988 153660 304290 462769 2006 946 103426
internal_value=5.74489e-06 0.000972383 0.000328393 0.00428888 -0.00296181 0.00173696 -0.000883674 0.00230089 -0.00249871 0.0044863 0.00102031 -0.000419351 0.0117045 -0.0116346 0.0032654
internal_weight=595013 448817 375838 72979.2 146196 173829 202009 155565 138336 57476.8 98088.4 184622 8850.79 387.332 64128.4
internal_count=3491907 2351583 1962339 389244 1140324 884303 1078036 788223 1027762 288400 499823 909444 72872 2952 316372
is_linear=0
shrinkage=0.0206149


Tree=131
num_leaves=16
num_cat=0
split_feature=0 24 0 21 22 23 22 10 23 23 10 10 10 16 23
split_gain=3900.03 2511.3 1369.68 1429.22 1223.02 1092.34 963.013 824.184 814.123 744.429 738.746 584.964 844.469 496.341 489.986
threshold=4.5000000000000009 11.500000000000002 1.0000000180025095e-35 9.3677927501272205 0.0069134866388865148 0.59980807237670752 1.4393531641324226 6.5000000000000009 3.8803755942346112 2.7960288739116739 10.500000000000002 1.5000000000000002 3.5000000000000004 8.5000000000000018 2.5132972561787326
decision_type=2 2 2 2 2 2 2 2 2 2 2 2 2 2 2
left_child=1 6 3 -3 -2 -6 8 -7 10 -4 11 -1 -13 -14 -9
right_child=4 2 9 -5 5 7 -8 14 -10 -11 -12 12 13 -15 -16
leaf_value=-0.0054855608035227115 -0.012990679335258251 0.0030899523161195853 -0.0015420995262644609 0.010678279378948637 -0.011897850172541529 -0.00042099882961202535 -0.0042306987855703065 -0.0070557765106758511 0.001510370903111725 0.0022830372214694013 -0.0036875652794151064 0.0033467718337981088 -0.0018663875160432046 0.00088379169331896602 -0.0025494784025566633
leaf_weight=8758.8245824277401 5992.323111154139 111086.78894650191 42062.754662439227 11654.564907081425 5899.0900515988469 36093.390418596566 27276.173844829202 19529.868873246014 84489.705225124955 44492.356790624559 33797.504148595035 26188.140719033778 68860.823298439384 46870.230155996978 21590.467273853719
leaf_count=48711 94934 520346 203178 90387 68223 313591 162218 211508 424914 198264 194991 137784 429821 213321 180505
internal_value=-1.94543e-05 0.000681454 0.00241006 0.00381048 -0.00399605 -0.00334755 -0.000539816 -0.00269431 -0.000165518 0.000424155 -0.000933074 -0.000315234 3.86326e-06 -0.000752585 -0.00468972
internal_weight=594643 505538 209296 122741 89105.1 83112.8 296241 77213.7 268965 86555.1 184476 150678 141919 115731 41120.3
internal_count=3492696 2623935 1012175 610733 868761 773827 1611760 705604 1449542 401442 1024628 829637 780926 643142 392013
is_linear=0
shrinkage=0.0206149


Tree=132
num_leaves=16
num_cat=0
split_feature=0 18 18 27 23 10 10 10 10 10 21 10 10 23 0
split_gain=3744.33 2340.55 1170.81 1115.69 944.706 795.062 712.272 685.521 799.266 1149.4 570.237 743.359 517.892 504.536 680.64
threshold=4.5000000000000009 1.7999998500000134 1.0363756236763753 1.0000000180025095e-35 1.1852354768456854 6.5000000000000009 3.5000000000000004 10.500000000000002 1.5000000000000002 3.5000000000000004 5.4031532993794427 5.5000000000000009 2.5000000000000004 2.6209397235558338 1.0000000180025095e-35
decision_type=2 2 2 2 2 2 2 2 2 2 2 2 2 2 2
left_child=1 2 -1 -2 -5 -6 12 8 -3 -10 11 -11 -4 14 -8
right_child=3 7 6 4 5 -7 13 -9 9 10 -12 -13 -14 -15 -16
leaf_value=0.0090907260144944806 -0.0087082496277950689 -0.0046287391879027825 0.0026291036867731629 -0.007810657831613204 0.00086559726523759172 -0.0039320444622725466 0.0015702322173141092 -0.0024504356075214844 0.0033759173892375376 -0.0041643770484189879 0.00090215712158341608 -0.00031801182083500906 0.0076102748407355534 0.0023477861697102252 -0.0033299845025228565
leaf_weight=10725.460169225931 16725.192730944604 14694.191333390772 21989.845704056323 13077.392792142928 27599.14361711219 31357.842530477792 33579.148069933057 57589.588808305562 43062.674011588097 28925.363049730659 87588.689236924052 81565.600834034383 14867.593260236084 91871.512917272747 18785.067738391459
leaf_count=91134 209805 82203 97997 142368 229645 286358 153479 331337 224976 165411 443117 482623 66687 403818 80784
internal_value=-6.74435e-06 0.000679264 0.0024728 -0.0039117 -0.00279802 -0.00168616 0.00208085 -0.000418393 3.9026e-05 0.00032346 -0.000340147 -0.00132495 0.00463841 0.0014273 -0.000187665
internal_weight=594004 505245 191819 88759.6 72034.4 58957 181093 313426 255837 241142 198080 110491 36857.4 144236 52364.2
internal_count=3491742 2623566 893899 868176 658371 516003 802765 1729667 1398330 1316127 1091151 648034 164684 638081 234263
is_linear=0
shrinkage=0.0206149


Tree=133
num_leaves=16
num_cat=0
split_feature=24 6 22 18 10 15 20 10 22 12 10 10 22 10 10
split_gain=3625.58 1911.62 1451.63 1313.27 1114.09 1031.4 878.047 736.614 628.709 479.577 481.896 462.666 421.574 404.613 928.696
threshold=9.5000000000000018 1.0000000180025095e-35 1.0000000180025095e-35 1.0851448813372999 6.5000000000000009 3.5000000000000004 0.27415922373873075 1.5000000000000002 1.0826891910149083 1.0000000180025095e-35 8.5000000000000018 3.5000000000000004 0.52568239464527966 1.5000000000000002 3.5000000000000004
decision_type=2 2 2 2 2 2 2 2 2 2 2 2 2 2 2
left_child=2 4 -1 -3 7 -4 -6 12 9 10 -5 -9 -2 -7 -15
right_child=1 3 5 8 6 13 -8 11 -10 -11 -12 -13 -14 14 -16
leaf_value=-0.010912969409858335 0.0094760970627893511 0.007646694650292986 -0.0045955694397551601 0.0033672042076853793 -0.0064861044739294845 -0.0058035796306353709 -0.00094958132601634642 0.0039217746555752627 0.00027101260937743138 0.0051498805101594615 0.00014132243566647619 0.00080606546645703848 -0.0050047636655414307 0.0033604521752283669 -0.0015124650988283719
leaf_weight=7989.300667155534 937.16994505375624 19758.487568356097 46701.058699004352 50624.837894573808 13882.192444957793 7250.1487566754222 98882.839393235743 33482.461775563657 57202.737644165754 30146.09700717032 32195.038623765111 51266.028504252434 9670.2705373466015 19452.033168621361 114201.95194964856
leaf_count=115159 5067 150437 470016 226615 136161 44825 498785 173099 256209 135631 145888 275782 53179 112350 693030
internal_value=-8.77445e-06 0.00112055 -0.00230702 0.00261602 -0.000244189 -0.00194053 -0.00163117 0.00139601 0.0020319 0.00292356 0.00211319 0.00203702 -0.00372538 -0.00106055 -0.00080326
internal_weight=593643 398048 195594 189927 208121 187605 112765 95355.9 170169 112966 82819.9 84748.5 10607.4 140904 133654
internal_count=3492233 2056853 1435380 914780 1142073 1320221 634946 507127 764343 508134 372503 448881 58246 850205 805380
is_linear=0
shrinkage=0.0206149


Tree=134
num_leaves=16
num_cat=0
split_feature=0 18 22 3 23 10 10 10 21 10 22 23 0 23 22
split_gain=3516.1 2208.46 1151.13 1118.93 1039.83 769.741 665.648 657.384 711.655 630.594 529.147 491.902 558.976 486.413 399.792
threshold=4.5000000000000009 1.8749998242187684 0.0069134866388865148 11.500000000000002 0.59980807237670752 6.5000000000000009 3.5000000000000004 10.500000000000002 5.471224972653717 2.5000000000000004 0.086009304569600015 2.6209397235558338 1.0000000180025095e-35 2.5132972561787326 1.4393531641324226
decision_type=2 2 2 2 2 2 2 2 2 2 2 2 2 2 2
left_child=1 3 -2 6 -4 -6 9 8 14 -1 -8 12 -12 -7 -3
right_child=2 7 4 -5 5 13 10 -9 -10 -11 11 -13 -14 -15 -16
leaf_value=0.0020635255396316454 -0.012660820149048475 -0.00058141958879761192 -0.01157673678956654 0.007821839976853177 -0.00034425889246479229 -0.0068504350007820014 -0.01671422210070965 -0.0025198040718052662 0.0012903386250896025 0.0073551316626708852 0.001402349699451026 0.0022214422574066595 -0.0028593345600548721 -0.0023397010100167817 -0.0040473656020171382
leaf_weight=23041.239003702998 5823.6775209270418 124116.30282034725 5822.6256424486637 14427.817946366966 36000.828078858554 19343.690484941006 692.97726162523031 55066.370616599917 101523.96142935753 16370.113445192575 34645.622701629996 97723.057692825794 21012.055483311415 21397.80181414634 15962.263498350978
leaf_count=101169 94756 724231 68559 116978 313364 212108 3415 321108 515530 72208 154434 423617 90516 180365 99460
internal_value=-9.82223e-06 0.000654574 -0.00380264 0.0022837 -0.00317783 -0.00254059 0.00187073 -0.000487159 -2.38759e-05 0.00426148 0.00125919 0.0013404 -0.000206534 -0.00448136 -0.000976372
internal_weight=592970 504582 88388.6 207913 82564.9 76742.3 193485 296669 241603 39411.4 154074 153381 55657.7 40741.5 140079
internal_count=3491818 2622666 869152 962337 774396 705837 845359 1660329 1339221 173377 671982 668567 244950 392473 823691
is_linear=0
shrinkage=0.0206149


Tree=135
num_leaves=16
num_cat=0
split_feature=18 1 21 0 10 10 23 18 10 23 10 21 10 17 12
split_gain=3359.16 1816.76 1196.66 1075.13 978.372 1570.65 923.28 906.898 572.282 510.281 485.131 548.84 464.271 549.023 449.637
threshold=3.4999992708334915 2.5000000000000004 9.4455548799437086 7.5000000000000009 3.5000000000000004 1.5000000000000002 2.6209397235558338 8.4166631527793054 2.5000000000000004 2.8084523441403166 10.500000000000002 4.9722401756425851 11.500000000000002 30.500000000000004 1.0000000180025095e-35
decision_type=2 2 2 2 2 2 2 2 2 2 2 2 2 2 2
left_child=1 3 14 4 5 -1 10 9 -7 -2 -6 -12 13 -8 -3
right_child=7 2 -4 -5 6 8 12 -9 -10 -11 11 -13 -14 -15 -16
leaf_value=-0.0028268802297041419 -0.0033821436339158532 0.0017279960866992676 0.011071126809628407 -0.0079777528712233897 -0.00081670345188554721 0.0020075798091178597 0.00079580427084627087 -0.0077888353397264146 0.0061725496511460618 -0.00080017921571750217 0.00053248862701912468 -0.0060358561889820488 -0.0021956382656426994 0.0048796028269350502 0.0054325962430165848
leaf_weight=17493.065344240516 71273.13566923514 44403.608143255115 8608.4345860183239 6549.052344661206 86891.030005037785 26112.334445655346 146741.87241505831 13640.897521499544 30274.855045124888 59839.641808666289 7756.3545474037528 17842.797001987696 19318.117244955152 15464.551384773105 20283.275113627315
leaf_count=83557 640158 216077 72894 71050 429923 119788 680071 170213 138698 467468 41747 91828 92387 71942 104152
internal_value=-1.17029e-07 0.000882468 0.00385052 0.000301489 0.000448871 0.00256963 -8.40349e-05 -0.00273005 0.00424379 -0.00220374 -0.00155152 -0.0040457 0.00082536 0.00118515 0.00288961
internal_weight=592493 447739 73295.3 374444 367895 73880.3 294015 144754 56387.2 131113 112490 25599.2 181525 162206 64686.9
internal_count=3491953 2214114 393123 1820991 1749941 342043 1407898 1277839 258486 1107626 563498 133575 844400 752013 320229
is_linear=0
shrinkage=0.0206149


Tree=136
num_leaves=16
num_cat=0
split_feature=24 1 10 22 21 15 26 0 10 10 10 22 21 0 21
split_gain=3419.66 1704.77 1327.64 1162.74 1161.42 757.884 754.277 704.899 608.265 1519.99 612.354 534.51 642.416 399.024 621.361
threshold=8.5000000000000018 2.5000000000000004 10.500000000000002 1.0000000180025095e-35 9.4455548799437086 2.5000000000000004 0.0049045708830565849 8.5000000000000018 1.5000000000000002 3.5000000000000004 2.5000000000000004 1.2662565442107627 10.165688380836885 1.5000000000000002 9.2144797882848355
decision_type=2 2 2 2 2 2 2 2 2 2 2 2 2 2 2
left_child=3 2 7 -1 -3 -5 -4 8 -2 10 -10 -6 -13 -11 -15
right_child=1 4 6 5 11 -7 -8 -9 9 13 -12 12 -14 14 -16
leaf_value=-0.01065403588464265 -0.0026543704387997288 0.0028118006604718046 -0.0067388689549132312 -0.0062099747299590403 0.012020128460336029 -0.0017377504612584619 -0.0012382879287340871 -0.0047600411313044261 0.002020364339173989 0.0011756930497563022 0.0063559790414798242 0.0066451733483372062 -0.049964253165913346 -0.00038436138561139259 -0.01371155626831951
leaf_weight=7550.446496270597 17694.02153935656 63565.354476675391 13195.363340295851 18632.375325530767 8152.9225147739053 118640.98354522884 53747.213164843619 9136.0783900134265 25899.817888647318 145665.21499989927 29741.522138211876 243.40389098972082 131.06570207327604 78392.394284974784 1515.4556208178401
leaf_count=112598 90553 315642 87671 213985 69905 813734 280007 103300 125184 661928 143206 1949 950 461762 8465
internal_value=-2.48971e-05 0.000866917 0.000308757 -0.00277798 0.00377016 -0.00234477 -0.00232253 0.000880575 0.00105298 0.00128625 0.00433785 0.010914 -0.0131683 0.000533518 -0.000637112
internal_weight=591904 447080 374987 144824 72092.7 137273 66942.6 308045 298908 281214 55641.3 8527.39 374.47 225573 79907.8
internal_count=3490839 2350522 1962076 1140317 388446 1027719 367678 1594398 1491098 1400545 268390 72804 2899 1132155 470227
is_linear=0
shrinkage=0.0206149


Tree=137
num_leaves=16
num_cat=0
split_feature=24 2 10 22 23 23 23 0 21 21 10 10 18 0 0
split_gain=3218.42 1712.02 1327.29 1080.29 876.633 810.429 741.278 710.562 678.04 610.795 550.687 600.386 508.619 463.493 452.942
threshold=8.5000000000000018 5.5000000000000009 10.500000000000002 1.0000000180025095e-35 2.9063507024699908 3.8803755942346112 2.2569932278849358 8.5000000000000018 9.4455548799437086 5.471224972653717 4.5000000000000009 1.5000000000000002 8.4166631527793054 4.5000000000000009 1.5000000000000002
decision_type=2 2 2 2 2 2 2 2 2 2 2 2 2 2 2
left_child=3 2 4 -1 7 12 13 10 -3 -6 11 -2 -5 -4 -12
right_child=1 8 6 5 9 -7 -8 -9 -10 -11 14 -13 -14 -15 -16
leaf_value=-0.010315832281730957 -0.0027105403659612565 0.0038469501275860446 -0.0036664271746989865 -0.0028922939217263808 0.00048674042356530218 0.00011636268128494726 -0.00053787496568068627 -0.0067386000091551887 0.011075310891888393 0.0030320408211532888 0.00036591104070061509 0.002897153047811483 -0.0085926184267393693 -0.011275827445168229 -0.0024420274890415011
leaf_weight=7480.7671344913542 9841.3671053275466 24763.890816561878 20738.521045073867 87927.810047157109 63973.414068009704 41938.306521929801 48786.348762664944 6414.7896173410118 7094.9169742763042 107213.85445038229 70535.919306375086 46220.829678151757 7196.4758144393563 4069.2404678165913 37335.881935466081
leaf_count=112494 52513 144400 108066 665629 319844 271469 245101 78106 64336 493753 327514 233304 90896 44298 239751
internal_value=-1.33565e-05 0.000851339 0.000497905 -0.00268736 0.001039 -0.002271 -0.00201322 -7.9759e-06 0.0054567 0.00208085 0.000255396 0.00191276 -0.00332354 -0.0049146 -0.000605954
internal_weight=591532 446989 415130 144543 341536 137063 73594.1 170349 31858.8 171187 163934 56062.2 95124.3 24807.8 107872
internal_count=3491474 2350986 2142250 1140488 1744785 1027994 397465 931188 208736 813597 853082 285817 756525 152364 567265
is_linear=0
shrinkage=0.0206149


Tree=138
num_leaves=16
num_cat=0
split_feature=0 14 2 22 22 0 16 22 22 0 8 16 22 19 19
split_gain=3158 1892.52 1356.34 1096.15 818.85 684.997 496.929 480.112 462.074 359.853 359.252 330.412 274.425 266.627 189.706
threshold=4.5000000000000009 1.0000000180025095e-35 5.5000000000000009 0.0069134866388865148 1.0826891910149083 9.5000000000000018 15.500000000000002 0.06081292421828445 1.6312258488921307 1.0000000180025095e-35 0.32382933452133328 15.500000000000002 1.4393531641324226 0.7142846020427388 1.3333280446638334
decision_type=2 2 2 2 2 2 2 2 2 2 2 2 2 2 2
left_child=1 8 4 -2 7 6 13 -3 -1 11 -4 -9 -6 -5 -7
right_child=3 2 10 5 12 14 -8 9 -10 -11 -12 -13 -14 -15 -16
leaf_value=-0.00062015574427530203 -0.012400229906745023 -0.0058311578536024223 0.0042209670632522437 -0.0027490982577827749 5.94983792731953e-05 -0.0088670470554664746 -0.01227673730381449 0.0022223759952981529 -0.0052479967313742108 0.001307294932234897 0.0090538908876607056 0.0050023146022484715 -0.0030914303674347923 4.928831985436115e-05 -0.0041797435314397252
leaf_weight=208940.58022554219 5655.2247091643512 3262.3607989698648 17204.957536362112 42819.507408820093 60462.124136514962 9033.9143548086286 1984.3422883450985 53624.018842630088 9589.6931874230504 97843.975799262524 10541.202055372298 27481.280747741461 14578.847494065762 21854.341262079775 6179.3519193604589
leaf_count=1161455 94867 21261 108525 393701 281759 115063 16176 241236 62169 466661 81221 125648 72853 175872 73504
internal_value=-8.19066e-06 0.000620056 0.00172674 -0.00362241 0.00125969 -0.00301609 -0.00211526 0.00200608 -0.000823238 0.00214895 0.00605707 0.00316432 -0.000552659 -0.00180348 -0.00696315
internal_weight=591056 503529 284999 87526.7 257253 81871.5 66658.2 182212 218530 178949 27746.2 81105.3 75041 64673.8 15213.3
internal_count=3491971 2622788 1399164 869183 1209418 774316 585749 854806 1223624 833545 189746 366884 354612 569573 188567
is_linear=0
shrinkage=0.0206149


Tree=139
num_leaves=16
num_cat=0
split_feature=24 6 21 23 18 23 21 17 24 23 19 8 18 20 20
split_gain=3029.27 1674.98 1590.14 1358.5 1282.82 703.869 656.201 534.859 428.073 410.688 408.77 348.651 336.597 311.909 259.256
threshold=10.500000000000002 1.0000000180025095e-35 8.498279917078472 2.7960288739116739 5.7749987012502961 4.077600594023127 9.4455548799437086 25.500000000000004 6.5000000000000009 0.72270112835196165 0.33333301710556235 0.020401830613094831 9.1666636111121296 0.32182478690402783 0.32182478690402783
decision_type=2 2 2 2 2 2 2 2 2 2 2 2 2 2 2
left_child=4 3 10 6 5 8 7 9 14 13 -3 -9 -6 -2 -1
right_child=1 2 -4 -5 12 -7 -8 11 -10 -11 -12 -13 -14 -15 -16
leaf_value=-0.0070096239734784398 -0.012108873010877855 0.00038299340220304136 0.0079746710532996156 0.001704923942600624 -0.0040956412765346725 0.00073874675348615257 -0.012961496724497782 -0.0018263122037681422 -0.0012057334250398736 -3.3654839802816332e-05 0.0027373120196416351 -0.0069979020020404922 -0.0087297368454028572 -0.0025745012993303698 -0.0028335778180565863
leaf_weight=8058.1948834136128 2051.9461847357452 46117.742079421878 21655.313963212073 81694.307189904153 30977.671782411635 65348.470763605088 2278.5620680935681 10877.017895117402 119376.80912704021 50219.998154461384 97812.230101399124 11290.374562527984 8485.6677400507033 5038.9286492466927 29249.877808570862
leaf_count=93915 23696 208812 148796 396053 339089 362424 13934 65385 690945 286726 448717 67412 111461 27621 206342
internal_value=-1.10298e-05 0.00130522 0.00276655 -0.000175186 -0.00166724 -0.00105852 -0.00205386 -0.00174115 -0.00180811 -0.000689392 0.00198295 -0.00446032 -0.0050921 -0.00533354 -0.00373556
internal_weight=590533 329036 165585 163451 261497 222033 81756.8 79478.3 156685 57310.9 143930 22167.4 39463.3 7090.87 37308.1
internal_count=3491328 1687152 806325 880827 1804176 1353626 484774 470840 991202 338043 657529 132797 450550 51317 300257
is_linear=0
shrinkage=0.0206149


Tree=140
num_leaves=16
num_cat=0
split_feature=24 2 10 20 23 26 6 21 21 21 23 23 24 20 8
split_gain=2971.41 1597.7 1319.81 913.476 794.181 686.102 659.449 673.809 617.909 616.963 427.235 400.074 388.988 343.556 332.525
threshold=8.5000000000000018 5.5000000000000009 10.500000000000002 0.33854099793968889 2.9063507024699908 0.0065026737346069062 1.0000000180025095e-35 9.2144797882848355 9.3677927501272205 5.471224972653717 0.56816202062884391 3.8803755942346112 3.5000000000000004 0.27415922373873075 0.034509993221251437
decision_type=2 2 2 2 2 2 2 2 2 2 2 2 2 2 2
left_child=3 2 4 12 6 -4 7 10 -3 -6 13 -5 -1 -2 -12
right_child=1 8 5 11 9 -7 -8 -9 -10 -11 14 -13 -14 -15 -16
leaf_value=-0.0091718644322079015 -0.012747534207449724 0.0036370068082572328 -0.0056312693251055618 -0.0025441265142232736 0.00041465384527431893 -0.00092206734500195283 0.0016312165982059253 -0.010927252449168942 0.010309744868585104 0.0029729792736423442 0.000482164850295458 9.7615361648287631e-05 -0.0041977070922748416 -0.0026066607983156642 -0.0021315190066181797
leaf_weight=9130.9073818810284 2072.1777547933161 23747.507580205798 17141.024258647114 73368.643484048545 63978.599316820502 56438.654405020177 66431.772915542126 2826.1619282178581 7846.2214633524418 107152.81315279007 63669.421083673835 36473.754816748202 24903.87669724226 4509.1277406662703 30641.548672836274
leaf_count=130202 25382 137223 110753 516412 319993 287242 304054 16506 71752 493615 381104 223284 270981 25827 178358
internal_value=-4.9078e-06 0.000825364 0.000485043 -0.00258127 0.00102494 -0.00201912 2.76204e-05 -0.000999485 0.00529416 0.00201653 -0.000721391 -0.00166692 -0.00553218 -0.0057996 -0.000367019
internal_weight=590332 446455 414861 143877 341282 73579.7 170150 103718 31593.7 171131 100892 109842 34034.8 6581.31 94311
internal_count=3492688 2351809 2142834 1140879 1744839 397995 931231 627177 208975 813608 610671 739696 401183 51209 559462
is_linear=0
shrinkage=0.0206149


Tree=141
num_leaves=16
num_cat=0
split_feature=0 18 22 23 18 22 22 23 16 0 0 21 21 21 17
split_gain=2804.04 1759.71 1078.56 1013.33 860.999 652.792 618.38 609.043 475.36 459.135 453.256 633.396 605.394 415.386 373.597
threshold=4.5000000000000009 1.6899037283307223 0.0069134866388865148 0.56816202062884391 1.0363756236763753 1.6312258488921307 1.3014532366795726 2.9063507024699908 15.500000000000002 10.500000000000002 1.0000000180025095e-35 9.2144797882848355 9.5532169979213961 4.185652929013421 22.500000000000004
decision_type=2 2 2 2 2 2 2 2 2 2 2 2 2 2 2
left_child=1 4 -2 -4 -1 7 10 -3 9 -5 12 -12 14 -7 -6
right_child=2 5 3 8 6 13 -8 -9 -10 -11 11 -13 -14 -15 -16
leaf_value=0.0081504007813233571 -0.01221051013754791 -0.00096310701583347705 -0.011653958137143889 -0.0014226068233108326 0.0017090694016662343 -0.0087213231285895657 -0.0023192455885903541 0.00081590608684409022 -0.012195065640048682 -0.0069015344424761963 0.0013535646756606822 -0.0083485451189759113 0.010967234074005279 -0.0014355800827504336 0.0044299237434264789
leaf_weight=10213.70462282002 5553.9831451326609 162653.56038589776 5168.2001501023769 66925.474413599819 51136.462092116475 6030.464695468545 13072.665061727166 164479.30833095312 1977.8416849449277 7199.1504080854356 43865.910565845668 3059.007408849895 4085.9930396974087 7414.2259178608656 36937.957757093012
leaf_count=90955 94943 918218 63391 601739 233800 41218 56110 842973 16892 91535 184050 13700 27982 43170 170690
internal_value=-2.49005e-07 0.000590345 -0.00342139 -0.00282074 0.00235635 -0.000251603 0.00196742 -6.86361e-05 -0.00222087 -0.00195473 0.00237032 0.00072109 0.00321006 -0.00470352 0.00285018
internal_weight=589774 502949 86824.6 81270.7 162372 340578 152158 327133 76102.5 74124.6 139085 46924.9 92160.4 13444.7 88074.4
internal_count=3491366 2622866 868500 773557 777287 1845579 686332 1761191 710166 693274 630222 197750 432472 84388 404490
is_linear=0
shrinkage=0.0206149


Tree=142
num_leaves=16
num_cat=0
split_feature=24 0 21 22 23 23 15 21 0 12 5 22 21 22 21
split_gain=2773.09 1412.89 1394.32 1392.42 1246.42 1029.19 736.108 625.339 542.393 429.758 402.072 362.802 650.673 339.707 310.313
threshold=10.500000000000002 1.0000000180025095e-35 8.498279917078472 1.0000000180025095e-35 2.7960288739116739 4.077600594023127 3.5000000000000004 9.4455548799437086 8.5000000000000018 1.0000000180025095e-35 5.5000000000000009 1.347534535746679 10.165688380836885 0.826664190050454 9.5532169979213961
decision_type=2 2 2 2 2 2 2 2 2 2 2 2 2 2 2
left_child=3 2 9 -1 7 6 -5 8 13 -2 11 14 -13 -3 -4
right_child=1 4 10 5 -6 -7 -8 -9 -10 -11 -12 12 -14 -15 -16
leaf_value=-0.010245602781185959 0.0011888804925282599 0.00064912469420226853 0.0054865374135278809 -0.0044975045747991903 0.001694513813742735 0.00080168128407078116 -0.0014163512131957908 -0.012544893054659422 -0.0086715216247655567 0.0037351935680349064 0.0254137633166754 0.0026052256938686211 -0.046738715888352128 -0.0022374394880959794 0.010707065978563565
leaf_weight=7668.3007029667497 105467.4893893674 27197.472362570465 12153.338773012161 43063.197653885931 81760.22539704293 69783.394498102367 140333.40888646618 2282.7160302512348 4357.2689444981515 38433.08685772866 520.00879517197609 547.74318279325962 143.27431734651327 47737.277085185051 8039.6519876420498
leaf_count=116000 480582 149780 72706 446885 396117 401174 840713 14054 55408 177608 2356 3358 1011 265471 69245
internal_value=-4.14275e-06 0.00125554 0.00259914 -0.0015912 -0.000104273 -0.00132907 -0.00213983 -0.00190715 -0.0016009 0.00186895 0.00750825 0.00706241 -0.00762566 -0.00118976 0.00756504
internal_weight=589488 328640 165305 260848 163335 253180 183397 81574.7 79292 143901 21404 20884 691.018 74934.7 20193
internal_count=3492468 1687696 806866 1804772 880830 1688772 1287598 484713 470659 658190 148676 146320 4369 415251 141951
is_linear=0
shrinkage=0.0206149


Tree=143
num_leaves=16
num_cat=0
split_feature=24 18 10 22 15 10 10 10 21 22 21 6 21 21 2
split_gain=2685.26 1431.38 1141.11 1018.4 669.488 640.55 1548 657.718 542.55 460.325 624.449 465.854 533.323 462.117 424.991
threshold=8.5000000000000018 1.1961537632248591 10.500000000000002 1.0000000180025095e-35 2.5000000000000004 1.5000000000000002 3.5000000000000004 2.5000000000000004 5.0180116144158413 1.3014532366795726 10.165688380836885 1.0000000180025095e-35 9.4455548799437086 9.2144797882848355 1.0000000180025095e-35
decision_type=2 2 2 2 2 2 2 2 2 2 2 2 2 2 2
left_child=3 9 5 -1 -5 -3 7 -7 -4 11 -11 13 -13 -2 -10
right_child=1 2 8 4 -6 6 -8 -9 14 10 -12 12 -14 -15 -16
leaf_value=-0.01001403119185873 0.0028566129085068649 -0.0027345633345358679 0.0008038608941354227 -0.0057274243279701528 -0.0014801306247332619 0.0018494871131072496 0.00043805344592082185 0.0061600980198954847 -0.0096308286942371132 -0.0019853872319942805 -0.046667977944947987 0.0044282853262876823 0.010604087920838648 -0.010245547616818614 -0.0025662321987495046
leaf_weight=7182.8651391454041 4636.0207572728395 19158.703606896102 21361.404256716371 18212.102546572685 117702.43640800938 28624.83507604897 251729.72731661052 31702.666014671326 3926.2263047993183 1993.2274879440665 142.41407946497202 27239.32974409312 7600.5514579415321 1518.7835600674152 46218.527411878109
leaf_count=112385 20579 100244 122099 214355 812992 142410 1290099 156902 40405 11067 977 165186 70166 6966 224919
internal_value=7.99918e-06 0.000796595 0.000414342 -0.00244905 -0.00204925 0.00092421 0.00114884 0.00411475 -0.00194737 0.00436583 -0.00496502 0.00485192 0.00577558 -0.000376527 -0.00311937
internal_weight=588950 445852 402722 143097 135915 331216 312057 60327.5 71506.2 43130.3 2135.64 40994.7 34839.9 6154.8 50144.8
internal_count=3491751 2352019 2077078 1139732 1027347 1689655 1589411 299312 387423 274941 12044 262897 235352 27545 265324
is_linear=0
shrinkage=0.0206149


Tree=144
num_leaves=16
num_cat=0
split_feature=0 14 2 22 23 22 10 10 10 10 10 10 23 21 23
split_gain=2596.42 1579.7 1074.88 959.571 970.741 803.882 715.942 678.789 729.586 691.453 661.48 523.888 463.62 415.353 413.22
threshold=4.5000000000000009 1.0000000180025095e-35 5.5000000000000009 0.0069134866388865148 0.56816202062884391 1.0743767930881225 6.5000000000000009 11.500000000000002 1.5000000000000002 3.5000000000000004 3.5000000000000004 2.5000000000000004 2.5132972561787326 9.3677927501272205 2.4346578311628386
decision_type=2 2 2 2 2 2 2 2 2 2 2 2 2 2 2
left_child=1 7 5 -2 -5 10 -6 8 -1 -10 11 -3 -8 -4 -11
right_child=3 2 13 4 6 -7 12 -9 9 14 -12 -13 -14 -15 -16
leaf_value=-0.0061141597297809597 -0.01174031338172175 0.002076984086602647 0.0039233867788062114 -0.011455919949475776 -5.1343172966054592e-05 -0.00061082817466383721 -0.0064065328515601127 -0.0041430386380680063 0.0028831713994095383 -0.002034247454551298 0.0012091148884689851 0.0066639767024945281 -0.0019648245055439027 0.0096808960990206489 0.00016069855694218838
leaf_weight=8983.6111925169826 5390.2862542644143 23458.074905119836 19900.016482539475 5108.2179021574557 35763.428667563945 76972.570738404989 18935.646340847015 22688.938410401344 28059.010255850852 56893.474062860012 137283.32370773703 19276.673551701009 21131.667593486607 7270.2569106817245 101437.34407231212
leaf_count=52221 94691 109058 119990 63484 315948 364167 214068 131312 148895 345547 648110 88399 180653 69501 545765
internal_value=-1.58378e-05 0.000551846 0.00156465 -0.00331835 -0.00275748 0.0011524 -0.00217152 -0.000767964 -0.000376013 -9.94455e-05 0.00190632 0.00414607 -0.00406396 0.00546399 -0.000628018
internal_weight=588553 502223 284161 86329.2 80939 256991 75830.7 218062 195373 186390 180018 42734.7 40067.3 27170.3 158331
internal_count=3491809 2622965 1399225 868844 774153 1209734 710669 1223740 1092428 1040207 845567 197457 394721 189491 891312
is_linear=0
shrinkage=0.0206149


Tree=145
num_leaves=16
num_cat=0
split_feature=24 6 21 23 18 23 21 24 12 5 18 21 23 20 5
split_gain=2624.65 1294.75 1326.42 1120.95 1083.5 658.525 572.592 393.262 389.507 380.766 320.992 310.689 241.301 239.081 232.782
threshold=10.500000000000002 1.0000000180025095e-35 8.498279917078472 2.6209397235558338 5.6666652500003947 4.077600594023127 7.3240639589123662 6.5000000000000009 1.0000000180025095e-35 5.5000000000000009 9.1666636111121296 9.4455548799437086 2.4680309202080934 0.33854099793968889 8.5000000000000018
decision_type=2 2 2 2 2 2 2 2 2 2 2 2 2 2 2
left_child=4 3 8 6 5 7 14 13 -3 12 -6 -8 -4 -1 -2
right_child=1 2 9 -5 10 -7 11 -9 -10 -11 -12 -13 -14 -15 -16
leaf_value=-0.0068147084914889086 -0.00052114791494158074 0.0011494093731247419 0.0040423903272859352 0.0014334952542538505 -0.0037311179950250762 0.00075108516794964212 -0.0041489961686469162 -0.0011441294915574428 0.003575576975907433 0.024760008949416754 -0.0082876231496537018 -0.012553060504070583 0.0086336298388433146 -0.0027267137972745862 -0.0057496300292848197
leaf_weight=7723.312738224864 49045.223161175847 105434.57801068574 7853.4772389307618 91171.671552628279 31791.888297148049 65174.270539250225 16891.009126137942 118529.7834639959 38349.907786905766 519.26186359673738 8282.0445548370481 2102.0757807269692 12783.126579150558 28569.785019878298 3907.0422082543373
leaf_count=91658 276996 480695 54104 444932 351605 360850 98365 686262 177477 2341 111546 13174 92208 202424 46820
internal_value=-8.45452e-06 0.00121772 0.00250563 -8.45891e-05 -0.00155517 -0.000987266 -0.00200836 -0.00171904 0.00179651 0.00732509 -0.00467281 -0.00507912 0.00688639 -0.00359666 -0.000906927
internal_weight=588128 328057 164940 163117 260071 219997 71945.4 154823 143784 21155.9 40073.9 18993.1 20636.6 36293.1 52952.3
internal_count=3491457 1687112 806825 880287 1804345 1341194 435355 980344 658172 148653 463151 111539 146312 294082 323816
is_linear=0
shrinkage=0.0206149


Tree=146
num_leaves=16
num_cat=0
split_feature=24 22 0 21 23 23 10 24 21 10 10 21 12 5 10
split_gain=2436.22 1277.51 1252.28 1276.63 1117.05 884.033 679.354 665.372 512.933 468.408 813.225 457.043 380.943 366.261 361.208
threshold=10.500000000000002 1.0000000180025095e-35 1.0000000180025095e-35 8.498279917078472 2.6209397235558338 3.8803755942346112 8.5000000000000018 5.5000000000000009 6.4155843853482883 1.5000000000000002 3.5000000000000004 9.5532169979213961 1.0000000180025095e-35 5.5000000000000009 8.5000000000000018
decision_type=2 2 2 2 2 2 2 2 2 2 2 2 2 2 2
left_child=1 -1 3 12 6 7 11 -3 -8 -9 -11 -4 14 -5 -2
right_child=2 5 4 13 -6 -7 8 9 -10 10 -12 -13 -14 -15 -16
leaf_value=-0.0098837686403761664 0.0020061104457197582 -0.0046602231266232351 -0.00011633910222299832 0.0067536213976114087 0.0014180457798427474 0.00060119510159991523 -0.0017631966960914177 -0.0065621328444255209 -0.0074169123418402049 0.0026478775474604449 -0.0018324977318866717 -0.01337492336826325 0.0035157657081352324 0.024168690732974348 -0.00051992652548824003
leaf_weight=7483.5077722929418 68226.25029360503 33543.480676542968 43547.173729930073 20547.654946051538 91149.456072583795 76948.892806187272 13681.241168607026 7179.7292754501104 13597.109207075089 20267.204593867064 114373.60805455595 1133.665574233979 38312.783747643232 526.36472761631012 37159.524774253368
leaf_count=116222 310615 320641 255093 146208 444698 444645 89450 47458 84207 124448 751254 7051 177404 2360 170015
internal_value=1.24516e-06 -0.00148987 0.00118273 0.00245029 -9.77638e-05 -0.00124091 -0.00201781 -0.00204922 -0.00458134 -0.00143166 -0.00115808 -0.000452743 0.0017554 0.0071886 0.00111542
internal_weight=587678 259796 327881 164773 163109 252313 71959.2 175364 27278.4 141821 134641 44680.8 143699 21074 105386
internal_count=3491769 1804668 1687101 806602 880499 1688446 435801 1243801 173657 923160 875702 262144 658034 148568 480630
is_linear=0
shrinkage=0.0206149


Tree=147
num_leaves=16
num_cat=0
split_feature=24 22 0 21 23 23 18 21 10 20 10 12 10 22 21
split_gain=2376.94 1205.36 1181.52 1215.72 1034.77 893.585 637.153 588.237 565.048 477.755 385.394 377.219 381.719 358.731 513.957
threshold=10.500000000000002 1.0000000180025095e-35 1.0000000180025095e-35 8.498279917078472 2.7960288739116739 4.077600594023127 5.4499987725002805 9.4455548799437086 7.5000000000000009 0.30255628172174526 6.5000000000000009 1.0000000180025095e-35 8.5000000000000018 1.347534535746679 10.165688380836885
decision_type=2 2 2 2 2 2 2 2 2 2 2 2 2 2 2
left_child=1 -1 3 11 7 6 -3 8 -4 -10 -6 12 -2 -5 -15
right_child=2 5 4 13 10 -7 -8 -9 9 -11 -12 -13 -14 14 -16
leaf_value=-0.0097036211014615934 0.001970543354393642 -0.0014358570262900132 0.00015866779502347151 0.0075080545605751316 0.0030350170241786223 0.00071988618807237342 -0.0045532368596250374 -0.012123323419264994 -0.0089295988580710105 -0.0023434527383748285 0.00019967080610000436 0.0034430403255369959 -0.00062590149286621355 0.001553210234497562 -0.041775322456095901
leaf_weight=7401.7374868839979 68225.658956602216 147972.60411918536 42520.65600335598 20271.571760118008 38388.237860545516 69813.329169675708 34326.450031280518 2260.09088569507 5511.7992426492274 31038.572017103434 43412.122027330101 38325.715533278883 37173.80948574096 562.58457960933447 146.67567317932844
leaf_count=115861 310548 903446 243346 144041 182972 401441 383708 14058 61722 165587 212884 177520 170033 3450 986
internal_value=-3.01075e-05 -0.00150408 0.00113668 0.00236833 -0.000106856 -0.00126335 -0.00202285 -0.00175343 -0.00145703 -0.00333664 0.00153028 0.00169164 0.00105479 0.00700384 -0.00740717
internal_weight=587352 259514 327837 164706 163131 252112 182299 81331.1 79071 36550.4 81800.4 143725 105399 20980.8 709.26
internal_count=3491603 1804456 1687147 806578 880569 1688595 1287154 484713 470655 227309 395856 658101 480581 148477 4436
is_linear=0
shrinkage=0.0206149


Tree=148
num_leaves=16
num_cat=0
split_feature=0 24 23 0 21 12 24 16 23 21 23 21 23 9 12
split_gain=2262.14 1527.72 866.114 787.591 977.657 631.022 588.118 514.577 511.124 506.668 326.773 313.689 281.883 328.613 276.739
threshold=4.5000000000000009 11.500000000000002 0.56816202062884391 1.0000000180025095e-35 9.4455548799437086 1.0000000180025095e-35 3.5000000000000004 15.500000000000002 2.8464398168079881 5.625741984822656 4.7727008680175116 7.3240639589123662 3.8803755942346112 0.010275000000000003 1.0000000180025095e-35
decision_type=2 2 2 2 2 2 2 2 2 2 2 2 2 2 2
left_child=1 5 -2 4 14 9 -4 10 11 12 -8 -5 13 -1 -3
right_child=2 3 6 8 -6 -7 7 -9 -10 -11 -12 -13 -14 -15 -16
leaf_value=-0.0016576574603806694 -0.011270904455895413 0.0017841919364665402 -0.0073459649749534929 -1.9414005300879023e-05 0.0093858098279113993 0.0014959190711823066 -0.0020894351938485732 -0.012194981129697064 0.0019761751190628778 0.00039279417429838591 0.0026918491218479268 -0.0038035095553252654 -0.00031317902596653217 -0.0046301566991481793 0.004075358647052196
leaf_weight=84637.804964505136 5178.5197034142911 80326.748438112438 9654.2450457066298 29970.236047647893 9284.8308675959706 58115.636112123728 62030.706340707839 2013.1833481229842 42933.799166493118 83155.675628051162 6734.0684822686017 13504.725269861519 48749.797514468431 19434.472879476845 31068.873139150441
leaf_count=532544 66705 377277 136268 147231 80157 291099 592601 17843 190726 415496 55370 63285 266428 104687 153087
internal_value=-2.20524e-06 0.000526804 -0.00309913 0.00188314 0.0029589 -0.000428276 -0.00257301 -0.00192197 0.00038072 -0.000902159 -0.00162121 -0.00119488 -0.00160679 -0.00221274 0.00242321
internal_weight=586793 501183 85610.7 207089 120680 294093 80432.2 70778 86408.8 235978 68764.8 43475 152822 104072 111396
internal_count=3490804 2622017 868787 1011763 610521 1610254 802082 665814 401242 1319155 647971 210516 903659 637231 530364
is_linear=0
shrinkage=0.0206149


Tree=149
num_leaves=16
num_cat=0
split_feature=0 22 0 18 10 10 10 10 10 10 12 22 22 10 22
split_gain=2236.5 1463.21 1214.11 1070.12 824.654 729.203 641.7 652.34 640.985 514.76 436.808 381.909 358.07 349.691 343.224
threshold=1.5000000000000002 1.28445790668463 8.5000000000000018 1.1490740240620738 6.5000000000000009 1.5000000000000002 3.5000000000000004 2.5000000000000004 3.5000000000000004 2.5000000000000004 1.0000000180025095e-35 0.040684701404504774 0.17650814235650047 11.500000000000002 0.0069134866388865148
decision_type=2 2 2 2 2 2 2 2 2 2 2 2 2 2 2
left_child=1 3 4 -1 5 -2 7 -5 9 11 13 -7 -10 -8 -4
right_child=2 -3 14 6 -6 8 10 -9 12 -11 -12 -13 -14 -15 -16
leaf_value=0.0053047082686281414 -0.0045775400482871639 -0.0021200219779897731 -0.013923050867441529 0.0012951410402610539 -0.002236702204895768 -0.015863095562318748 0.00053496695536539714 0.0060398878066031522 -0.0063702587111848065 0.0056064321378559287 0.0024477045084681107 0.0011123593705374905 6.5894245897816896e-05 -0.0024459597828887839 -0.0051870703641165253
leaf_weight=29558.86037979275 11139.08108060807 53504.518743276596 2090.8049247041345 29678.988108202815 115404.75188134611 585.73535479232669 153945.1474435553 21047.014069311321 4002.6100336946547 18032.703763112426 47265.277529761195 14652.170175477862 44671.627920862287 18762.371989883482 22254.240644123405
leaf_count=209103 75239 278989 45418 137352 808231 5950 733538 96116 36981 110294 213538 88023 286945 91397 274883
internal_value=-1.19723e-05 0.0010207 -0.00158099 0.00158036 -0.00107231 0.000371303 0.00117368 0.00326381 0.00104402 0.0032493 0.000691699 0.000459834 -0.000463367 0.000211129 -0.00593734
internal_weight=586596 353762 232834 300258 208489 93083.9 270699 50726 81944.8 33270.6 219973 15237.9 48674.2 172708 24345
internal_count=3491997 1760033 1731964 1481044 1411663 603432 1271941 233468 528193 204267 1038473 93973 323926 824935 320301
is_linear=0
shrinkage=0.0206149


Tree=150
num_leaves=16
num_cat=0
split_feature=24 18 10 10 10 10 26 0 0 22 21 22 21 21 18
split_gain=2222.49 1300.73 1088.33 830.709 1523.53 675.103 633.065 618.032 578.199 487.219 578.131 434.986 407.596 405.415 401.985
threshold=6.5000000000000009 1.2857142091836784 10.500000000000002 1.5000000000000002 3.5000000000000004 2.5000000000000004 0.0065026737346069062 1.5000000000000002 7.5000000000000009 1.3014532366795726 10.165688380836885 0.51652621535039245 4.5220426205638962 9.2144797882848355 0.999999969223486
decision_type=2 2 2 2 2 2 2 2 2 2 2 2 2 2 2
left_child=8 7 3 11 5 -5 -4 9 -1 14 -11 -3 -7 -9 -2
right_child=1 2 6 4 -6 12 -8 13 -10 10 -12 -13 -14 -15 -16
leaf_value=-0.0025140035517665924 0.0083655085439930995 0.0055911946124854233 -0.005574966614445136 0.0013486320017863072 0.00011831118183463733 0.0014172369429886619 -0.0011406773541737256 -0.00092851990662876896 -0.0072794433595822234 -0.0019173576752794304 -0.043602388971751324 -0.0043893826229197677 0.0066906827302570309 -0.016975767058330943 0.0034405096151883799
leaf_weight=60882.67996352911 8232.7091371417046 2055.2174895778298 17478.717845596373 30818.154127690941 280158.31936183572 8026.2261648476124 62994.995431751013 2349.4147339314222 13158.706437665969 3535.635668694973 147.28274238109589 19123.173299744725 27813.548534099013 935.44257351011038 48738.047142863274
leaf_count=496689 77740 12140 119979 159496 1509323 44734 340612 10257 191372 17909 977 104906 139671 4622 262471
internal_value=-2.2386e-05 0.000460023 6.78462e-05 0.000542745 0.000784781 0.00358591 -0.0021038 0.00321077 -0.00336092 0.00368244 -0.00358437 -0.00342084 0.00550971 -0.00549836 0.00415221
internal_weight=586448 512407 448468 367995 346816 66657.9 80473.7 63938.5 74041.4 60653.7 3682.92 21178.4 35839.8 3284.86 56970.8
internal_count=3492898 2804837 2430861 1970270 1853224 343901 460591 373976 688061 359097 18886 117046 184405 14879 340211
is_linear=0
shrinkage=0.0206149


Tree=151
num_leaves=16
num_cat=0
split_feature=18 18 22 10 18 22 10 10 23 16 22 10 10 9 20
split_gain=2037.63 1069.64 929.06 821.078 735.505 683.442 756.216 1123.69 668.484 455.473 398.963 380.765 344.831 339.536 317.746
threshold=3.4999992708334915 1.1490740240620738 1.0000000180025095e-35 11.500000000000002 8.4166631527793054 1.338999309490952 3.5000000000000004 2.5000000000000004 2.9063507024699908 11.500000000000002 1.3014532366795726 10.500000000000002 1.5000000000000002 0.73757500000000009 0.27415922373873075
decision_type=2 2 2 2 2 2 2 2 2 2 2 2 2 2 2
left_child=1 10 -3 5 11 6 7 12 14 -10 13 -2 -4 -1 -8
right_child=4 2 3 -5 -6 -7 8 -9 9 -11 -12 -13 -14 -15 -16
leaf_value=0.0036636063847283735 -0.0011279202589590789 -0.012479829675243647 -0.0015898247234342017 -0.0025021874744368556 -0.0068547904901651684 -0.0019206853684449656 -0.0047863249257130043 0.0058789954931837583 0.00054283920089173666 0.0029396356409234071 -0.0061190163661714444 -0.0039593683387664389 0.0022018597342738228 0.0088705818945261014 -0.00029799042917105561
leaf_weight=23312.668588325381 103293.91084786505 2362.5677763223648 16608.704732853919 35709.831961318851 12846.334148485214 36256.958098698407 7107.0800354331732 31147.151111289859 82394.823364123702 57007.491844788194 1477.4552410244942 25085.45073082298 26387.305463530123 6896.3712778538465 117903.74934658408
leaf_count=156215 885119 28465 80061 178885 170385 174246 68379 142851 388891 250008 8908 222093 121565 56738 558483
internal_value=5.37075e-06 0.00069063 0.000410506 0.000484691 -0.0021518 0.000769261 0.00105734 0.00289724 0.000541416 0.00152299 0.00434074 -0.00168119 0.00073719 0.0048523 -0.00055316
internal_weight=585798 444572 412886 410523 141226 374813 338556 74143.2 264413 139402 31686.5 128379 42996 30209 125011
internal_count=3491292 2213695 1991834 1963369 1277597 1784484 1610238 344477 1265761 638899 221861 1107212 201626 212953 626862
is_linear=0
shrinkage=0.0206149


Tree=152
num_leaves=16
num_cat=0
split_feature=0 24 10 23 18 0 8 23 23 10 24 10 10 10 17
split_gain=2075.36 1577.89 947.11 756.744 662.711 635.843 588.893 584.263 553.941 548.514 375.216 366.184 799.241 354.991 370.742
threshold=7.5000000000000009 10.500000000000002 4.5000000000000009 2.6209397235558338 1.1249999414062535 1.0000000180025095e-35 0.034509993221251437 3.8803755942346112 0.62200221616782614 1.5000000000000002 3.5000000000000004 1.5000000000000002 3.5000000000000004 11.500000000000002 30.500000000000004
decision_type=2 2 2 2 2 2 2 2 2 2 2 2 2 2 2
left_child=1 7 9 5 -5 -4 -7 11 -2 -3 -10 -1 -13 14 -6
right_child=8 2 3 4 13 6 -8 -9 10 -11 -12 12 -14 -15 -16
leaf_value=-0.0060067419177648271 -0.012981469363267429 -0.00063109690399794642 0.00084554035749128808 0.0062729731666764871 0.0010677136520436652 -0.0009996017479508997 -0.0059526316914586498 0.00052751375783432564 -0.0089962070309364314 0.0037475947307656246 -0.0030246664585640674 0.0021274188768628686 -0.0020837535073255711 -0.0019353917154361197 0.004894164402290708
leaf_weight=7915.4641566239297 3294.2825967073441 14492.690602906048 45617.411538101733 11456.094603054225 96543.677883289754 32203.547894798219 14931.132937394083 74469.434440936893 5437.0570749305189 75469.452617786825 25184.316352602094 22493.005008962005 128976.18733922765 14542.709357023239 12110.533072583377
leaf_count=53174 49386 72453 225595 83202 440759 181658 82922 422867 87886 369930 292368 139197 864666 68288 55057
internal_value=4.04859e-07 0.000304938 0.00125172 0.000543396 0.00153038 -0.000889456 -0.0025686 -0.000979949 -0.00494909 0.0030422 -0.00408496 -0.00168428 -0.0014584 0.00108936 0.00149421
internal_weight=585137 551221 317367 227405 134653 92752.1 47134.7 233854 33915.7 89962.1 30621.4 159385 151469 123197 108654
internal_count=3489408 3059768 1579864 1137481 647306 490175 264580 1479904 429640 442383 380254 1057037 1003863 564104 495816
is_linear=0
shrinkage=0.0206149


Tree=153
num_leaves=16
num_cat=0
split_feature=0 22 0 18 23 12 16 22 23 22 22 23 9 18 23
split_gain=1970.19 1373.07 1138.8 1004.17 707.656 569.581 504.272 484.62 456.159 369.329 333.297 299.148 262.822 245.733 212.455
threshold=1.5000000000000002 1.28445790668463 8.5000000000000018 1.1490740240620738 3.5751398924020239 1.0000000180025095e-35 19.500000000000004 0.040684701404504774 0.75035420419295284 0.0069134866388865148 1.6312258488921307 0.56816202062884391 0.73757500000000009 7.9999976666673618 4.270256688127831
decision_type=2 2 2 2 2 2 2 2 2 2 2 2 2 2 2
left_child=1 3 4 12 6 14 7 -2 -4 -10 -3 -9 -1 -13 -5
right_child=2 10 8 5 -6 -7 -8 11 9 -11 -12 13 -14 -15 -16
leaf_value=0.0040576556689202658 -0.007321016421916046 -0.0012118653522991789 -0.012924010946298655 0.00022603171511329358 0.00085991178319289486 0.0028331177405073555 -0.0097928842379906098 -0.0055476997076327958 -0.013324182671577705 -0.0037455970134954325 -0.0051189030682652252 -0.00096018809088425558 0.0086906295683730726 -0.0060902976558216398 0.0017821050891199195
leaf_weight=22466.378184817731 6012.6409000754356 41434.085672274232 3247.9125995710492 159288.62972688675 61499.179917152971 62605.536498785019 3259.3788213245571 6828.4247235991061 1881.4748575240374 18846.124088842422 11956.514350786805 126312.22484343126 6772.1363338157535 4096.698282584548 48684.53131005168
leaf_count=152709 67095 208706 50457 767110 377407 282334 17554 56988 41994 227478 70108 843768 56400 48687 222686
internal_value=-1.03761e-05 0.000959017 -0.00148633 0.00150141 -0.000995965 0.00110923 -0.00177499 -0.00159256 -0.00574066 -0.00461506 -0.00208682 -0.00134159 0.00513073 -0.00112135 0.000590294
internal_weight=585192 353208 231984 299817 208009 270579 146509 143250 23975.5 20727.6 53390.6 137237 29238.5 130409 207973
internal_count=3491481 1760053 1731428 1481239 1411499 1272130 1034092 1016538 319929 269472 278814 949443 209109 892455 989796
is_linear=0
shrinkage=0.0206149


Tree=154
num_leaves=16
num_cat=0
split_feature=24 23 21 0 21 22 12 0 0 23 21 21 22 21 9
split_gain=1987.51 1180.62 1012.22 934.899 547.9 543.535 574.66 538.46 455.605 425.626 354.569 346.488 312.228 300.37 265.461
threshold=6.5000000000000009 2.7960288739116739 7.9540999683346358 1.5000000000000002 8.597185412435751 1.4393531641324226 1.0000000180025095e-35 7.5000000000000009 1.5000000000000002 0.56816202062884391 7.9721794323999591 9.5532169979213961 1.0000000180025095e-35 9.4455548799437086 0.018201666666666672
decision_type=2 2 2 2 2 2 2 2 2 2 2 2 2 2 2
left_child=7 3 5 10 9 6 -3 -1 11 -5 14 -4 -9 -10 -2
right_child=1 2 8 4 -6 -7 -8 12 13 -11 -12 -13 -14 -15 -16
leaf_value=-0.0023670249038334808 0.0005368096276032457 0.00064787969631129743 0.0050159580923120478 -0.0068820814166956467 -0.010102099733265986 -0.0026883542949767856 0.0031221577003111489 -0.013886218410828632 0.0011680281085132719 -0.0015178382182850839 0.0028732796782743285 0.011446127026432037 -0.0055103124456888199 -0.014353369526834659 -0.0017126374231475952
leaf_weight=60647.798003297299 90465.564350970089 182019.05293967202 19300.185304045677 6811.4223424755037 3631.4018187448382 16438.294319577515 51087.274078521878 2303.3988276124001 3936.7515288665891 81485.843603435904 21217.335143752396 4367.0852252915502 10572.596411015838 612.25916036218405 29586.796894431114
leaf_count=497138 442313 923325 100570 64116 25354 86551 244730 52765 19670 593304 120949 39390 138194 3248 138415
internal_value=-1.08565e-05 0.000445149 0.00135311 -0.000636322 -0.0022544 0.000934651 0.00119014 -0.0031799 0.00505401 -0.00193165 0.000416612 0.00620245 -0.00700869 -0.000921023 -1.75646e-05
internal_weight=584483 510959 277761 233198 91928.7 249545 233106 73523.8 28216.3 88297.3 141270 23667.3 12876 4549.01 120052
internal_count=3490032 2801935 1417484 1384451 682774 1254606 1168055 688097 162878 657420 701677 139960 190959 22918 580728
is_linear=0
shrinkage=0.0206149


Tree=155
num_leaves=16
num_cat=0
split_feature=24 10 23 16 6 21 21 21 21 2 24 23 8 10 10
split_gain=1913.83 1155.72 1066.69 888.937 693.182 561.549 549.403 561.634 476.046 471.038 422.571 402.717 418.657 467.933 345.706
threshold=6.5000000000000009 11.500000000000002 2.9063507024699908 16.500000000000004 1.0000000180025095e-35 9.2144797882848355 5.0180116144158413 8.2174596567307692 5.471224972653717 1.0000000180025095e-35 11.500000000000002 0.56816202062884391 0.019929994187085066 4.5000000000000009 1.5000000000000002
decision_type=2 2 2 2 2 2 2 2 2 2 2 2 2 2 2
left_child=9 2 4 8 5 11 -3 -8 -4 -1 -6 -2 -13 14 -14
right_child=1 6 3 -5 10 -7 7 -9 -10 -11 -12 12 13 -15 -16
leaf_value=-0.0057200020748772807 -0.0053434438540388516 0.00053479637832043621 8.6699675059972702e-05 0.0046787676794050404 -0.00049271897728746152 -0.0098446331268970955 -0.0053431304222965152 0.0031412363509262264 0.0021051820399041136 -0.0020743795375751193 0.0023175433362151135 0.00037283213291564287 -0.0052323906878771996 -0.0033255242937303888 0.002100646621201718
leaf_weight=21179.690665155649 8469.9190662503242 14941.397506326437 92218.320154890418 36339.013448592275 39789.367478258908 3117.2267741076648 26717.909773301333 3785.487829554826 107581.68248692155 52141.706487245858 53063.519964456558 69182.51409381628 3365.5019735731184 37871.341244988143 14517.313477087766
leaf_count=285964 70273 92065 495011 186296 193777 18762 146975 23513 517292 401883 270016 445877 20499 238414 84257
internal_value=-1.28807e-05 0.000434052 0.000740381 0.00171296 -0.000260868 -0.00119546 -0.00270384 -0.00429022 0.00117355 -0.00312746 0.00111329 -0.000993362 -0.000698454 -0.00202776 0.000720587
internal_weight=584282 510961 465516 236139 229377 136524 45444.8 30503.4 199800 73321.4 92852.9 133407 124937 55754.2 17882.8
internal_count=3490874 2803027 2540474 1198599 1341875 878082 262553 170488 1012303 687847 463793 859320 789047 343170 104756
is_linear=0
shrinkage=0.0206149


Tree=156
num_leaves=16
num_cat=0
split_feature=24 22 10 0 23 18 19 21 10 10 23 2 10 10 22
split_gain=1842.32 1103.62 1015.88 995.083 738.78 559.081 542.748 522.356 476.683 509.108 445.613 381.016 365.663 905.161 353.222
threshold=10.500000000000002 1.0000000180025095e-35 6.5000000000000009 3.5000000000000004 4.077600594023127 8.4166631527793054 1.0000000180025095e-35 5.7587741414269402 1.5000000000000002 3.5000000000000004 2.3395666811772311 5.5000000000000009 1.5000000000000002 3.5000000000000004 1.0198354182867548
decision_type=2 2 2 2 2 2 2 2 2 2 2 2 2 2 2
left_child=1 -1 7 6 5 12 -4 -2 -9 -10 -5 -8 -3 14 -14
right_child=2 4 3 10 -6 -7 11 8 9 -11 -12 -13 13 -15 -16
leaf_value=-0.0092980538921935887 0.00049544969459576732 -0.0056481916647515224 -0.00109713037048784 -0.0076218852639501119 0.00074031727425066265 -0.0068856812006076471 0.00092598490758358958 -0.0011328673188444667 0.0055465911469174322 0.0023955082566422085 -0.0014284175351936942 0.0046130307170961105 0.0039173401590678779 -0.0019281208355988843 -0.0015989686578664556
leaf_weight=7114.9222863204777 48048.052291695029 8592.0455725230277 56012.267537228763 9448.1351463608444 69596.691898271441 8610.1345499679446 84905.416782945395 10218.493081558496 34496.993074633181 59153.498221322894 10339.50037304312 13854.583179585636 17608.309625007212 139132.78175685927 6852.8550953306258
leaf_count=116001 240602 59852 271374 95431 400809 114622 379291 53079 177083 301494 71678 97225 111028 956671 44611
internal_value=1.17791e-05 -0.00129197 0.00104011 -3.26635e-05 -0.00106448 -0.00175922 0.000523866 0.00227277 0.00309493 0.00355624 -0.00438565 0.00144322 -0.00150288 -0.00128516 0.00237193
internal_weight=583985 257508 326477 174560 250393 180796 154772 151917 103869 93650.5 19787.6 98760 172186 163594 24461.2
internal_count=3490851 1803594 1687257 914999 1687593 1286784 747890 772258 531656 478577 167109 476516 1172162 1112310 155639
is_linear=0
shrinkage=0.0206149


Tree=157
num_leaves=16
num_cat=0
split_feature=0 14 18 23 23 0 21 21 5 23 16 0 8 21 18
split_gain=1795.67 1304.95 737.206 534.414 395.617 352.231 785.502 536.01 313.551 293.584 270.372 267.75 263.151 247.698 236.935
threshold=7.5000000000000009 1.0000000180025095e-35 1.0769230147929036 1.0345942064756122 2.6209397235558338 1.5000000000000002 9.2144797882848355 6.5331346371712611 6.5000000000000009 4.2967662464852454 18.500000000000004 1.0000000180025095e-35 0.32382933452133328 3.4589410251358736 2.1428569132653341
decision_type=2 2 2 2 2 2 2 2 2 2 2 2 2 2 2
left_child=1 4 11 -2 -1 7 9 -4 -9 10 -7 12 -3 -5 -15
right_child=3 2 5 13 -6 6 -8 8 -10 -11 -12 -13 -14 14 -16
leaf_value=-0.0018209544150324156 -0.010214434178290779 0.0036031665673333015 0.00050746108824087236 -0.0074439596106339288 -0.00014798607117002811 -0.00015220516397398219 -0.012460487281839525 0.0024796557939791514 0.010264153826981225 0.0024754491698224411 -0.0058729226591373212 -0.004120376622239943 0.0088715958599360819 -0.01284335132483547 -0.0020344454451198279
leaf_weight=102658.32409242913 6020.3860263712704 8934.5078367814422 114787.86100900918 5277.4872275404632 144800.37966764346 65364.322018112987 2148.7357892096043 78842.036828376353 2261.9981069266796 18327.372932262719 3710.2221785597503 1197.6904610097408 7338.3062939494848 898.33013052120805 21218.179956946522
leaf_count=680900 89906 69973 526452 81807 822812 390058 12107 356899 11778 97603 18892 5689 68455 10123 248127
internal_value=-1.31298e-05 0.000268582 0.00117586 -0.00465324 -0.000842018 0.000924265 -0.000146782 0.00141389 0.00269677 0.000155944 -0.000459484 0.00528663 0.00597899 -0.00343105 -0.00247348
internal_weight=583786 550372 302913 33414.4 247459 285443 89550.7 195892 81104 87401.9 69074.5 17470.5 16272.8 27394 22116.5
internal_count=3491581 3061618 1557906 429963 1503712 1413789 518660 895129 368677 506553 408950 144117 138428 340057 258250
is_linear=0
shrinkage=0.0206149


Tree=158
num_leaves=16
num_cat=0
split_feature=24 10 23 16 6 21 21 21 22 21 24 23 8 10 10
split_gain=1770.9 1057.88 970.963 807.198 602.443 532.632 534.716 508.836 483.779 463.48 426.634 366.135 426.927 481.594 340.451
threshold=6.5000000000000009 11.500000000000002 2.9063507024699908 16.500000000000004 1.0000000180025095e-35 5.0180116144158413 8.2174596567307692 9.2144797882848355 1.0000000180025095e-35 5.471224972653717 11.500000000000002 0.56816202062884391 0.019929994187085066 4.5000000000000009 1.5000000000000002
decision_type=2 2 2 2 2 2 2 2 2 2 2 2 2 2 2
left_child=8 2 4 9 7 -3 -7 11 -1 -4 -6 -2 -13 14 -14
right_child=1 5 3 -5 10 6 -8 -9 -10 -11 -12 12 13 -15 -16
leaf_value=-0.0087986694528049188 -0.0050707381313443815 0.00060651258188963199 5.8092715818174319e-05 0.004477172290889635 -0.00057078159383904556 -0.0051745612662296003 0.0031418305612561973 -0.0093551514930715601 -0.0025233539683631994 0.0020503481775653279 0.0022546227904056805 0.00044324704425220381 -0.005124841107401296 -0.0033012414190475175 0.0021662329513563927
leaf_weight=5659.6488254964352 8452.8112415522337 14919.921969242394 92139.370875384659 36191.576981514692 39771.071951434016 26650.579139146954 3747.6254555508494 3108.8829095102847 67330.294032528996 107550.65790504217 52950.073250949383 69237.345687370747 3347.4037170298398 37778.171667639166 14559.310957536101
leaf_count=101312 70613 92085 494547 186127 193753 147012 23391 18862 586534 517109 269935 446735 20476 238531 84362
internal_value=-6.47608e-06 0.000423032 0.000715993 0.00164449 -0.000239549 -0.00258355 -0.00414928 -0.00111066 -0.00300994 0.0011311 0.00104272 -0.00091849 -0.00063753 -0.00198134 0.000803271
internal_weight=583395 510405 465087 235882 229205 45318.1 30398.2 136484 72989.9 199690 92721.1 133375 124922 55684.9 17906.7
internal_count=3491384 2803538 2541050 1197783 1343267 262488 170403 879579 687846 1011656 463688 860717 790104 343369 104838
is_linear=0
shrinkage=0.0206149


Tree=159
num_leaves=16
num_cat=0
split_feature=20 14 22 23 22 10 10 10 21 2 10 10 10 23 21
split_gain=1557.43 1190.15 809.022 849.77 804.924 717.598 608.455 761.781 605.405 577.556 537.226 486.413 463.95 375.682 365.309
threshold=0.27415922373873075 1.0000000180025095e-35 1.0000000180025095e-35 1.1852354768456854 1.28445790668463 3.5000000000000004 1.5000000000000002 3.5000000000000004 10.165688380836885 5.5000000000000009 6.5000000000000009 2.5000000000000004 11.500000000000002 2.6209397235558338 9.4455548799437086
decision_type=2 2 2 2 2 2 2 2 2 2 2 2 2 2 2
left_child=2 6 -1 -4 5 11 -2 -8 -6 13 -5 -3 -9 -7 -11
right_child=1 4 3 10 8 9 7 12 -10 14 -12 -13 -14 -15 -16
leaf_value=-0.012460821659285061 -0.0058230857286100356 0.0020331730280872605 -0.0075624674939044987 0.00097785830812385224 -0.0016066880899516735 -0.00049407343688401479 0.0025350725799020428 -0.00061665830185218329 -0.039942134637586148 0.0028841540936200036 -0.0033548112187590366 0.0059126506278532652 -0.0036953743719151944 0.0014336896180473918 0.0096047867453277411
leaf_weight=3657.8558273613453 9595.7253605313599 32116.324001248926 11323.685735762119 23197.238617260009 32272.539721556008 69463.631979309022 29964.005313076079 166533.48415815458 176.02267217636108 14587.109626479447 25566.108420457691 23997.283073116094 23770.543155204505 112600.79960036278 4496.742176964879
leaf_count=78148 58143 161133 145660 216541 160463 347195 162933 966766 1110 92030 269088 118418 142714 525223 46720
internal_value=-6.98196e-06 0.000366123 -0.0030481 -0.00247509 0.00124496 0.00163087 -0.000741531 -0.000520159 -0.00181465 0.00105582 -0.00129371 0.00369225 -0.00100122 0.000698184 0.00446774
internal_weight=583319 519574 63744.9 60087 289710 257262 229864 220268 32448.6 201148 48763.3 56113.6 190304 182064 19083.9
internal_count=3492285 2782848 709437 631289 1452292 1290719 1330556 1272413 161573 1011168 485629 279551 1109480 872418 138750
is_linear=0
shrinkage=0.0206149


Tree=160
num_leaves=16
num_cat=0
split_feature=24 22 18 23 23 1 21 17 18 23 22 17 22 21 20
split_gain=1653.65 810.444 798.903 658.463 601.758 589.785 572.164 501.406 435.195 428.278 344.95 373.35 329.216 411.493 310.11
threshold=9.5000000000000018 1.0000000180025095e-35 1.0769230147929036 3.8803755942346112 2.7960288739116739 1.0000000180025095e-35 8.597185412435751 27.500000000000004 7.9999976666673618 0.56816202062884391 1.0826891910149083 23.500000000000004 1.3014532366795726 10.165688380836885 0.51851732716354426
decision_type=2 2 2 2 2 2 2 2 2 2 2 2 2 2 2
left_child=1 14 12 8 5 6 7 9 -3 -4 11 -6 -2 -14 -1
right_child=2 3 4 -5 10 -7 -8 -9 -10 -11 -12 -13 13 -15 -16
leaf_value=-0.011951918402849678 0.0056576079848328692 -0.0018223215928523202 -0.0081394402996273225 0.00053404536457571903 0.0011200868813694646 0.00036568692999799159 -0.012375467402920979 -0.0065896399537879423 -0.0067667979738589819 2.2880038151450509e-05 2.2413518692686011e-05 0.0033411935441525855 -0.0021209394969670982 -0.046030887464706301 -0.002876766171215774
leaf_weight=4262.6365350261331 16865.979534633458 118272.08879724517 3010.9651014208794 56780.133367829025 92818.718892093748 131026.29151761532 2323.5063948594034 7683.6535044461489 8081.8631336838007 29472.306753866374 59721.154668018222 49214.574997317046 644.28645870089531 105.55761095881462 2561.9219131171703
leaf_count=84684 140919 862970 31651 348655 440441 615080 19462 64671 109109 225161 281415 231921 4442 729 30218
internal_value=9.29474e-06 -0.00156988 0.000772815 -0.00130994 0.000571409 -0.000318734 -0.00242926 -0.00185391 -0.00213858 -0.000733708 0.00133697 0.0018897 0.00506339 -0.00830226 -0.00854513
internal_weight=582846 189959 392887 183134 375271 173517 42490.4 40166.9 126354 32483.3 201754 142033 17615.8 749.844 6824.56
internal_count=3491528 1435636 2055892 1320734 1909802 956025 340945 321483 972079 256812 953777 672362 146090 5171 114902
is_linear=0
shrinkage=0.0206149


Tree=161
num_leaves=16
num_cat=0
split_feature=0 24 10 23 18 10 10 21 10 10 0 16 23 21 10
split_gain=1621.09 1287.46 848.393 756.593 581.981 560.876 1051.99 485.815 454.034 498.89 452.831 450.405 439.83 377.435 368.352
threshold=8.5000000000000018 10.500000000000002 6.5000000000000009 2.3395666811772311 1.1490740240620738 1.5000000000000002 3.5000000000000004 5.7587741414269402 1.5000000000000002 3.5000000000000004 3.5000000000000004 8.5000000000000018 1.0345942064756122 4.5220426205638962 2.5000000000000004
decision_type=2 2 2 2 2 2 2 2 2 2 2 2 2 2 2
left_child=1 5 7 10 -5 -1 13 -3 -9 -10 -4 -8 -2 -7 -15
right_child=12 2 3 4 -6 6 11 8 9 -11 -12 -13 -14 14 -16
leaf_value=-0.0053070528292334454 -0.011069882695670408 0.00048615707645522521 -0.0011050508004036312 0.0056137526219502817 0.00060259122843945266 1.8379872528809191e-05 -0.0019752526956604522 -0.0011474635563255464 0.0054739336993989028 0.0023196213178244178 -0.0065332350337746342 0.00013565967453715993 -0.0039227391195381421 0.0013998487858521739 0.0069839066085750747
leaf_weight=11751.68388018012 4537.0557762086391 46803.629391714931 51713.903552591801 10914.402520284057 100899.82922212034 13727.390477739275 129541.95095583051 9996.6474302709103 33697.410853080451 57959.861548069865 7475.2056660689414 64266.955014623702 18910.947319000959 9202.1157862618566 11046.914532136172
leaf_count=78436 72014 227260 260144 77015 469691 92042 955403 50826 169503 288702 67490 320209 248578 52158 61980
internal_value=4.5059e-06 0.000227249 0.00108393 9.4082e-05 0.00109174 -0.000915274 -0.000688697 0.00222411 0.0030243 0.00347929 -0.0017906 -0.00127528 -0.00530567 0.00265727 0.00444625
internal_weight=582446 558998 319461 171003 111814 239537 227785 148458 101654 91657.3 59189.1 193809 23448 33976.4 20249
internal_count=3491451 3170859 1610631 874340 546706 1560228 1481792 736291 509031 458205 327634 1275612 320592 206180 114138
is_linear=0
shrinkage=0.0206149


Tree=162
num_leaves=16
num_cat=0
split_feature=24 10 1 21 10 10 10 21 21 5 26 12 21 16 7
split_gain=1570.54 1015.45 850.227 598.568 585.44 1201.32 659.129 507.821 509.375 405.866 376.698 360.688 337.005 304.187 289.492
threshold=6.5000000000000009 11.500000000000002 2.5000000000000004 9.4455548799437086 1.5000000000000002 3.5000000000000004 2.5000000000000004 5.0180116144158413 8.2174596567307692 10.500000000000002 0.15165445709610248 1.0000000180025095e-35 4.5220426205638962 21.500000000000004 1.0000000180025095e-35
decision_type=2 2 2 2 2 2 2 2 2 2 2 2 2 2 2
left_child=9 2 4 13 11 6 -6 -3 -9 -1 14 -2 -8 -4 -7
right_child=1 7 3 -5 5 10 12 8 -10 -11 -12 -13 -14 -15 -16
leaf_value=-0.0024285507559091068 -0.0050383149839394528 0.00055596012533118151 0.0014737004709273228 0.00861536359326384 0.00081434333052043245 -0.00074053276301305673 0.0011367177926874671 -0.0050964674639903066 0.0030212890632978873 -0.0084607537911095196 0.0022080461493406522 0.00055397378369802654 0.0059719056333354531 0.0053339600654528493 0.00064507811970871407
leaf_weight=67454.572376765311 13520.032940246165 14899.217124395072 47041.970970384777 6887.6647277846932 31038.978258866817 184431.39792899042 7836.5429878011346 26555.284471746534 3748.6470501050353 5098.4293574802577 28998.715583711863 7688.6332491822541 28063.199393693358 10636.446692720056 98196.363142229617
leaf_count=610346 79468 92128 229150 66475 161540 1121070 43887 146979 23503 77818 134917 39110 141719 64369 458667
internal_value=-1.47209e-05 0.000389338 0.000676473 0.00287148 0.000321966 0.00050869 0.00301433 -0.0025602 -0.00409229 -0.00285244 -2.95311e-05 -0.00301098 0.00491643 0.00218557 -0.000259115
internal_weight=582096 509543 464340 64566.1 399774 378565 66938.7 45203.1 30303.9 72553 311626 21208.7 35899.7 57678.4 282628
internal_count=3491146 2802982 2540372 359994 2180378 2061800 347146 262610 170482 688164 1714654 118578 185606 293519 1579737
is_linear=0
shrinkage=0.0206149


Tree=163
num_leaves=16
num_cat=0
split_feature=24 2 22 0 22 14 15 21 22 22 21 20 26 22 21
split_gain=1504.59 786.089 680.842 566.333 513.553 621.197 468.406 434.818 329.87 318.869 329.163 314.799 222.105 206.698 273.006
threshold=8.5000000000000018 5.5000000000000009 1.0000000180025095e-35 8.5000000000000018 1.0826891910149083 1.0000000180025095e-35 2.5000000000000004 9.4455548799437086 2.2096224505731512 1.2662565442107627 10.165688380836885 0.51851732716354426 0.17322368780859002 0.06081292421828445 6.7558296114626488
decision_type=2 2 2 2 2 2 2 2 2 2 2 2 2 2 2
left_child=2 3 11 4 5 -2 -4 -3 12 -9 -11 -1 -8 14 -7
right_child=1 7 6 -5 -6 13 8 9 -10 10 -12 -13 -14 -15 -16
leaf_value=-0.011872507038510281 -0.0002180685897409909 0.0025443551096742691 -0.0047023077408423859 -0.0044211125713298624 -0.00065016816690173214 -0.0026233348351284978 -0.0014476386502671067 0.0097007614669838184 -0.0099910447802761676 0.0040559072471279822 -0.041127698927944233 -0.0024854782814240331 0.00067271096214039164 0.0018161854266019368 -0.03004533462311984
leaf_weight=4075.9068215191364 113377.66573929787 23698.393790848553 17331.254058562219 10265.103247214109 119508.70802720264 1032.2965318933129 86601.220151983202 5948.0274615362287 1734.7419512979686 190.94259348511696 106.86788055300713 2419.4559560455382 27712.857520371675 167602.03587231413 181.40192300453782
leaf_count=83428 614038 144237 214879 125663 600262 5713 626330 62058 13530 1745 725 29287 173753 794438 1027
internal_value=4.89645e-06 0.000594705 -0.0018585 0.000360296 0.00048248 0.000962155 -0.00154111 0.00381966 -0.001069 0.0086585 -0.012158 -0.00837594 -0.000933608 0.0017548 -0.00672188
internal_weight=581787 441911 139875 411967 401702 282193 133380 29944.2 116049 6245.84 297.81 6495.36 114314 168816 1213.7
internal_count=3491113 2349906 1141207 2141141 2015478 1415216 1028492 208765 813613 64528 2470 112715 800083 801178 6740
is_linear=0
shrinkage=0.0206149


Tree=164
num_leaves=16
num_cat=0
split_feature=0 14 22 22 18 23 22 23 21 18 21 23 8 0 22
split_gain=1507.68 1074.12 778.349 584.559 531.893 529.029 441.454 371.163 320.536 272.751 258.313 291.353 242.142 234.834 234.636
threshold=7.5000000000000009 1.0000000180025095e-35 1.0826891910149083 0.040684701404504774 1.0769230147929036 0.62200221616782614 1.0000000180025095e-35 2.6209397235558338 6.3759348580802255 2.2499997656250259 5.3088215887213037 2.7960288739116739 0.32382933452133328 10.500000000000002 1.6312258488921307
decision_type=2 2 2 2 2 2 2 2 2 2 2 2 2 2 2
left_child=1 7 3 8 12 -2 -7 -1 -3 -8 -6 -12 -5 -11 -9
right_child=5 2 -4 4 10 6 9 14 -10 13 11 -13 -14 -15 -16
leaf_value=-0.001700587351465824 -0.012407803111718555 -0.0045268293625786065 -0.00056958673308285458 0.0033332642044815904 0.00055623571844011651 -0.012451426628694895 -0.012331850146497996 0.0001051387958327797 -0.026126601988014996 -0.0011848125646711722 0.0010708077492703853 0.0030043170170926821 0.008964462916093964 -0.0056727647616078899 -0.0038577281051595013
leaf_weight=102259.70468271151 3088.5675319842994 3354.9709022752941 86476.093997910619 7078.8164458796382 65070.48989187181 2145.8192133195698 1206.0561930723488 137787.9009305574 319.80187627673149 19813.485754132271 59926.094023115933 74040.261590376496 5992.0023560151458 6607.0182342343032 6656.1749832704663
leaf_count=681464 49649 29897 438832 55411 338375 52711 13629 778755 2788 225126 297703 338848 56762 89656 43797
internal_value=2.32901e-06 0.000259078 0.0010829 0.00174515 0.00188638 -0.00428682 -0.00344436 -0.000750262 -0.00640658 -0.00274476 0.00162183 0.00213942 0.00591475 -0.00230712 -7.74754e-05
internal_weight=581823 548962 302259 215782 212108 32860.9 29772.4 246704 3674.77 27626.6 199037 133966 13070.8 26420.5 144444
internal_count=3493403 3062632 1558616 1119784 1087099 430771 381122 1504016 32685 328411 974926 636551 112173 314782 822552
is_linear=0
shrinkage=0.0206149


Tree=165
num_leaves=16
num_cat=0
split_feature=24 10 23 16 10 10 1 8 24 10 10 23 17 23 20
split_gain=1454.7 1039.85 845.667 703.429 544.128 510.643 484.055 543.579 398.962 355.886 404.913 338.588 317.529 275.725 255.644
threshold=6.5000000000000009 11.500000000000002 2.9063507024699908 16.500000000000004 4.5000000000000009 1.5000000000000002 1.0000000180025095e-35 0.025093662763193254 2.5000000000000004 1.5000000000000002 3.5000000000000004 0.44739299734087284 13.500000000000002 3.8803755942346112 0.27415922373873075
decision_type=2 2 2 2 2 2 2 2 2 2 2 2 2 2 2
left_child=8 2 4 9 5 -2 7 11 -1 -4 -11 -6 -12 -10 -3
right_child=1 14 3 -5 6 -7 -8 -9 13 10 12 -13 -14 -15 -16
leaf_value=-0.0068535922851627714 -0.0025502740143957588 -0.0074732700863654085 -0.0027547553347794561 0.0041934933584124321 -0.0089716528166368607 0.0020911345400610524 -0.00022691888015353144 -0.0059481283509051344 -0.0030841609926693554 0.0032545316358144364 -0.0019825363268126924 -0.00026699110142697116 0.0011189491087271893 -0.00014598579257559647 -0.0021090927703465096
leaf_weight=8810.6962002292275 12182.080307465047 4158.5995091982186 9868.5627119280398 35978.048428099602 2070.4462872557342 58197.599991627038 118024.8015235886 15031.87693028152 43719.797360174358 35243.433386452496 15602.799924790859 22935.807559099048 139014.27624022961 19684.430144004524 40999.36536564678
leaf_count=122300 73033 44854 50971 186233 23452 329389 596111 124011 413904 175128 81993 197138 704105 152101 217875
internal_value=-4.99135e-06 0.000383255 0.000673801 0.00154007 -0.000220017 0.00128775 -0.00089137 -0.00285005 -0.00274317 0.0010621 0.00126049 -0.000987712 0.00080597 -0.00217198 -0.00260308
internal_weight=581523 509308 464150 235707 228443 70379.7 158063 40038.1 72214.9 199729 189861 25006.3 154617 63404.2 45158
internal_count=3492598 2804293 2541564 1198430 1343134 402422 940712 344601 688305 1012197 961226 220590 786098 566005 262729
is_linear=0
shrinkage=0.0206149


Tree=166
num_leaves=16
num_cat=0
split_feature=0 10 21 23 10 22 23 18 10 10 10 22 21 22 10
split_gain=1349.68 1023.49 1153.56 719.618 747.544 600.617 438.432 434.062 425.866 507.989 645.119 427.355 495.839 424.269 349.451
threshold=8.5000000000000018 11.500000000000002 5.471224972653717 2.9257560139833516 5.5000000000000009 1.6312258488921307 1.0345942064756122 1.1249999414062535 1.5000000000000002 3.5000000000000004 5.5000000000000009 0.69437267443369921 5.1880287543855514 1.322807656631023 10.500000000000002
decision_type=2 2 2 2 2 2 2 2 2 2 2 2 2 2 2
left_child=1 2 5 4 -4 8 -2 -5 -1 -10 -11 14 -13 -14 -12
right_child=6 -3 3 7 -6 -7 -8 -9 9 10 11 12 13 -15 -16
leaf_value=-0.0042645336291144767 -0.010723953001403609 -0.0026094120748139833 0.0021506290144446389 0.0062249573801747221 -0.00089718118180215443 -0.0052162447275250047 -0.0035018494180604925 0.0020821063369118181 0.0021398970168023793 -0.0028924265794232512 -0.00082628422691014296 0.0014639919807286326 -0.0014978637330733595 -0.012825580829546688 -0.0060111226460827132
leaf_weight=11262.555969472975 4419.7239513173699 50031.157880313694 57642.304902065545 11757.141839616001 84092.41346366331 11393.08817634359 18628.605048261583 125175.67280190438 34378.441904224455 40168.436031989753 34131.912054732442 79384.359444670379 10371.510128624737 1625.335913322866 6591.0811749435961
leaf_count=72024 71980 301921 308616 91043 469282 77654 248304 581764 199047 241601 235406 476539 59487 9520 47326
internal_value=1.88016e-06 0.000203804 0.000480882 0.00137202 0.000342337 -0.000602084 -0.00488675 0.00243781 -0.000360844 -0.000148092 -0.000604679 9.09481e-05 0.000873671 -0.00303255 -0.00166546
internal_weight=581054 558005 507974 278668 141735 229307 23048.3 136933 217914 206651 172273 132104 91381.2 11996.8 40723
internal_count=3491514 3171230 2869309 1450705 777898 1418604 320284 672807 1340950 1268926 1069879 828278 545546 69007 282732
is_linear=0
shrinkage=0.0206149


Tree=167
num_leaves=16
num_cat=0
split_feature=9 21 27 22 21 10 21 16 10 10 23 5 23 21 10
split_gain=1275.93 1180.53 896.705 788.555 747.333 614.638 631.154 624.146 583.52 540.341 517.912 483.535 363.713 362.895 385.076
threshold=1.0000000180025095e-35 7.9721794323999591 1.0000000180025095e-35 1.4393531641324226 8.597185412435751 11.500000000000002 5.0180116144158413 15.500000000000002 6.5000000000000009 1.5000000000000002 2.5253774153160742 6.5000000000000009 1.0345942064756122 5.471224972653717 6.5000000000000009
decision_type=2 2 2 2 2 2 2 2 2 2 2 2 2 2 2
left_child=2 3 -1 5 8 7 -7 13 9 -4 -10 -3 -11 -2 -15
right_child=1 11 4 -5 -6 6 -8 -9 10 12 -12 -13 -14 14 -16
leaf_value=-0.0053331106373757835 -0.00046757866479456327 0.0033174651397933383 -0.0045231290862058461 -0.0030868030968588308 -0.010394262224887442 0.0016407744709996818 -0.0046028545098186048 0.0027436274157555604 -0.0039008903068638704 -0.003172029050798132 -0.00037603120485757674 0.016884780520027499 0.0021236873266769884 0.0021066266519068656 -0.00011264678999706511
leaf_weight=23147.314535930753 127786.34629462659 46425.691334366798 7165.1166033744812 28711.161092810333 3464.8679214119911 10744.731604933739 19131.965395860374 54463.322268910706 32094.114653129131 6239.9250357411802 39538.223887883127 1143.8584876284003 47213.571247342974 71092.116545163095 62382.702934578061
leaf_count=280367 680663 269399 55856 160492 26520 59355 92820 250010 311341 59889 281006 6210 336931 325616 294870
internal_value=-8.22099e-06 0.000584728 -0.00158287 0.000195977 -0.000943244 0.000468697 -0.00235742 0.00073613 -0.000695635 0.000792906 -0.00195531 0.00364371 0.00150549 0.000317641 0.0010694
internal_weight=580745 421882 158863 374312 135716 345601 29876.7 315724 132251 60618.6 71632.3 47569.5 53453.5 261261 133475
internal_count=3491345 2139435 1351910 1863826 1071543 1703334 152175 1551159 1045023 452676 592347 275609 396820 1301149 620486
is_linear=0
shrinkage=0.0206149


Tree=168
num_leaves=16
num_cat=0
split_feature=24 10 22 6 26 22 15 23 23 10 10 22 20 18 20
split_gain=1300.56 859.833 667.967 657.666 552.552 548.299 543.819 401.596 359.101 321.418 742.609 310.486 293.349 261.999 254.9
threshold=7.5000000000000009 10.500000000000002 1.0826891910149083 1.0000000180025095e-35 0.0043021977199201936 1.0000000180025095e-35 12.500000000000002 3.8803755942346112 1.0561487520021191 3.5000000000000004 2.5000000000000004 0.1517792068077764 0.49999890341175568 7.874997031251243 0.27415922373873075
decision_type=2 2 2 2 2 2 2 2 2 2 2 2 2 2 2
left_child=5 2 3 8 -3 12 -5 13 -2 10 -10 -11 -1 -7 -6
right_child=1 4 -4 6 14 7 -8 -9 9 11 -12 -13 -14 -15 -16
leaf_value=-0.011726252654623303 -0.0024091497706953051 -0.0052621895930805625 -0.00042868782981120426 0.0014104170274234005 -0.0051860964147068802 -0.0021756101368779397 0.004274900050838441 0.00026224559052901645 2.2726142093938397e-05 -0.0059972940899014667 0.0055917794965958199 0.00047586968649954142 -0.0022502451629588358 -0.0063886886385869333 -0.00036071850713765853
leaf_weight=3716.1257337927818 15547.470383476466 13401.472517993301 118239.41116889939 67436.815813824534 5003.675940733403 58926.695021726191 48367.029338076711 29717.352025851607 23638.815921355039 3251.3058858476579 17866.313155453652 100058.72655596957 2216.3688740171492 7020.10448583588 66250.019283801317
leaf_count=80261 113821 93434 629072 311714 49710 483252 267201 206085 125821 20848 92628 555434 27763 97504 337893
internal_value=1.3954e-05 0.000463247 0.000867867 0.00142298 -0.00142187 -0.00210461 0.00260681 -0.00172748 0.000568096 0.000887736 0.00241998 0.000272151 -0.00818603 -0.0026241 -0.000699573
internal_weight=580658 479061 394406 276166 84655.2 101597 115804 95664.2 160363 144815 41505.1 103310 5932.49 65946.8 71253.7
internal_count=3492441 2597576 2116539 1487467 481037 894865 578915 786841 908552 794731 218449 576282 108024 580756 387603
is_linear=0
shrinkage=0.0206149


Tree=169
num_leaves=16
num_cat=0
split_feature=24 22 10 23 23 20 16 18 21 10 10 10 10 10 22
split_gain=1251.14 805.977 785.597 808.765 572.866 562.767 494.593 457.878 400.985 411.274 389.351 327.715 307.278 723.551 308.214
threshold=10.500000000000002 1.0000000180025095e-35 6.5000000000000009 2.3250492078427536 4.1039953562774567 0.27415922373873075 15.500000000000002 7.9999976666673618 5.7587741414269402 1.5000000000000002 3.5000000000000004 11.500000000000002 1.5000000000000002 3.5000000000000004 1.0198354182867548
decision_type=2 2 2 2 2 2 2 2 2 2 2 2 2 2 2
left_child=1 -1 8 5 7 -4 -5 12 -2 -10 -11 -8 -3 14 -14
right_child=2 4 3 6 -6 -7 11 -9 9 10 -12 -13 13 -15 -16
leaf_value=-0.0081556487220054673 0.00035113624340723468 -0.0051096349989570187 -0.0086606270750647137 -2.6363493225371957e-05 0.00069122420948593169 -0.001453512744172124 0.0038915969158864533 -0.0060603120018928478 -0.001311662567394688 0.0048063604645815113 0.002043952140343021 -0.00099417534619922307 0.0036141126493658901 -0.0016646922296220455 -0.0015448252936497168
leaf_weight=6708.134120170027 47928.700736895204 8488.9903411604464 5024.1839593537152 77466.549734193832 68459.735874593258 55098.393899559975 28682.986853782088 8983.6964103206992 10133.55840651691 34324.90999866277 58875.56386423111 7324.0997695028782 17685.142014186829 138415.1270589754 6819.0720710977912
leaf_count=116019 240190 60166 63709 376401 394567 288381 150416 122909 52915 177073 301506 36328 110834 956487 44445
internal_value=-2.53094e-05 -0.00110442 0.000823602 -0.000122698 -0.000914341 -0.00205578 0.000901521 -0.00152366 0.00190962 0.00263248 0.00306132 0.0028978 -0.00128589 -0.00108665 0.00217848
internal_weight=580419 255560 324859 173596 248852 60122.6 113474 180392 151263 103334 93200.5 36007.1 171408 162919 24504.2
internal_count=3492346 1805427 1686919 915235 1689408 352090 563145 1294841 771684 531494 478579 186744 1171932 1111766 155279
is_linear=0
shrinkage=0.0206149


Tree=170
num_leaves=16
num_cat=0
split_feature=0 10 22 18 10 10 22 0 22 10 22 10 22 22 22
split_gain=1256.65 898.343 820.747 790.412 560.617 1147.69 604.506 480.375 470.387 411.89 383.729 339.138 423.02 290.54 365.618
threshold=8.5000000000000018 11.500000000000002 1.28445790668463 1.2999999025000084 3.5000000000000004 2.5000000000000004 0.4907678936133586 2.5000000000000004 0.040684701404504774 1.5000000000000002 2.2096224505731512 1.5000000000000002 0.5094878003426061 1.0169175573950293 0.71762582808002995
decision_type=2 2 2 2 2 2 2 2 2 2 2 2 2 2 2
left_child=1 2 3 7 5 8 -6 -1 -5 -4 -11 12 -10 14 -13
right_child=-2 -3 9 4 6 -7 -8 -9 11 10 -12 13 -14 -15 -16
leaf_value=0.0033210745671866334 -0.0047417067706022999 -0.0024423039887831043 -0.0077579312916636568 -0.014672908883267404 -0.0024481563348700127 0.0047587808870104588 0.0003718734181280568 -0.010878817750813889 0.0064715080038910654 -0.00092598182326340903 -0.0093812308654256157 -0.00039391685723102983 -0.0031574976797216266 -0.0023240397051462465 0.0048597047302089188
leaf_weight=55159.976828575134 22794.664984293282 49913.578128553927 4434.8572937399149 925.36471583321691 36803.205804843456 35363.752953790128 264234.89782468602 1031.3751830011606 2199.4811574108899 59050.502785608172 2372.6954954899848 9801.0106726810336 16366.941717956215 6458.4116092063487 13226.711042802781
leaf_count=331998 320016 301830 26758 10116 263299 185598 1431309 5714 13760 340469 17514 52051 91811 33541 66461
internal_value=2.53748e-06 0.000196571 0.000456146 0.000776332 0.000443291 0.00192874 2.71126e-05 0.00306044 -0.000114641 -0.00169066 -0.0012526 0.000165712 -0.00201679 0.00153996 0.00262367
internal_weight=580137 557343 507429 441571 385380 84341.7 301038 56191.4 48977.9 65858.1 61423.2 48052.6 18566.4 29486.1 23027.7
internal_count=3492245 3172229 2870399 2485658 2147946 453338 1694608 337712 267740 384741 357983 257624 105571 152053 118512
is_linear=0
shrinkage=0.0206149


Tree=171
num_leaves=16
num_cat=0
split_feature=24 10 1 21 21 21 10 10 10 22 22 21 22 22 22
split_gain=1233.96 800.096 696.525 563.992 495.374 466.381 465.77 977.756 523.98 409.953 379.754 465.738 379.412 368.319 342.044
threshold=6.5000000000000009 11.500000000000002 2.5000000000000004 9.4455548799437086 5.0180116144158413 8.2174596567307692 1.5000000000000002 3.5000000000000004 2.5000000000000004 1.2662565442107627 0.06081292421828445 6.4040439531342512 0.51652621535039245 1.0000000180025095e-35 1.338999309490952
decision_type=2 2 2 2 2 2 2 2 2 2 2 2 2 2 2
left_child=13 2 6 14 -3 -6 12 8 -8 -5 11 -9 -2 -1 -4
right_child=1 4 3 9 5 -7 7 10 -10 -11 -12 -13 -14 -15 -16
leaf_value=-0.0077807188062368879 0.0057128367382592209 0.00080002680223607218 0.0024240670849089135 0.0093691896057643501 -0.0047716183754213885 0.0030151017600479738 0.00074182215689493048 -0.0040918684204147206 0.0043959507518938406 -0.015051811350465802 3.1167422486769495e-05 -0.027620088728995778 -0.0036189619789401 -0.0021299036241864554 -0.0032308967422857836
leaf_weight=5293.8413004986942 2051.8515541255474 14824.340958725661 52361.927080646157 6394.8805403485894 26327.177143767476 3732.2335720174015 31083.213357780129 2765.1907618679106 35980.948229532689 306.10839297622442 308037.10273650661 410.63562430813909 18969.488563671708 66206.920982580632 4977.629111982882
leaf_count=101199 12201 92225 271704 64167 146613 23473 161550 21858 185407 2310 1691118 3143 106089 586305 21981
internal_value=-1.26193e-05 0.000344118 0.000598695 0.00259451 -0.00228391 -0.0038048 0.000278601 0.000444576 0.00270232 0.00825361 -4.19516e-05 -0.00713408 -0.0027081 -0.00254828 0.00193316
internal_weight=579723 508223 463339 64040.5 44883.8 30059.4 399298 378277 67064.2 6700.99 311213 3175.83 21021.3 71500.8 57339.6
internal_count=3491343 2803839 2541528 360162 262311 170086 2181366 2063076 346957 66477 1716119 25001 118290 687504 293685
is_linear=0
shrinkage=0.0206149


Tree=172
num_leaves=16
num_cat=0
split_feature=0 24 10 23 10 10 23 0 8 22 18 23 22 22 10
split_gain=1233.32 923.413 650.472 496.4 494.501 789.29 493.293 461.494 577.512 402.496 401.05 380.642 367.704 417.791 333.435
threshold=7.5000000000000009 10.500000000000002 4.5000000000000009 2.6209397235558338 1.5000000000000002 3.5000000000000004 0.62200221616782614 1.0000000180025095e-35 0.016835829124306725 1.0000000180025095e-35 1.1249999414062535 1.5861051412827256 0.0069134866388865148 1.0234784144377538 1.5000000000000002
decision_type=2 2 2 2 2 2 2 2 2 2 2 2 2 2 2
left_child=1 4 14 7 -1 12 -2 -4 -9 -8 -5 -7 -6 -14 -3
right_child=6 2 3 10 5 11 9 8 -10 -11 -12 -13 13 -15 -16
leaf_value=-0.0050170674256559732 -0.011923815684253183 -0.00045036104509326683 0.00066361563259171989 0.0049355095797084742 -0.0097162042256885208 -0.0031331672721354267 -0.011957553028939093 3.0579138312531607e-05 -0.0045511614719974686 -0.0024618328325444155 0.00081355196588921662 -0.00066099838204918275 0.0042353038124372444 -0.00098246460353606179 0.0029756497692445816
leaf_weight=11127.269484024495 2984.650680642575 14385.336871102452 45449.241940893233 10921.852651417255 1036.6169789098203 31898.184934616089 2039.4493631459773 23453.163856185973 23312.319867257029 27159.373794160783 123008.21868154407 155480.96085926518 23034.888544939458 9097.0777446217835 75085.28859051317
leaf_count=73315 49691 72543 226095 83174 10920 239483 52775 134443 131076 327338 564259 971441 130539 54722 369828
internal_value=-1.91913e-05 0.000211435 0.000936923 0.000348265 -0.000776912 -0.000562984 -0.00394106 -0.000815706 -0.00225339 -0.00312508 0.00114969 -0.00108184 0.00236821 0.00275807 0.00242481
internal_weight=579474 547290 315615 226145 231675 220548 32183.5 92214.7 46765.5 29198.8 133930 187379 33168.6 32132 89470.6
internal_count=3491642 3061838 1581418 1139047 1480420 1407105 429804 491614 265519 380113 647433 1210924 196181 185261 442371
is_linear=0
shrinkage=0.0206149


Tree=173
num_leaves=16
num_cat=0
split_feature=0 24 10 23 16 23 10 10 22 22 21 0 21 21 22
split_gain=1139.37 892.098 669.201 624.76 548.239 423.81 414.324 772.37 414.676 409.016 402.848 400.897 395.642 372.342 363.981
threshold=8.5000000000000018 10.500000000000002 6.5000000000000009 2.3395666811772311 15.500000000000002 0.62200221616782614 1.5000000000000002 3.5000000000000004 0.39063448944256068 1.6312258488921307 6.9371443524687857 3.5000000000000004 4.185652929013421 5.7587741414269402 1.0234784144377538
decision_type=2 2 2 2 2 2 2 2 2 2 2 2 2 2 2
left_child=1 6 13 11 -5 -2 -1 14 10 -10 -9 -4 -11 -3 -8
right_child=5 2 3 4 -6 -7 7 8 9 12 -12 -13 -14 -15 -16
leaf_value=-0.0045786485861046165 -0.012936308341152039 0.00039453560751028107 -0.0010555049676972499 -6.4372619346227393e-05 0.0030362366985366442 -0.003584878071947632 0.0035839099445085449 -0.0032220298344389311 -0.00047831368758772272 -0.0087903455965824637 -0.019514029011569352 -0.0062013509204275879 -0.00055234509212409002 0.0026167074515349607 -0.0012027040805485444
leaf_weight=11532.499077167362 2291.8082029335201 46861.339836973697 51522.196937941015 75768.859985485673 35631.341650117189 20324.328812722117 24871.343702029437 21987.831361901015 159803.02369618416 5105.2434526868165 664.48234914243221 7352.1071261614561 4813.4919776283205 101343.00922039151 9266.616552144289
leaf_count=78334 40254 227487 260149 361560 185001 279840 149654 186595 1011360 39981 4165 67780 32833 509444 56698
internal_value=3.28625e-06 0.000187613 0.000901178 1.95732e-05 0.000927357 -0.00453251 -0.000767064 -0.000573003 -0.0010801 -0.00073044 -0.00369994 -0.00169811 -0.0047925 0.00191407 0.0022846
internal_weight=579140 556523 318479 170275 111400 22616.1 238045 226512 192374 169722 22652.3 58874.3 9918.74 148204 34138
internal_count=3491135 3171041 1611421 874490 546561 320094 1559620 1481286 1274934 1084174 190760 327929 72814 736931 206352
is_linear=0
shrinkage=0.0206149


Tree=174
num_leaves=16
num_cat=0
split_feature=24 23 21 6 10 10 17 21 24 9 23 22 23 23 20
split_gain=1104.68 776.401 653.334 617.474 572.275 501.724 494.389 489.705 406.485 369.629 345.747 325.388 281.126 277.258 273.364
threshold=5.5000000000000009 2.9063507024699908 7.9540999683346358 1.0000000180025095e-35 10.500000000000002 11.500000000000002 23.500000000000004 9.5532169979213961 11.500000000000002 0.0088516666666666691 2.2391204743999018 1.4393531641324226 0.56816202062884391 3.8803755942346112 0.32182478690402783
decision_type=2 2 2 2 2 2 2 2 2 2 2 2 2 2 2
left_child=13 3 5 4 7 6 -3 12 -5 -4 -6 -8 14 -1 -2
right_child=1 2 9 8 10 -7 11 -9 -10 -11 -12 -13 -14 -15 -16
leaf_value=-0.0039464278908536207 -0.010089029222508166 0.00029438381397398788 -0.0031873392775136665 -0.00074117681436892794 -0.0055554732137777551 -0.0023422115845309326 0.0026670062191000081 -0.01194542414794829 0.0018614892042875834 0.0050103185665938011 -0.0008588019594097608 -0.0030370130275307466 -0.00035124688805110974 -0.00054322216801078768 -0.0017935577215840667
leaf_weight=34940.171043165028 2449.4719776287675 144894.90999560058 2601.4331738948822 45773.311868101358 19275.946144938469 20810.990029752254 72940.331580299884 1638.101033937186 57582.671043939888 23037.288281753659 10178.17399776727 4513.0870436280966 118792.72017407417 14352.429849464446 5431.8070566654205
leaf_count=384296 34619 743778 14310 228076 148366 111196 365795 10488 295510 137159 65283 24440 765323 130488 33633
internal_value=-3.67569e-06 0.000270902 0.00104863 -0.000529687 -0.00134108 0.000718611 0.00100509 -0.000746215 0.000708845 0.00417854 -0.00393249 0.00233464 -0.000601391 -0.00295552 -0.00437176
internal_weight=579213 529920 268798 261122 157766 243159 222348 128312 103356 25638.7 29454.1 77453.4 126674 49292.6 7881.28
internal_count=3492760 2977976 1396678 1581298 1057712 1245209 1134013 844063 523586 151469 213649 390235 833575 514784 68252
is_linear=0
shrinkage=0.0206149


Tree=175
num_leaves=16
num_cat=0
split_feature=0 14 10 10 10 10 10 0 21 21 21 21 10 24 12
split_gain=1135.43 920.682 550.55 566.338 548.258 672.567 465.43 421.437 581.326 441.801 351.78 293.731 288.617 274.204 253.361
threshold=8.5000000000000018 1.0000000180025095e-35 3.5000000000000004 2.5000000000000004 1.5000000000000002 3.5000000000000004 11.500000000000002 1.5000000000000002 9.2144797882848355 7.9721794323999591 4.5220426205638962 5.0180116144158413 2.5000000000000004 5.5000000000000009 1.0000000180025095e-35
decision_type=2 2 2 2 2 2 2 2 2 2 2 2 2 2 2
left_child=1 4 3 14 -1 12 13 9 -9 -4 -5 -8 -6 -7 -3
right_child=-2 2 7 10 5 6 11 8 -10 -11 -12 -13 -14 -15 -16
leaf_value=-0.0053548109780371432 -0.0045669509533225383 -0.0008148426917761383 0.00055659312668900236 -5.7528023230917782e-05 0.00018019739331365657 -0.0027856167922840794 -0.0010496857129781319 -0.00058713684137562091 -0.01294084141310493 0.0034060742746707955 0.0060081340201304893 -0.005471080389122026 0.0040146184115981377 -0.00033218053755500865 0.0025643885637283417
leaf_weight=10594.774131000042 22485.507589463145 17762.678106054664 142193.75614386797 4983.9575583599508 16223.609284553677 22035.439407028258 11176.465692859143 68555.202310539782 1657.9222055152059 27614.292923621833 21995.916854094714 14896.015661139041 17172.333868574351 159392.80745197088 20097.166468638927
leaf_count=70670 320067 91269 658357 26631 94058 213395 83211 419650 10230 172162 111463 89773 99868 924264 106536
internal_value=-2.53834e-05 0.000158168 0.000919846 0.00260536 -0.000765146 -0.00056329 -0.00100028 0.000464518 -0.000878841 0.00101998 0.00488763 -0.00357577 0.00215187 -0.000630164 0.000978957
internal_weight=578838 556352 304861 64839.7 251491 240897 207501 240021 70213.1 169808 26979.9 26072.5 33395.9 181428 37859.8
internal_count=3491604 3171537 1596298 335899 1575239 1504569 1310643 1260399 429880 830519 138094 172984 193926 1137659 197805
is_linear=0
shrinkage=0.0206149


Tree=176
num_leaves=16
num_cat=0
split_feature=0 19 18 23 24 24 23 23 0 8 17 12 8 23 23
split_gain=1076.1 839.596 526.129 363.47 341.314 326.865 304.436 294.93 253.727 382.995 218.923 212.934 186.911 179.186 168.089
threshold=9.5000000000000018 1.0000000180025095e-35 0.999999969223486 4.270256688127831 7.5000000000000009 5.5000000000000009 0.59980807237670752 2.7960288739116739 1.0000000180025095e-35 0.063402215177531654 25.500000000000004 1.0000000180025095e-35 0.013410997317800539 1.0345942064756122 2.6209397235558338
decision_type=2 2 2 2 2 2 2 2 2 2 2 2 2 2 2
left_child=1 3 -3 5 -4 -1 -2 8 -6 13 -11 -9 -7 -10 -14
right_child=6 2 4 -5 7 12 -8 11 9 10 -12 -13 14 -15 -16
leaf_value=-0.0033494309235978011 -0.014131068436068241 0.0061711907844474731 -0.0013376722433597094 0.00079182328012165231 0.0012211200037474358 3.1632371425253236e-05 -0.004484246314881939 0.00095459868784175824 -0.0022061044512707534 -0.0017845247600501767 -0.0072726804236958598 0.0025484330796588079 -0.0023914604776380812 0.00077765377844116667 -0.00072694192464154502
leaf_weight=24677.32583020255 1554.1334603112191 7750.3216063007712 30449.001949712634 52960.269702881575 55283.337397821248 68072.839201752096 13182.810946341604 91786.590549640357 10912.258989475667 8408.5768270641565 4882.4071330986917 58215.128473382443 40854.134086344391 39567.936750598252 69887.060459919274
leaf_count=255657 28850 78955 220832 303621 264902 444239 191521 427588 66051 45060 28640 280814 257050 214235 383451
internal_value=-2.39026e-06 0.000141375 0.00086822 -0.000729461 0.000730994 -0.00112539 -0.00550158 0.000965104 0.00019899 -0.000687096 -0.00380058 0.00157316 -0.000818457 0.000132657 -0.00134101
internal_weight=578444 563707 307256 256452 299505 203491 14736.9 269056 119055 63771.2 13291 150002 178814 50480.2 110741
internal_count=3491466 3271095 1627077 1644018 1548122 1340397 220371 1327290 618888 353986 73700 708402 1084740 280286 640501
is_linear=0
shrinkage=0.0206149


Tree=177
num_leaves=16
num_cat=0
split_feature=24 10 0 18 23 23 21 12 23 21 21 10 10 10 0
split_gain=1025.78 619.878 680.487 597.603 449.229 349.863 534.165 341.783 333.388 317.317 312.212 295.041 328.855 372.225 292.472
threshold=10.500000000000002 6.5000000000000009 3.5000000000000004 8.4166631527793054 4.077600594023127 2.3250492078427536 8.786395984161981 1.0000000180025095e-35 2.3395666811772311 4.7092202805443337 6.4947418678038016 10.500000000000002 1.5000000000000002 3.5000000000000004 1.0000000180025095e-35
decision_type=2 2 2 2 2 2 2 2 2 2 2 2 2 2 2
left_child=3 10 5 4 11 9 7 -7 -4 -3 -2 12 -1 -14 -8
right_child=1 2 8 -5 -6 6 14 -9 -10 -11 -12 -13 13 -15 -16
leaf_value=-0.0048805018383409554 0.00078474936971207286 0.0026120869564424183 -0.006643689258187091 -0.0058566778458168283 0.00061489642736837124 4.6220303675747595e-05 0.0094592170491952926 0.0030029945023004488 -0.0012020274618815138 -0.0017510862498534578 0.0026591803499872758 -0.0031270178375447243 0.0015682969208937879 -0.0012143575322601631 -0.0014399764418328023
leaf_weight=8462.4451965652406 75232.009124405682 8504.0514890030026 8960.8540486730635 10283.178894534707 69728.492936227471 75530.238685727119 4679.0818638503551 21299.114904850721 10266.289690930396 42406.214889720082 75824.083167478442 32133.311292784289 25173.378421472386 108396.95601932146 1347.654349796474
leaf_count=62561 373730 42104 95226 149819 411722 348013 38382 98042 71832 215180 398357 242765 164445 773485 5942
internal_value=-8.23572e-06 0.000760757 -8.17666e-05 -0.00098862 -0.000783371 0.000375429 0.00106724 0.000696609 -0.00373813 -0.00102226 0.00172564 -0.00134318 -0.000939602 -0.000689924 0.00702202
internal_weight=578227 324050 172993 254178 243895 153766 102856 96829.4 19227.1 50910.3 151056 174166 142033 133570 6026.74
internal_count=3491605 1686808 914721 1804797 1654978 747663 490379 446055 167058 257284 772087 1243256 1000491 937930 44324
is_linear=0
shrinkage=0.0206149


Tree=178
num_leaves=16
num_cat=0
split_feature=0 19 22 23 10 10 27 18 22 10 10 18 21 10 17
split_gain=991.666 721.959 592.964 560.749 499.436 533.666 458.93 437.413 409.717 400.276 391.616 346.524 336.146 330.171 329.447
threshold=6.5000000000000009 1.0000000180025095e-35 1.0826891910149083 0.56816202062884391 1.5000000000000002 3.5000000000000004 1.0000000180025095e-35 1.0769230147929036 0.040684701404504774 3.5000000000000004 11.500000000000002 2.1428569132653341 5.0180116144158413 2.5000000000000004 28.500000000000004
decision_type=2 2 2 2 2 2 2 2 2 2 2 2 2 2 2
left_child=1 4 7 -2 -1 -6 -5 -3 -9 13 -7 -8 -12 -10 -11
right_child=3 2 -4 6 5 10 11 8 9 14 12 -13 -14 -15 -16
leaf_value=-0.005148862519168196 -0.011381797170609572 0.0052268400683854995 -0.00053162678737639292 -0.0066965266452814831 0.0020834471241055891 -0.0004606119118988315 -0.010534042475852717 -0.0059763859959001582 0.0014864307448680556 0.00031113605744951666 -0.0004062984866434157 -0.00075967547082695763 -0.0053152244929771672 0.0049650675042871746 0.0025669867631769451
leaf_weight=9848.3736831471324 3130.5381737779826 12633.197334378958 85027.621849823743 8189.4851737413555 31505.079778540879 172118.31200231984 1621.4287463761866 3260.8203745484352 25749.998774170876 111702.79578141496 10217.741350848228 31233.216878086329 14120.530810087919 21093.944560796022 36502.920081242919
leaf_count=62619 51601 111776 428684 138688 174921 1032774 16800 27449 123793 543277 71524 347856 81214 99419 179364
internal_value=-3.50677e-06 0.000242146 0.000921733 -0.00297183 -0.000603649 -0.000407287 -0.00233038 0.00150756 0.00127062 0.00139178 -0.000806718 -0.00124206 -0.00325435 0.00305287 0.00086675
internal_weight=577956 533781 295971 44174.7 237810 227962 41044.1 210944 198310 195050 196457 32854.6 24338.3 46843.9 148206
internal_count=3491759 2936814 1513762 554945 1423052 1360433 503344 1085078 973302 945853 1185512 364656 152738 223212 722641
is_linear=0
shrinkage=0.0206149


Tree=179
num_leaves=16
num_cat=0
split_feature=18 10 22 1 21 23 21 22 21 21 21 21 9 10 10
split_gain=954.98 658.253 663.389 688.701 661.686 585.718 584.165 414.754 452.656 373.863 404.641 317.896 389.579 318.116 702.867
threshold=5.4499987725002805 11.500000000000002 1.3766996271972387 2.5000000000000004 10.165688380836885 4.2967662464852454 9.4455548799437086 0.06081292421828445 6.3240932972108643 5.0180116144158413 8.2174596567307692 9.2144797882848355 0.0061283333333333337 3.5000000000000004 2.5000000000000004
decision_type=2 2 2 2 2 2 2 2 2 2 2 2 2 2 2
left_child=1 2 3 5 -4 7 -5 8 -1 -3 -11 13 -13 14 -9
right_child=-2 9 4 6 -6 -7 -8 11 -10 10 -12 12 -14 -15 -16
leaf_value=-0.0037458552473173352 -0.0027325722814443404 0.00040672334015529304 -0.0019249755999022238 0.0020675342503398498 -0.056195293757821174 0.0019073648520473475 0.0086665254348440215 -0.00035729061061767287 -0.025110570624673947 -0.0043566567685364007 0.0029458655627452525 -0.012435670352643268 -0.0010355278687773899 -0.00019496610257953189 0.0040658625582375386
leaf_weight=5755.3738282620907 49740.995210364461 16459.90918780677 40097.35398510471 53012.342456057668 95.702595423907042 84358.849796120077 6387.8145096823573 37078.409951452166 454.73836679570377 26280.734421076253 3675.6843140088022 1872.6513662077487 3984.2526871562004 222552.4749853611 25954.932208441198
leaf_count=61138 590576 102153 222825 275748 596 421569 65251 195366 5038 143548 23212 14320 19101 1221284 130193
internal_value=-1.88738e-06 0.00025535 0.000481315 0.000712188 -0.0020542 0.000391096 0.00277718 -3.86349e-05 -0.0053103 -0.00208921 -0.00346063 7.36946e-05 -0.00468054 0.000171196 0.00146401
internal_weight=577762 528021 481605 441412 40193.1 382012 59400.2 297653 6210.11 46416.3 29956.4 291443 5856.9 285586 63033.3
internal_count=3491918 2901342 2632429 2409008 223421 2068009 340999 1646440 66176 268913 166760 1580264 33421 1546843 325559
is_linear=0
shrinkage=0.0206149


Tree=180
num_leaves=16
num_cat=0
split_feature=0 14 22 22 10 10 10 10 1 17 22 10 17 22 22
split_gain=999.1 732.579 607.198 558.781 556.637 688.789 416.876 411.138 368.105 311.472 285.931 283.826 323.723 241.188 228.059
threshold=9.5000000000000018 1.0000000180025095e-35 1.0826891910149083 0.040684701404504774 1.5000000000000002 6.5000000000000009 3.5000000000000004 2.5000000000000004 2.5000000000000004 23.500000000000004 0.47130184493180433 11.500000000000002 23.500000000000004 2.2096224505731512 1.6312258488921307
decision_type=2 2 2 2 2 2 2 2 2 2 2 2 2 2 2
left_child=1 4 3 -3 -1 13 7 9 -8 10 -5 14 -13 -6 -7
right_child=-2 2 -4 6 5 11 8 -9 -10 -11 -12 12 -14 -15 -16
leaf_value=-0.0052737527691394115 -0.0053201878640566011 -0.0062948658662664156 -0.00062904102329869099 0.0073224258563014573 0.00095140627302380671 -0.00075894938171970573 0.00058002557760611351 0.0052053184753447727 0.0031372663648615751 0.0056187361998674438 -0.00042171557549346031 -0.0017612922988586915 -0.0066912907829684903 -0.011200949428875692 -0.0053376948440043209
leaf_weight=10706.005002502352 14600.77024393715 3937.6457849834114 87666.042830437422 2255.0461448095739 97527.379114042968 115873.33648586273 134846.69037444517 23060.631267726421 29080.400695122778 6113.4183503724635 19963.404914870858 18087.961731929332 8238.3954954966903 699.03166504204273 4815.0096637196839
leaf_count=73551 220894 40645 455478 12219 593958 754846 686713 117221 179556 31173 104279 119630 59264 5609 36693
internal_value=3.78909e-06 0.000141892 0.00082104 0.00140083 -0.000672519 -0.000471652 0.00154156 0.00316157 0.00103368 0.00149807 0.000364271 -0.00136467 -0.00330405 0.000864924 -0.000941624
internal_weight=577471 562870 306923 219257 255947 245241 215320 51392.5 163927 28331.9 22218.5 147015 26326.4 98226.4 120688
internal_count=3491729 3270835 1627284 1171806 1643551 1570000 1131161 264892 866269 147671 116498 970433 178894 599567 791539
is_linear=0
shrinkage=0.0206149


Tree=181
num_leaves=16
num_cat=0
split_feature=0 21 10 23 23 22 21 0 10 16 22 10 12 22 10
split_gain=966.752 696.66 852.37 794.627 457.279 446.02 418.427 393.33 392.41 388.71 374.293 355.195 313.322 302.941 275.77
threshold=7.5000000000000009 5.471224972653717 6.5000000000000009 2.3250492078427536 1.0345942064756122 1.6312258488921307 8.786395984161981 1.5000000000000002 1.5000000000000002 12.500000000000002 1.0000000180025095e-35 3.5000000000000004 1.0000000180025095e-35 1.2341551406333795 1.5000000000000002
decision_type=2 2 2 2 2 2 2 2 2 2 2 2 2 2 2
left_child=1 5 8 -4 -2 9 12 -8 13 14 -6 -10 -5 -3 -1
right_child=4 2 3 6 10 -7 7 -9 11 -11 -12 -13 -14 -15 -16
leaf_value=-0.004242582084072217 -0.0089496958556233106 -8.0131299912107592e-06 -0.0021411989317497528 -5.1773601033302243e-05 -0.011332810892083265 -0.0044193562811481232 0.0079533722135134433 -0.0073947434167492563 0.0038460612332833306 0.0015518567166128679 -0.0017000606636859185 0.0015726946295279356 0.0027673226415189964 -0.0087036380524827713 -0.00060324945485923701
leaf_weight=9286.253546949476 5443.9729160107672 11873.199807956815 56119.856410086155 76301.65337010473 1844.677775003016 12448.279687661678 5592.6193033829331 812.70689587295055 45888.710234660655 36109.028614033014 24243.885080259293 80345.06187832728 21468.707239739597 1987.6530339047313 187662.3783233203
leaf_count=61567 89938 62714 325520 373068 49433 85757 42801 4194 231750 164320 290621 407471 102557 10275 1190549
internal_value=-5.54955e-06 0.000197178 0.000862948 -0.000163653 -0.00351521 -0.000617428 0.000901658 0.00600601 0.00203758 -0.000414356 -0.00238118 0.00239911 0.000567252 -0.00125497 -0.000774846
internal_weight=577429 545896 300390 160296 31532.5 245506 104176 6405.33 140095 233058 26088.6 126234 97770.4 13860.9 196949
internal_count=3492535 3062543 1560350 848140 429992 1502193 522620 46995 712210 1416436 340054 639221 475625 72989 1252116
is_linear=0
shrinkage=0.0206149


Tree=182
num_leaves=16
num_cat=0
split_feature=24 23 21 0 8 23 22 10 0 0 10 16 21 21 24
split_gain=928.161 655.135 609.532 516.313 599.112 408.519 376.204 353.162 346.748 345.544 310.985 302.761 284.736 272.132 266.072
threshold=6.5000000000000009 2.7960288739116739 7.9540999683346358 1.0000000180025095e-35 0.034509993221251437 0.56816202062884391 1.28445790668463 4.5000000000000009 7.5000000000000009 1.5000000000000002 11.500000000000002 16.500000000000004 9.5532169979213961 9.5532169979213961 11.500000000000002
decision_type=2 2 2 2 2 2 2 2 2 2 2 2 2 2 2
left_child=8 3 6 14 5 -5 10 -6 -1 13 11 -3 -11 -4 -2
right_child=1 2 9 4 7 -7 -8 -9 -10 12 -12 -13 -14 -15 -16
leaf_value=-0.0015784670842906982 -0.00058580278475010492 0.0008983949590336941 0.0038940169215288447 -0.0046656715919831072 -0.00044505000982608185 -4.1712889315839485e-05 -0.0013746283679411434 -0.0047558834298862176 -0.0054622039952479063 0.00043934766563006943 -0.0016172692263855119 0.0033075434825714776 -0.01666167534938702 0.0098176845347634455 0.0016443471425424102
leaf_weight=58887.300035774708 40126.626606464386 171871.45223547518 18826.65968722105 8927.6520942933857 11459.047126673162 89732.658617116511 33551.238937839866 27358.611569900066 11712.738438103348 4087.925414018333 18057.672624588013 25451.141024455428 460.36689744889736 3995.1797885671258 52454.44219532609
leaf_count=497217 197684 867583 100717 76499 67760 590902 173723 181057 191193 20370 94646 119708 2507 39456 270307
internal_value=-8.43705e-06 0.000300302 0.000976921 -0.000512319 -0.00131374 -0.000460129 0.000655862 -0.00348332 -0.00222279 0.00389696 0.000972165 0.00120913 -0.00129158 0.00493101 0.000677752
internal_weight=576961 506361 276302 230059 137478 98660.3 248932 38817.7 70600 27370.1 215380 197323 4548.29 22821.8 92581.1
internal_count=3491329 2802919 1418710 1384209 916218 667401 1255660 248817 688410 163050 1081937 987291 22877 140173 467991
is_linear=0
shrinkage=0.0206149


Tree=183
num_leaves=16
num_cat=0
split_feature=24 10 22 21 3 21 21 22 10 20 10 10 17 15 22
split_gain=893.443 586.358 562.131 485.18 445.642 439.159 457.419 426.621 345.672 310.47 296.009 854.967 428.51 289.34 286.257
threshold=7.5000000000000009 10.500000000000002 1.28445790668463 10.165688380836885 11.500000000000002 5.0180116144158413 5.1531358940652039 1.0000000180025095e-35 1.5000000000000002 0.27415922373873075 3.5000000000000004 2.5000000000000004 22.500000000000004 2.5000000000000004 0.1517792068077764
decision_type=2 2 2 2 2 2 2 2 2 2 2 2 2 2 2
left_child=7 2 4 8 10 -3 -7 -1 -4 -8 11 12 -2 -9 -12
right_child=1 5 3 -5 -6 6 9 13 -10 -11 14 -13 -14 -15 -16
leaf_value=-0.0073034379700224203 -0.0014474046992980262 0.0010404320299887985 -0.0075724817201321586 -0.034225605704093248 0.0053145189590334393 -0.010706306324134182 -0.0073149340288162501 -0.0041796372963858082 -0.00078305530826223611 -0.0013728640500583306 -0.0052354477755219937 0.0043496726610487233 0.0025055771865583375 -0.00097690610184923048 0.00058690106489811653
leaf_weight=5617.39856377244 29057.664828926325 25697.199934143573 3436.0555280186236 190.67577708885074 9806.6795024648309 2565.0858894214034 4028.2486624531448 14093.839006502181 43936.958562768996 51657.523635178804 3641.2378163561225 35450.467214357108 19457.665398862213 80209.675068423152 248059.29663186893
leaf_count=107972 156731 154729 19353 1186 94752 15569 44111 184627 235909 266544 24007 179509 97074 601870 1308375
internal_value=-1.18215e-05 0.000359489 0.000693529 -0.0014076 0.000982806 -0.00120445 -0.00219478 -0.00178432 -0.00127551 -0.00180271 0.000856253 0.00191617 0.000137987 -0.00145556 0.000502672
internal_weight=576906 476985 393037 47563.7 345473 83948.1 58250.9 99920.9 47373 55685.8 335666 83965.8 48515.3 94303.5 251701
internal_count=3492318 2597849 2116896 256448 1860448 480953 326224 894469 255262 310655 1765696 433314 253805 786497 1332382
is_linear=0
shrinkage=0.0206149


Tree=184
num_leaves=16
num_cat=0
split_feature=0 14 18 23 23 23 0 21 21 16 18 5 0 23 21
split_gain=925.16 666.076 424.323 314.032 294.255 269.583 293.186 771.587 301.714 300.802 241.731 221.145 192.556 190.128 186.803
threshold=9.5000000000000018 1.0000000180025095e-35 0.999999969223486 4.270256688127831 0.59980807237670752 5.441096092289925 1.5000000000000002 9.4455548799437086 8.1572970185175127 18.500000000000004 7.4999971875011724 6.5000000000000009 3.5000000000000004 1.1373272591847863 8.078353259881986
decision_type=2 2 2 2 2 2 2 2 2 2 2 2 2 2 2
left_child=1 3 -3 10 -2 6 8 9 -4 13 14 -10 -11 -8 -1
right_child=4 2 5 -5 -6 -7 7 -9 11 12 -12 -13 -14 -15 -16
leaf_value=-0.0010127600575276811 -0.013817074979716574 0.0055906088631708199 0.00062818969646580129 0.00075920844823018651 -0.0041628341183295196 0.0028698902889999767 -0.0026914844347761921 -0.014333688478973457 0.0028647700708751018 -0.0028994533616191255 -0.0044020417562956379 0.018076074152835891 -0.012597340658913551 0.00040563172779535625 0.0020867914562105534
leaf_weight=185143.98398994282 1497.0334259048104 7570.2835138812661 164060.16927832365 52895.433107152581 12929.005066489801 21543.380021918565 9505.2277802154422 1679.6270297802985 22896.843886889517 3410.2254464104772 8622.5556196980178 413.50384022295475 1168.1237492598593 74015.933559007943 8649.1963424384594
leaf_count=1184024 29026 78984 754517 303372 191778 103990 70792 10909 128360 14634 109833 1930 9296 452063 44597
internal_value=-9.93137e-06 0.000122487 0.000770713 -0.000655105 -0.00516468 0.000648554 0.000475885 -0.000492745 0.000940007 -0.000228866 -0.00102469 0.0031346 -0.00537378 5.31606e-05 -0.000874424
internal_weight=576001 561574 306263 255311 14426 298693 277150 89779.1 187371 88099.5 202416 23310.3 4578.35 83521.2 193793
internal_count=3488105 3267301 1625475 1641826 220804 1546491 1442501 557694 884807 546785 1338454 130290 23930 522855 1228621
is_linear=0
shrinkage=0.0206149


Tree=185
num_leaves=16
num_cat=0
split_feature=24 10 23 16 10 10 10 10 7 8 6 24 15 23 2
split_gain=875.307 648.728 623.838 493.985 332.943 749.89 290.171 254.16 251.883 279.682 276.645 246.27 235.015 233.941 222.452
threshold=5.5000000000000009 11.500000000000002 2.9063507024699908 17.500000000000004 3.5000000000000004 2.5000000000000004 1.5000000000000002 3.5000000000000004 1.0000000180025095e-35 0.032429986487505856 1.0000000180025095e-35 2.5000000000000004 12.500000000000002 5.7709751714452286 1.0000000180025095e-35
decision_type=2 2 2 2 2 2 2 2 2 2 2 2 2 2 2
left_child=11 2 4 6 5 12 -4 -8 9 -6 -11 -1 -2 -9 -3
right_child=1 14 3 -5 8 -7 7 13 -10 10 -12 -13 -14 -15 -16
leaf_value=-0.0058808334324122842 -0.0018499532014453139 -0.0066245134567494458 -0.0024510515574517468 0.0037087579836552168 -0.00066220646001492669 0.004220687686974956 0.0025482913763245308 0.00044123794677451131 0.00019364946492110325 -0.0043004674856800948 -0.00025167622433737669 -0.001990520467596573 0.0024686757398277568 0.0032083431980380705 -0.0016430911240807131
leaf_weight=8352.809723071754 23654.242102423683 4186.26223455742 10773.990724492818 29076.150243990123 75528.045040799305 20539.496338410303 37730.933241922408 153365.34556464106 77190.227866366506 21565.412249971181 10745.427209466696 40178.276705021039 6922.1825633123517 14185.199757680297 42353.733070962131
leaf_count=122088 146772 48597 57179 156220 524719 116097 189611 799135 390980 160671 51071 392694 34574 70289 230922
internal_value=-1.06762e-05 0.000232929 0.000457672 0.00118614 -0.000298515 0.0011742 0.00084665 0.00101973 -0.000705365 -0.00134887 -0.00295398 -0.00266009 -0.000872261 0.000675507 -0.00209117
internal_weight=576348 527817 481277 245132 236145 51115.9 216055 205281 185029 107839 32310.8 48531.1 30576.4 167551 46540
internal_count=3491619 2976837 2697318 1272434 1424884 297443 1116214 1059035 1127441 736461 211742 514782 181346 869424 279519
is_linear=0
shrinkage=0.0206149


Tree=186
num_leaves=16
num_cat=0
split_feature=22 23 10 21 20 21 10 10 10 21 12 23 9 10 21
split_gain=840.936 699.495 612.971 671.455 647.859 436.468 353.355 433.989 436.364 377.076 351.604 338.825 332.148 309.904 307.565
threshold=1.0000000180025095e-35 4.077600594023127 6.5000000000000009 5.471224972653717 0.27415922373873075 6.5517577475407842 5.5000000000000009 3.5000000000000004 2.5000000000000004 5.1880287543855514 1.0000000180025095e-35 2.3599438266032329 0.24384500000000001 1.5000000000000002 5.4437584622585851
decision_type=2 2 2 2 2 2 2 2 2 2 2 2 2 2 2
left_child=-1 2 3 6 -4 12 7 8 -2 -8 -6 -12 -3 -5 -10
right_child=1 5 4 13 10 -7 9 -9 14 -11 11 -13 -14 -15 -16
leaf_value=-0.007464590077238739 -0.0018312282649977215 0.0010168767709360228 -0.0042189913611384144 -0.0017129281402479604 -0.0011044927865257756 0.0031097078703547412 0.0028885828524983755 -0.0032911744482574915 0.0030035955258738804 -0.0065486878868924016 -0.0009197131865876241 0.0028712917995987641 -0.0027026731198757318 0.0019376553314471737 -0.031090215446623552
leaf_weight=6357.58136020042 22199.513045959175 90358.595873612911 24696.100505527109 10980.32694965601 165881.56759310514 41281.436632968485 15244.920668970793 31733.125874243677 14650.945901684463 2040.0510239675641 19323.580808334053 20807.60378908366 11501.250065036118 98838.164303507656 113.31659089028835
leaf_count=116060 147586 496847 301406 62417 944602 209424 101191 206765 90645 12496 105414 105651 53487 536229 665
internal_value=-8.58665e-06 7.4626e-05 -0.000343866 0.000504459 -0.00106383 0.00132158 -0.000859863 -0.00152276 -4.59632e-06 0.00177475 -0.0006856 0.00104588 0.000596893 0.00157265 0.00274192
internal_weight=576008 569650 426509 195800 230709 143141 85981.9 68696.9 36963.8 17285 206013 40131.2 101860 109818 14764.3
internal_count=3490885 3374825 2615067 1157994 1457073 759758 559348 445661 238896 113687 1155667 211065 550334 598646 91310
is_linear=0
shrinkage=0.0206149


Tree=187
num_leaves=16
num_cat=0
split_feature=22 22 0 16 10 10 10 22 10 24 5 17 10 22 10
split_gain=829.569 697.731 667.762 430.063 414.864 300.364 284.9 351.151 259.578 359.385 372.609 342.639 254.313 339.244 328.988
threshold=0.040684701404504774 1.28445790668463 1.5000000000000002 16.500000000000004 7.5000000000000009 11.500000000000002 1.5000000000000002 2.2096224505731512 8.5000000000000018 11.500000000000002 5.5000000000000009 19.500000000000004 1.5000000000000002 0.45223806991413812 3.5000000000000004
decision_type=2 2 2 2 2 2 2 2 2 2 2 2 2 2 2
left_child=-1 2 3 8 12 -5 -3 -8 9 -2 -11 -10 13 -4 -14
right_child=1 6 4 5 -6 -7 7 -9 11 10 -12 -13 14 -15 -16
leaf_value=-0.0055815005872868629 0.0001929836010486222 -0.0067749358161652302 0.0064210237158844798 0.0030887399708545852 -0.0016255083452528859 -0.0012207629935601975 -0.0011227602752352764 -0.008489731175867694 -0.0019456185598563701 0.0017207752030346801 0.0071906184112030995 0.00083622440559606573 0.0022979014102548108 -0.00450599665256852 -0.00024729422422969938
leaf_weight=11137.732633227482 87998.27598541975 4474.0729447342455 1416.3807978965342 53544.066408053041 85928.585209663957 7885.3346565887332 69460.760999951512 2862.9810803234577 33636.215348489583 65174.621921658516 5760.3117842897773 42706.470387235284 32832.669547300786 8185.7012549899518 62985.804047722369
leaf_count=155008 435754 28799 10498 290367 647780 39653 428571 23071 165858 307953 29354 211754 208178 59559 449361
internal_value=-1.00492e-05 9.98084e-05 0.000387216 0.000999577 -0.00056231 0.00253555 -0.00172668 -0.00141439 0.000598541 0.00107311 0.00216496 -0.000389442 0.000304306 -0.00289418 0.00062483
internal_weight=575990 564852 488054 296705 191349 61429.4 76797.8 72323.7 235276 158933 70934.9 76342.7 105421 9602.08 95818.5
internal_count=3491518 3336510 2856069 1480693 1375376 330020 480441 451642 1150673 773061 337307 377612 727596 70057 657539
is_linear=0
shrinkage=0.0206149


Tree=188
num_leaves=16
num_cat=0
split_feature=0 10 23 16 10 10 17 24 23 10 10 17 18 23 17
split_gain=851.397 627.081 579.572 493.672 381.244 820.827 340.199 312.329 301.018 299.28 292.649 278.837 242.882 224.665 200.728
threshold=9.5000000000000018 11.500000000000002 2.9257560139833516 15.500000000000002 3.5000000000000004 2.5000000000000004 22.500000000000004 5.5000000000000009 0.59980807237670752 1.5000000000000002 3.5000000000000004 13.500000000000002 1.0363756236763753 5.879961974833237 22.500000000000004
decision_type=2 2 2 2 2 2 2 2 2 2 2 2 2 2 2
left_child=1 2 4 9 5 6 -1 -6 -2 -4 -11 -12 -5 -13 -3
right_child=8 14 3 12 7 -7 -8 -9 -10 10 11 13 -14 -15 -16
leaf_value=-0.0024390126728833618 -0.013823632332325793 -0.00099020670135658976 -0.0027543519421177713 0.0087859507407558792 -0.0035023959834031542 0.004250141483584078 0.0019519264827127839 -0.00052629891591276005 -0.0039561780334001701 0.0024545297098391683 -0.0020379804779010182 0.00049485207306967254 0.0026419463773376681 0.0034995502191425948 -0.0036501936010989253
leaf_weight=21297.136839486659 1463.962394060567 29540.403022829443 10533.996489182115 2937.574140354991 16317.202225040644 22022.532653208822 11573.574500095099 183655.9302681908 12812.633955735713 37484.056829188019 17314.704733148217 137497.44356956333 39523.647356823087 11456.523400060833 20369.595107315108
leaf_count=134193 28907 181847 60050 31648 173035 125841 64853 1075357 191673 196221 96425 755356 188110 59658 128713
internal_value=3.4295e-06 0.000129827 0.000344996 0.0010363 -0.000351406 0.00117037 -0.00089299 -0.000769139 -0.00496801 0.000633907 0.00080908 0.000438125 0.003067 0.000725953 -0.00207582
internal_weight=575801 561524 511614 256748 254866 54893.2 32870.7 199973 14276.6 214287 203753 166269 42461.2 148954 49910
internal_count=3491887 3271307 2960747 1387468 1573279 324887 199046 1248392 220580 1167710 1107660 911439 219758 815014 310560
is_linear=0
shrinkage=0.0206149


Tree=189
num_leaves=16
num_cat=0
split_feature=22 10 21 26 6 21 21 22 22 22 21 21 17 10 10
split_gain=765.557 620.205 689.515 485.057 410.838 590.615 507.273 391.209 368.823 346.178 412.342 494.208 345.093 361.946 309.952
threshold=1.0000000180025095e-35 10.500000000000002 5.471224972653717 0.004157765603692693 1.0000000180025095e-35 9.5532169979213961 9.5532169979213961 1.2662565442107627 1.4888219644382852 1.4393531641324226 4.185652929013421 4.2426061441409439 20.500000000000004 11.500000000000002 6.5000000000000009
decision_type=2 2 2 2 2 2 2 2 2 2 2 2 2 2 2
left_child=-1 2 9 -3 5 14 -6 -8 -9 -2 -11 -12 -5 -14 -4
right_child=1 3 4 12 6 -7 7 8 -10 10 11 -13 13 -15 -16
leaf_value=-0.0071350025251305594 -0.00017448275275168783 -0.0050019034972452548 0.0014024383863005963 -0.0026233735116260467 0.0016889250667714462 -0.010062012583731524 0.0089653770549683494 -0.029431381847669583 0.014219193812539976 -0.0055879223654670684 0.016439046287944209 -0.0011587305124783633 0.0018369561246797264 -0.0014158047463259684 -0.00061466359926742387
leaf_weight=6287.232405949384 190009.743147064 13501.558056633919 74442.847602911294 29469.517715524882 116047.27970644832 2277.9624287001789 5919.9839480519295 223.37785260379314 130.2155013307929 11544.118113353848 730.94627453014255 9397.7054509371519 27435.005310833454 30925.285875905305 57288.263918008655
leaf_count=116183 1207923 99084 411143 191632 559442 14006 59371 1529 1037 84642 5093 60016 160960 183068 336691
internal_value=1.90934e-05 9.80957e-05 0.000414691 -0.00136414 0.00113375 0.000345257 0.00199759 0.00770727 -0.0133565 -0.000456034 -0.00292445 0.000111234 -0.00080493 0.000113309 0.000525225
internal_weight=575631 569344 468012 101331 256330 134009 122321 6273.58 353.593 211683 21672.8 10128.7 87829.8 58360.3 131731
internal_count=3491820 3375637 2740893 634744 1383219 761840 621379 61937 2566 1357674 149751 65109 535660 344028 747834
is_linear=0
shrinkage=0.0206149


Tree=190
num_leaves=16
num_cat=0
split_feature=0 22 10 1 21 21 22 21 10 22 21 10 10 17 21
split_gain=782.284 617.275 595.644 563.489 532.717 416.717 382.329 715.655 333.908 337.356 319.856 289.202 664.343 351.502 304.98
threshold=9.5000000000000018 1.28445790668463 11.500000000000002 2.5000000000000004 9.4455548799437086 10.165688380836885 0.06081292421828445 6.3240932972108643 1.5000000000000002 2.2096224505731512 3.9467081881518395 3.5000000000000004 2.5000000000000004 22.500000000000004 4.3567931817225665
decision_type=2 2 2 2 2 2 2 2 2 2 2 2 2 2 2
left_child=1 2 3 6 -5 8 7 -1 10 -10 -3 12 13 -8 -14
right_child=-2 5 -4 4 -6 -7 11 -9 9 -11 -12 -13 14 -15 -16
leaf_value=-0.0022331039133855293 -0.0047641374645721801 0.0053193350690589648 -0.0019675302209379085 0.0018519484814576318 0.0083051510486917262 -0.031908442226692313 -0.001397330946255039 -0.025743392926389139 -0.00089901830300177104 -0.0082689467459578937 -0.0095722981641980457 0.00014426299754154888 -0.00029651304230817328 0.0021957689672818755 0.0045756106220047358
leaf_weight=9905.5498004630208 14206.60698055476 737.33040767163038 41239.696546837687 50013.390318013728 6099.3278887495399 192.42595668137074 30645.703480608761 582.5983448959887 67356.500785842538 2747.1594481691718 3633.8698409870267 293063.75712902471 6732.0831836983562 18588.754267770797 28896.450366545469
leaf_count=113789 220539 5727 254040 263688 64632 1151 175709 5963 401880 21690 21700 1658390 39580 94653 144831
internal_value=1.31552e-05 0.000134256 0.000402487 0.000622358 0.0025534 -0.00161079 0.000343389 -0.00353906 -0.00153251 -0.00118782 -0.00706039 0.000451134 0.00151087 -4.07353e-05 0.00365501
internal_weight=574641 560435 485767 444528 56112.7 74667.3 388415 10488.1 74474.9 70103.7 4371.2 377927 84863 49234.5 35628.5
internal_count=3487962 3267423 2815275 2561235 328320 452148 2232915 119752 450997 423570 27427 2113163 454773 270362 184411
is_linear=0
shrinkage=0.0206149


Tree=191
num_leaves=16
num_cat=0
split_feature=18 22 23 10 21 22 21 21 21 22 9 21 10 22 1
split_gain=725.17 529.548 522.575 536.741 446.64 318.844 385.806 302.485 286.327 338.236 325.877 280.133 266.722 265.953 262.095
threshold=5.4499987725002805 1.28445790668463 4.077600594023127 10.500000000000002 10.165688380836885 0.06081292421828445 6.3240932972108643 4.9722401756425851 6.6156419086800691 0.06081292421828445 0.2329866666666667 5.1718690713193913 1.5000000000000002 2.2096224505731512 2.5000000000000004
decision_type=2 2 2 2 2 2 2 2 2 2 2 2 2 2 2
left_child=1 2 3 5 12 6 -1 -5 10 -10 -4 -9 -3 -14 -7
right_child=-2 4 8 7 -6 14 -8 11 9 -11 -12 -13 13 -15 -16
leaf_value=-0.0030617906180814181 -0.0023825623022929259 -0.0066118943337042501 0.0014937429804280993 0.00043660559311421926 -0.032616423847404818 0.00030432722974756794 -0.02497514250543342 -0.0094633756791450523 -0.027359861924246349 0.0033491536416330211 -0.0024253786685555527 -0.0022653615287182263 -0.00080594569217131665 -0.0082678652456207279 0.0021743017353422606
leaf_weight=4762.1084243897349 48977.867810554802 3893.5296784155071 72426.724987275898 19286.358199998736 195.03296852111816 238430.24577151239 367.81067920476198 2444.6769733149558 153.08091671764851 35440.251326747239 10298.583488330245 38227.784406324849 61289.549962036312 2099.3878172710538 36764.363586455584
leaf_count=51290 590772 22371 379629 123192 1162 1290264 4324 15015 1278 180947 47218 217638 336603 14174 215186
internal_value=1.66612e-05 0.000240028 0.00049091 8.05705e-05 -0.00146506 0.000459221 -0.00463296 -0.00168973 0.00167104 0.00321708 0.00100585 -0.00269801 -0.00137476 -0.00105308 0.000554145
internal_weight=575057 526079 458602 340283 67477.5 280325 5129.92 59958.8 118319 35593.3 82725.3 40672.5 67282.5 63388.9 275195
internal_count=3491063 2900291 2525981 1916909 374310 1561064 55614 355845 609072 182225 426847 232653 373148 350777 1505450
is_linear=0
shrinkage=0.0206149


Tree=192
num_leaves=16
num_cat=0
split_feature=22 23 21 21 22 20 23 10 21 21 8 10 16 9 10
split_gain=759.703 649.72 577.985 529.973 461.385 405.369 467.781 326.004 315.393 603.336 315.079 314.084 315.074 311.72 305.581
threshold=0.040684701404504774 2.7960288739116739 7.9540999683346358 6.3240932972108643 1.6312258488921307 0.27415922373873075 0.56816202062884391 6.5000000000000009 5.06609301932217 5.1531358940652039 0.013567247625712993 11.500000000000002 15.500000000000002 0.0081916666666666683 3.5000000000000004
decision_type=2 2 2 2 2 2 2 2 2 2 2 2 2 2 2
left_child=3 5 4 8 11 6 -2 -8 -1 -10 -9 12 -3 -4 -7
right_child=1 2 13 -5 -6 14 7 10 9 -11 -12 -13 -14 -15 -16
leaf_value=-0.0055334939129757553 -0.009855407140957834 0.0005397864970701576 -0.0027975576476256502 -0.024391992395436896 -0.0039401897770453579 0.0012080634710718945 0.00028870324933648914 -0.00079732775708104772 0.043374833419841413 -0.00011120228881076079 -0.0067712117355147733 -0.0016750738812674648 0.0026714551967197122 0.0043694968833710235 -0.00072009367922356551
leaf_weight=9303.791187658906 3560.1553725264966 211057.59792571887 2884.9647065326571 589.30125999264419 9768.3880841471255 43199.163153514266 14294.408892981708 6885.0951651483774 158.23872765526175 947.21152876503766 8245.3570564240217 23139.376073934138 34248.572448924184 24313.87013964355 182487.72414423525
leaf_count=138372 56128 1140190 16170 7203 63825 233412 151662 92844 1172 8421 104568 129221 159036 147350 1042815
internal_value=-7.41011e-06 9.72142e-05 0.000741091 -0.0053733 0.000460689 -0.000663008 -0.00279765 -0.00194373 -0.00429659 0.00611357 -0.0040528 0.000620831 0.000837401 0.00360929 -0.000351021
internal_weight=575083 564085 305413 10998.5 278214 258672 32985 29424.9 10409.2 1105.45 15130.5 268446 245306 27198.8 225687
internal_count=3492389 3337221 1655792 155168 1492272 1681429 405202 349074 147965 9593 197412 1428447 1299226 163520 1276227
is_linear=0
shrinkage=0.0206149


Tree=193
num_leaves=16
num_cat=0
split_feature=22 23 0 21 22 10 10 10 23 9 21 21 21 0 8
split_gain=733.656 613.594 558.66 550.838 430.313 377.567 702.451 362.83 344.523 304.414 290.271 273.561 655.679 264.58 493.491
threshold=1.0000000180025095e-35 2.7960288739116739 8.5000000000000018 7.9540999683346358 1.6312258488921307 3.5000000000000004 2.5000000000000004 11.500000000000002 2.6763405237886286 0.0081916666666666683 5.9818583011166453 4.042007623831303 4.085577326145029 1.5000000000000002 0.034509993221251437
decision_type=2 2 2 2 2 2 2 2 2 2 2 2 2 2 2
left_child=10 2 5 4 7 6 -2 -3 -8 -5 11 -1 -13 -7 -15
right_child=1 3 -4 9 -6 13 8 -9 -10 -11 -12 12 -14 14 -16
leaf_value=-0.0080211377740058327 -0.00085759605785397136 0.00079983034039509098 -0.0049018180277788032 -0.0028553434332219993 -0.0038443395872612609 -0.00025940533290598673 0.0051122031101624365 -0.0018893302877150723 -0.0042662676597698158 0.0042445311968147053 -0.023296282440704204 0.079896823344993623 0.00010932435346545508 -0.00083577396266122791 -0.0046317392300246375
leaf_weight=4656.1238292958587 28841.254033606499 248108.20203547552 12629.787453118712 2870.2724218480289 9726.4639140740037 122812.48512441665 17502.461473811418 23326.818022187799 1839.5770118460059 24241.661199264228 435.84410579688847 45.688711177557707 1042.5995024479926 57127.512433987111 19530.20881671831
leaf_count=92846 170681 1319196 192744 16117 63655 639711 98049 130823 9694 147204 7011 654 15591 447609 140134
internal_value=-1.24143e-05 6.43764e-05 -0.000672643 0.000686661 0.000416062 -0.000456965 0.00118078 0.000568727 0.00422024 0.00349289 -0.00707683 -0.00584621 0.00345898 -0.000852572 -0.00180288
internal_weight=574737 568557 260283 308273 281161 247653 48183.3 271435 19342 27111.9 6180.26 5744.41 1088.29 199470 76657.7
internal_count=3491719 3375617 1698622 1676995 1513674 1505878 278424 1450019 107743 163321 116102 109091 16245 1227454 587743
is_linear=0
shrinkage=0.0206149


Tree=194
num_leaves=16
num_cat=0
split_feature=22 23 10 24 21 21 21 16 1 20 23 23 20 22 21
split_gain=680.967 620.899 526.186 412.075 375.213 354.966 397.592 376.823 286.023 262.338 256.046 232.472 329.41 227.167 347.251
threshold=0.0069134866388865148 4.077600594023127 10.500000000000002 9.5000000000000018 6.5517577475407842 5.0180116144158413 5.1531358940652039 6.5000000000000009 2.5000000000000004 0.52380830896005015 2.2391204743999018 0.56816202062884391 0.27415922373873075 1.338999309490952 10.165688380836885
decision_type=2 2 2 2 2 2 2 2 2 2 2 2 2 2 2
left_child=9 2 3 -2 -3 7 -7 -4 10 -1 -8 12 -5 -13 -15
right_child=1 4 5 11 -6 6 8 -9 -10 -11 -12 13 -14 14 -16
leaf_value=-0.0095938644323856955 -0.0010550293745062321 0.00059483694626673203 -0.0027167674011499329 -0.011301024243656227 0.0029301538361064155 -0.011459602733656447 -0.0050923687752592586 0.0020791177732786296 0.0012620872808111932 -0.00188910047837873 -0.0016997918251467224 0.00081520816929339787 -0.00093878760713750418 -0.0012312145848009293 -0.032578052451799414
leaf_weight=4172.4184551034123 103738.87059683353 101232.74216025323 12436.956350605935 1579.6817106902599 41111.949147284031 2224.1560533419251 17314.115985002369 15817.178802847862 7116.2331897988915 3415.285136308521 20825.481042698026 215876.79963355139 7463.5532443001866 20171.488084580749 151.30836099013686
leaf_count=90537 799872 546405 118997 23525 209239 15741 119974 87337 40345 37997 113041 1142234 40414 105208 889
internal_value=8.93652e-06 9.10252e-05 -0.000303884 3.41379e-05 0.00126932 -0.00186149 -0.0029502 -3.19436e-05 -0.002532 -0.00612589 -0.00323991 0.000494861 -0.00274887 0.000619052 -0.0014646
internal_weight=574648 567061 424716 348982 142345 75734.1 47480 28254.1 45255.8 7587.7 38139.6 245243 9043.23 236200 20322.8
internal_count=3491755 3363221 2607577 2112142 755644 495435 289101 206334 273360 128534 233015 1312270 63939 1248331 106097
is_linear=0
shrinkage=0.0206149


Tree=195
num_leaves=16
num_cat=0
split_feature=18 23 18 0 10 10 0 8 10 17 10 10 23 23 23
split_gain=686.727 516.883 448.409 414.936 311.241 317.553 305.781 405.92 301.884 398.227 226.525 421.357 261.764 225.123 223.965
threshold=6.9999979583339416 2.7960288739116739 1.1249999414062535 8.5000000000000018 4.5000000000000009 1.5000000000000002 3.5000000000000004 0.013567247625712993 11.500000000000002 30.500000000000004 1.5000000000000002 3.5000000000000004 6.1067508469620764 2.7412593703151766 0.56816202062884391
decision_type=2 2 2 2 2 2 2 2 2 2 2 2 2 2 2
left_child=1 3 -3 4 5 -1 -6 -8 9 10 -4 -12 -13 -7 -5
right_child=-2 2 8 14 6 13 7 -9 -10 -11 11 12 -14 -15 -16
leaf_value=-0.0023060654964713531 -0.0037152835830772325 0.004300563766262264 -0.002124783748208479 -0.013120353548159413 -0.00047977702495085992 0.0016952255198761897 -0.00038343425507563714 -0.0052671750454129605 -0.0016401992525608734 0.0036267021360031839 0.0024809751680137373 5.9870913100732687e-05 0.0035853376141531165 -0.0052058589645131567 -0.0036340817478684386
leaf_weight=11662.414275586605 20494.262298839167 14014.328667372465 13138.605098450556 1228.1272704508156 145247.60738336667 53442.52606067434 14613.436165535823 14320.047625856474 25005.195586521178 18734.58122548461 43731.269751738757 179613.6350620687 9419.7131366375834 2087.3091747835279 7620.3503734935075
leaf_count=71325 281127 112585 72011 22840 782869 300765 141109 128897 139078 95332 220596 953711 47203 11289 111297
internal_value=-9.61229e-06 0.000127502 0.000699166 -0.000566241 -0.00040551 0.00078635 -0.000865283 -0.00280054 0.000524912 0.00072949 0.000508761 0.000657414 0.000235548 0.00143582 -0.00495073
internal_weight=574373 553879 303657 250222 241373 67192.2 174181 28933.5 289643 264638 245903 232765 189033 55529.8 8848.48
internal_count=3492034 3210907 1640516 1570391 1436254 383379 1052875 270006 1527931 1388853 1293521 1221510 1000914 312054 134137
is_linear=0
shrinkage=0.0206149


Tree=196
num_leaves=16
num_cat=0
split_feature=22 22 14 18 21 18 23 20 21 21 22 23 8 23 21
split_gain=664.67 556.38 555.767 401.662 386.166 333.298 314.74 322.848 257.956 326.623 247.631 201.115 198.251 197.211 185.852
threshold=0.0069134866388865148 1.28445790668463 1.0000000180025095e-35 1.0363756236763753 10.165688380836885 6.9999979583339416 1.2835357795323079 0.30255628172174526 5.9818583011166453 5.8741452942276187 2.2096224505731512 4.270256688127831 0.019929994187085066 5.441096092289925 7.8967044886260185
decision_type=2 2 2 2 2 2 2 2 2 2 2 2 2 2 2
left_child=8 2 5 -4 10 11 7 -5 9 -1 -3 12 -2 -8 -14
right_child=1 4 3 6 -6 -7 13 -9 -10 -11 -12 -13 14 -15 -16
leaf_value=-0.0057734697275704386 0.00017027222708882914 -0.0012434595546149745 0.0054085620418972448 -0.006160150483223702 -0.029616725384682182 -0.0036844697753604361 0.00089512439886722318 -0.00025920031877401539 -0.020940527236854037 0.023865851803344874 -0.0073344275182762432 0.0010274104998073998 -0.001616886486791379 0.0031011074472270194 0.0015345516068788804
leaf_weight=6930.5094860605896 77868.050963591784 73201.794983036816 8326.3335819989443 4610.6830015033484 207.85269264876842 12727.480917487293 216232.62863129377 27094.028993375599 465.4228442274034 161.6916050426662 2950.922447770834 41864.079927518964 74002.256462931633 18712.569532774389 8910.1837006658316
leaf_count=120078 512622 454509 88079 57755 1211 165630 1120231 139525 7244 1376 24310 224336 439120 89534 46441
internal_value=-2.331e-07 8.07584e-05 0.000335658 0.000949875 -0.00155607 -0.000448544 0.000810649 -0.00111735 -0.00607339 -0.00509774 -0.00147948 -0.000245305 -0.000576695 0.00107082 -0.00127822
internal_weight=574266 566709 490348 274976 76360.6 215372 266650 31704.7 7557.62 7092.2 76152.7 202645 160780 234945 82912.4
internal_count=3492001 3363303 2883273 1495124 480030 1388149 1407045 197280 128698 121454 478819 1222519 998183 1209765 485561
is_linear=0
shrinkage=0.0206149


Tree=197
num_leaves=16
num_cat=0
split_feature=0 10 21 23 17 10 23 17 10 10 21 24 21 23 21
split_gain=645.318 518.498 628.665 475.856 417.563 401.452 470.511 445.886 326.913 323.358 282.843 364.345 361.109 277.453 262.39
threshold=9.5000000000000018 11.500000000000002 5.471224972653717 4.7410666616344299 28.500000000000004 6.5000000000000009 2.293365257297483 30.500000000000004 8.5000000000000018 1.5000000000000002 5.0180116144158413 8.5000000000000018 8.2174596567307692 0.59980807237670752 5.1531358940652039
decision_type=2 2 2 2 2 2 2 2 2 2 2 2 2 2 2
left_child=1 2 4 5 -1 9 -7 -8 -6 -4 11 -3 14 -2 -12
right_child=13 10 3 -5 8 6 7 -9 -10 -11 12 -13 -14 -15 -16
leaf_value=-0.0008297071567531357 -0.013100049620975869 -0.0031324627073071776 -0.0017339978189929654 0.003035404684978663 -0.0016636393983911321 -0.0018548280952385701 0.00010096128533999203 0.0045868541209515305 0.0031065045733661718 0.0017985078658481113 -0.012078150921719178 0.0026464515615667152 0.0029618227164259995 -0.0034098694233069158 -0.0034376556886027442
leaf_weight=201454.9643469695 1394.9072553832084 8322.9857858587056 12246.750130826607 40264.312048874795 8487.2218297738582 46647.898045051843 59139.636502476409 11199.71050238423 21758.556224249303 109254.12458003126 1586.4507448188961 10467.370319399983 3652.0879957228899 12582.854537656531 25516.336286732927
leaf_count=1291398 28899 71434 67696 198418 50451 281200 303449 57347 137635 573177 10503 60036 23147 191810 145027
internal_value=-1.72483e-06 0.000107481 0.000302908 0.000962487 -0.000490612 0.000612513 -0.000249442 0.000815223 0.00176796 0.00144245 -0.00190596 8.67437e-05 -0.00312344 -0.0043769 -0.00394342
internal_weight=573976 559998 510453 278752 231701 238488 116987 70339.3 30245.8 121501 49545.2 18790.4 30754.9 13977.8 27102.8
internal_count=3491627 3270918 2960771 1481287 1479484 1282869 641996 360796 188086 640873 310147 131470 178677 220709 155530
is_linear=0
shrinkage=0.0206149


Tree=198
num_leaves=16
num_cat=0
split_feature=0 23 21 0 8 10 17 0 23 21 10 21 21 9 9
split_gain=665.224 510.609 524.965 405.788 475.039 328.687 446.611 308.99 293.145 285.272 280.495 272.986 238.777 268.233 228.149
threshold=10.500000000000002 2.7960288739116739 7.9540999683346358 1.5000000000000002 0.034509993221251437 11.500000000000002 30.500000000000004 1.5000000000000002 0.59980807237670752 9.5532169979213961 4.5000000000000009 9.5532169979213961 5.471224972653717 0.054055000000000013 0.21549000000000004
decision_type=2 2 2 2 2 2 2 2 2 2 2 2 2 2 2
left_child=1 3 5 -1 8 6 12 11 -5 -9 -6 -4 13 -3 -14
right_child=-2 2 7 4 10 -7 -8 9 -10 -11 -12 -13 14 -15 -16
leaf_value=0.00013577677132524 -0.005984369807905579 0.00014893988678959998 0.0033907567433464135 -0.0044115791665223303 -0.00072922018604710127 -0.0018583699255078248 0.0037640991098611258 0.00022869694388678505 -0.00029796027455100758 -0.017160235906035257 -0.005230230199760333 0.0094325767945200052 0.0015778311823090134 -0.0026791108754760317 -0.00060012113678652038
leaf_weight=149693.2213235423 7692.147088797763 107283.25366533175 18653.76906453073 8200.9950167704374 8483.5599049609154 24543.656110575423 18063.223565492779 4115.3222496584058 71960.806429941207 444.21384051442146 19201.208508694544 3830.7497254237533 88862.124939050525 16436.379199974239 26546.267792709172
leaf_count=777664 128746 665913 101002 82513 56795 141531 93960 20373 593022 2443 153799 39387 433927 79885 121012
internal_value=3.72184e-05 0.000119008 0.000684326 -0.000558784 -0.00152285 0.000420973 0.00063849 0.00342784 -0.000718806 -0.00146542 -0.00385097 0.00442012 0.000402388 -0.000226772 0.00107686
internal_weight=574011 566319 308779 257540 107847 281735 257191 27044.1 80161.8 4559.54 27684.8 22484.5 239128 123720 115408
internal_count=3491972 3363226 1699433 1663793 886129 1536228 1394697 163205 675535 22816 210594 140389 1300737 745798 554939
is_linear=0
shrinkage=0.0206149


Tree=199
num_leaves=16
num_cat=0
split_feature=24 10 26 10 10 12 10 23 17 16 17 10 16 0 23
split_gain=628.506 444.128 482.754 427.057 655.714 379.314 350.149 293.543 305.929 266.255 254.891 262.984 232.436 212.981 177.926
threshold=5.5000000000000009 10.500000000000002 0.0049045708830565849 1.5000000000000002 3.5000000000000004 1.0000000180025095e-35 2.5000000000000004 2.9063507024699908 13.500000000000002 15.500000000000002 20.500000000000004 11.500000000000002 22.500000000000004 7.5000000000000009 6.4164853367658425
decision_type=2 2 2 2 2 2 2 2 2 2 2 2 2 2 2
left_child=13 3 -3 5 6 -2 9 -6 -9 -5 -4 -12 14 -1 -10
right_child=1 2 10 4 7 -7 -8 8 12 -11 11 -13 -14 -15 -16
leaf_value=-0.0016002008786822894 -0.0042151135070869865 -0.0044736612504601581 -0.0021536614128994146 0.00021022601229980233 -0.0003988628689373781 0.0010482611060447706 0.0035912705877739867 -0.0018897000966963298 0.00081609588909108122 0.005601692445558408 0.0019164051379902019 -0.00099864119351617334 0.0047592225685438678 -0.0051046924350228364 0.0051808794700948738
leaf_weight=38689.093099433929 14948.465580284595 15039.193502923474 25001.611084021628 32708.954738132656 160856.14992444031 9527.3469126224518 42558.427418688312 15880.943943623453 141049.75621574558 4418.4819139614701 24842.200893724337 27949.714755510911 7099.1816927865148 9103.9277334585786 4083.8652420192957
leaf_count=353808 91478 109523 149837 177628 976283 51492 227629 85559 723114 23889 138255 157507 44673 161127 19580
internal_value=-4.32874e-06 0.000201343 -0.0010926 0.000478674 0.000637091 -0.00216632 0.00231492 0.000230674 0.000833034 0.000851857 -0.00043897 0.000373087 0.00111707 -0.00226776 0.000938915
internal_weight=573757 525964 92832.7 433132 408656 24475.8 79685.9 328970 168114 37127.4 77793.5 52791.9 152233 47793 145134
internal_count=3491382 2976447 555122 2421325 2278355 142970 429146 1849209 872926 201517 445599 295762 787367 514935 742694
is_linear=0
shrinkage=0.0206149


Tree=200
num_leaves=16
num_cat=0
split_feature=22 21 22 23 1 23 21 8 9 9 21 21 9 21 21
split_gain=643.951 538.573 512.406 497.728 437.408 382.781 362.05 358.061 365.49 424.12 352.805 349.59 315.935 302.993 564.109
threshold=0.040684701404504774 6.3240932972108643 1.28445790668463 4.077600594023127 2.5000000000000004 0.56816202062884391 10.165688380836885 0.021497495969219595 0.00019500000000000005 0.022751666666666674 9.4455548799437086 8.597185412435751 0.005458333333333335 5.06609301932217 5.1531358940652039
decision_type=2 2 2 2 2 2 2 2 2 2 2 2 2 2 2
left_child=1 13 3 4 5 -2 -4 12 11 -10 -6 -9 -7 -1 -15
right_child=2 -3 6 -5 10 7 -8 8 9 -11 -12 -13 -14 14 -16
leaf_value=-0.0051241758219550257 -0.0037758138476085591 -0.024453014533892294 -0.0013937381867539888 0.0014920116028392233 0.0012248941182658119 0.0010737990881230369 -0.028752784851895773 -0.0018671455787892413 0.0012712943554898013 -0.001254879335102335 0.0069807975523229022 -0.0096652836238043209 -0.0014165644591743651 0.042122298400699615 0.00026070472121047844
leaf_weight=9143.1829042043537 12896.003001131117 571.32298634573817 76136.576938383281 121469.87717872486 39030.374392196536 115672.32420146093 206.1114712394774 47906.319536518306 49822.926175735891 65210.828033015132 5119.0837972760201 2574.3724833801389 26633.405805073678 159.71612349152565 953.54637532867491
leaf_count=138385 109633 7244 479445 638426 204466 781349 1198 374386 247049 300182 52917 19855 127469 1153 8463
internal_value=6.72568e-06 -0.00497292 0.00010255 0.000349026 -3.14934e-05 -0.000296319 -0.0014676 -0.000150547 -0.000802481 -0.000160754 0.00189229 -0.00226483 0.000607712 -0.00388781 0.00626645
internal_weight=573506 10827.8 562678 486336 364866 320716 76342.7 307820 165514 115034 44149.5 50480.7 142306 10256.4 1113.26
internal_count=3491620 155245 3336375 2855732 2217306 1959923 480643 1850290 941472 547231 257383 394241 908818 148001 9616
is_linear=0
shrinkage=0.0206149


Tree=201
num_leaves=16
num_cat=0
split_feature=22 21 22 23 7 21 21 21 23 6 21 21 5 20 9
split_gain=598.792 527.252 520.271 525.45 473.786 410.844 371.302 368.1 330.181 283.635 278.485 512.541 254.595 251.614 242.39
threshold=0.040684701404504774 6.3240932972108643 1.6312258488921307 4.2967662464852454 1.0000000180025095e-35 9.2144797882848355 8.1572970185175127 4.185652929013421 0.56816202062884391 1.0000000180025095e-35 5.06609301932217 5.1531358940652039 5.5000000000000009 0.27415922373873075 0.035238333333333337
decision_type=2 2 2 2 2 2 2 2 2 2 2 2 2 2 2
left_child=1 10 3 4 5 8 14 -4 13 -7 -1 -12 -8 -2 -6
right_child=2 -3 7 -5 6 9 12 -9 -10 -11 11 -13 -14 -15 -16
leaf_value=-0.0049374771771762051 -0.009045394217763859 -0.024266519609414169 -0.006972964063298919 0.0014190303422762156 0.00084898100850983233 -0.011249140384817649 0.0027041258162648972 -0.00086613432713180836 -0.00044252999162708068 0.00082274343332535479 0.039648686144901288 0.00016180319301171866 0.014386294117614308 -0.0020676300564747706 -0.0009930214791851787
leaf_weight=9096.8122734036297 3165.9548259153962 561.61582065746188 7255.0735886618495 117714.40481878072 105822.48977668583 2602.6662605702877 22585.446205846965 9943.890394359827 241825.1078514494 1212.4381299242377 164.01983679831028 941.99514367803931 821.6428080573678 7169.4893636181951 42573.486347600818
leaf_count=138544 51896 7220 58540 618277 523249 18873 149584 64064 1593301 6407 1163 8396 3964 48203 200081
internal_value=-4.09281e-06 -0.00482033 8.8043e-05 0.000199348 -0.000136279 -0.000698333 0.000701147 -0.00344219 -0.000596747 -0.0074127 -0.00374991 0.00601763 0.0031142 -0.00420506 0.000320527
internal_weight=573457 10764.4 562692 545493 427779 255976 171803 17199 252161 3815.1 10202.8 1106.01 23407.1 10335.4 148396
internal_count=3491762 155323 3336439 3213835 2595558 1718680 876878 122604 1693400 25280 148103 9559 153548 100099 723330
is_linear=0
shrinkage=0.0206149


Tree=202
num_leaves=16
num_cat=0
split_feature=0 22 18 22 23 0 16 12 23 18 22 23 24 5 0
split_gain=604.423 484.292 468.209 414.148 367.884 312.582 456.8 299.307 279.385 248.645 217.647 197.751 175.396 247.746 164.038
threshold=9.5000000000000018 1.28445790668463 1.0363756236763753 0.040684701404504774 4.2967662464852454 1.5000000000000002 18.500000000000004 1.0000000180025095e-35 0.59980807237670752 2.0690474761791484 2.2096224505731512 0.98476789147101107 11.500000000000002 6.5000000000000009 3.5000000000000004
decision_type=2 2 2 2 2 2 2 2 2 2 2 2 2 2 2
left_child=1 2 -1 9 5 7 11 12 -2 -4 -3 -7 -5 -14 -8
right_child=8 10 3 4 -6 6 14 -9 -10 -11 -12 -13 13 -15 -16
leaf_value=0.005224172505927935 -0.013122105766228484 -0.001216020297729314 -0.01346319131470183 -0.00053380232134659061 0.0014502899136278385 -0.0026369873273150162 -0.004903171743400131 0.0018936686660112148 -0.0032842361123154805 -0.0028226103127521507 -0.0070582796774367887 -0.00021615220529653604 0.000550300245139851 0.0059923415721771919 -0.014046929898254804
leaf_weight=8232.0296431779861 1360.892914801836 71501.417042706162 1049.5139380916953 86596.87566100806 101465.21882462502 16199.595370899886 3114.009794741869 52601.50061494112 12447.171545596793 8426.7401996813715 2816.6397652290761 124920.43104557693 77338.711466133595 3726.3261442705989 1138.6691354587674
leaf_count=88065 29003 429097 8009 449043 512683 139690 13583 251757 191537 111837 22766 856240 355200 21307 9618
internal_value=6.9277e-06 0.00011215 0.000349692 0.000265494 0.000352052 4.7287e-05 -0.000694651 0.000536962 -0.00425384 -0.00400108 -0.00143744 -0.000494047 0.000111315 0.000800455 -0.00735144
internal_weight=572936 559128 484810 476578 467101 365636 145373 220263 13808.1 9476.25 74318.1 141120 167662 81065 4252.68
internal_count=3489435 3268895 2817032 2728967 2609121 2096438 1019131 1077307 220540 119846 451863 995930 825550 376507 23201
is_linear=0
shrinkage=0.0206149


Tree=203
num_leaves=16
num_cat=0
split_feature=18 10 22 23 1 21 21 21 21 22 21 21 0 9 21
split_gain=583.99 444.668 437.192 442.537 356.299 306.525 338.902 304.823 384.75 298.157 342.781 306.614 378.419 264.337 245.896
threshold=6.9999979583339416 11.500000000000002 1.4393531641324226 4.2967662464852454 2.5000000000000004 5.0180116144158413 8.2174596567307692 4.185652929013421 4.2426061441409439 0.040684701404504774 6.3240932972108643 9.2144797882848355 1.5000000000000002 0.033996666666666675 5.471224972653717
decision_type=2 2 2 2 2 2 2 2 2 2 2 2 2 2 2
left_child=1 2 3 4 9 -3 -7 -4 -9 10 -1 13 -13 14 -11
right_child=-2 5 7 -5 -6 6 -8 8 -10 11 -12 12 -14 -15 -16
leaf_value=-0.0033969759211545628 -0.0034543849700223142 0.00035709002064583488 -0.0047220374586695538 0.0016403804953783576 0.0018326391792797051 -0.0038387188521236616 0.0028440244526821887 0.014048244561320049 -0.0010773624417508123 -0.00028666263031997018 -0.023920991519433735 -0.00034143483627436025 -0.011056878041569419 -0.001306089290873744 0.00098406690259803323
leaf_weight=5745.0936108510941 20228.129668561742 18025.612019553781 11451.573023416102 104005.11247219145 45133.609149932861 26797.510351970792 3666.183440271765 740.40277871489525 20574.44368506968 135922.43766576424 367.97218598611653 3414.8058593124151 2374.5168876089156 50926.512958116829 123530.17692085728
leaf_count=77361 281010 123137 78946 547717 261739 153958 23611 4903 116885 857462 5058 16861 16940 229756 695159
internal_value=-1.40577e-05 0.000111859 0.000293198 0.000453239 0.000117192 -0.00177368 -0.00303448 -0.00200936 -0.000551952 -0.000123046 -0.00463241 -3.5858e-05 -0.00473642 5.18189e-05 0.000318355
internal_weight=572904 552676 504187 471420 367415 48489.3 30463.7 32766.4 21314.8 322282 6113.07 316168 5789.32 310379 259453
internal_count=3490503 3209493 2908787 2708053 2160336 300706 177569 200734 121788 1898597 82419 1816178 33801 1782377 1552621
is_linear=0
shrinkage=0.0206149


Tree=204
num_leaves=16
num_cat=0
split_feature=24 10 22 1 21 21 21 26 21 22 10 10 10 17 24
split_gain=592.711 421.375 397.968 435.678 443.27 390.898 343.413 306.78 280.367 276.206 275.498 274.061 622.507 306.653 268.525
threshold=5.5000000000000009 11.500000000000002 1.338999309490952 2.5000000000000004 9.4455548799437086 10.165688380836885 4.4774244483293097 0.15973877583050375 8.2174596567307692 1.0000000180025095e-35 1.5000000000000002 3.5000000000000004 2.5000000000000004 22.500000000000004 8.5000000000000018
decision_type=2 2 2 2 2 2 2 2 2 2 2 2 2 2 2
left_child=-1 2 3 7 -5 10 14 9 -8 -2 -4 12 13 -11 -3
right_child=1 6 5 4 -6 -7 8 -9 -10 11 -12 -13 -14 -15 -16
leaf_value=-0.0022042898347836301 -0.0085255149381988932 -0.0026250660990297255 -0.0070176163139220636 0.0016338644458568138 0.0075940365825563627 -0.029548365261587228 -0.0032721286396402249 0.0021508829222721083 0.0027524398043413919 -0.0016898722067172989 -0.00086409991984478542 -0.00014588350219872152 0.0034350642254655276 0.0018545390714925787 0.00416506820722493
leaf_weight=47526.729507761076 1559.6549108698964 3987.6757019814104 3333.5705980323255 51436.760550476611 5912.4225867167115 209.27672079578042 31883.260548140854 35219.777811078355 3659.5259246639907 27179.19758246839 42658.852719273418 262816.71746803448 32220.356894183904 16776.343275927007 6525.0563748218119
leaf_count=514518 21151 31265 20345 271805 64722 1204 185787 168144 23541 156618 244593 1494356 168151 86000 39012
internal_value=3.00531e-07 0.000199732 0.000380702 0.000574707 0.00224833 -0.00143802 -0.00168371 0.000319284 -0.00265183 0.000129861 -0.00131011 0.000169683 0.00125843 -0.00033709 0.00158944
internal_weight=572905 525378 479323 433121 57349.2 46201.7 46055.5 375772 35542.8 340552 45992.4 338993 76175.9 43955.5 10512.7
internal_count=3491212 2976694 2697089 2430947 336527 266142 279605 2094420 209328 1926276 264938 1905125 410769 242618 70277
is_linear=0
shrinkage=0.0206149


Tree=205
num_leaves=16
num_cat=0
split_feature=22 23 21 3 22 9 21 17 21 21 21 23 8 5 24
split_gain=560.224 471.108 449.896 367.623 344.052 285.695 282.215 274.805 245.4 664.577 208.702 193.603 213.656 191.541 189.675
threshold=1.0000000180025095e-35 2.7960288739116739 7.9540999683346358 1.5000000000000002 1.6312258488921307 0.0081916666666666683 5.9818583011166453 23.500000000000004 4.042007623831303 4.085577326145029 3.4589410251358736 0.56816202062884391 0.013567247625712993 6.5000000000000009 2.5000000000000004
decision_type=2 2 2 2 2 2 2 2 2 2 2 2 2 2 2
left_child=6 3 4 11 7 -4 8 -3 10 -10 14 -2 -13 -7 -1
right_child=1 2 5 -5 -6 13 -8 -9 9 -11 -12 12 -14 -15 -16
leaf_value=-0.011202612961346716 -0.0078366630821647253 1.3195589192919766e-05 -0.0029833752211237334 -0.000325209657944673 -0.0034773091154136591 0.0036476289623955872 -0.023093147697386962 0.0013880446778760734 0.078989976514880655 0.00025147413967457731 -0.014995441523999519 -0.00052965063401411063 -0.0044525346110591713 0.018029758704786038 -0.00099562203869561577
leaf_weight=1209.324012376368 2967.9857301041484 176221.63858902827 2880.5294024124742 232009.20215927064 9592.6196005083621 23600.618396446109 397.27287573926151 95140.791663583368 47.677079735323787 1023.2772604227066 1106.6099094096571 13416.300065018237 10531.860244158655 400.20274636149406 2147.9033958744258
leaf_count=32574 48688 950513 16228 1341527 63421 145388 7045 500080 657 15654 19364 172473 134518 1920 40670
internal_value=-7.69106e-06 5.82723e-05 0.000603362 -0.000589785 0.00035959 0.00315119 -0.00630997 0.000495223 -0.00510531 0.00375678 -0.00723149 -0.00287034 -0.00225485 0.00388744 -0.00467233
internal_weight=572694 566762 307836 258925 280955 26881.4 5932.06 271362 5534.79 1070.95 4463.84 26916.1 23948.2 24000.8 3357.23
internal_count=3490720 3374756 1677550 1697206 1514014 163536 115964 1450593 108919 16311 92608 355679 306991 147308 73244
is_linear=0
shrinkage=0.0206149


Tree=206
num_leaves=16
num_cat=0
split_feature=18 10 21 23 17 10 23 10 15 21 10 10 10 21 21
split_gain=529.68 408.243 447.688 378.559 327.883 293.384 370.564 320.714 313.731 285.451 269.04 517.888 389.965 440.392 423.219
threshold=6.9999979583339416 10.500000000000002 5.471224972653717 2.2391204743999018 20.500000000000004 6.5000000000000009 2.293365257297483 1.5000000000000002 16.500000000000004 5.0180116144158413 5.5000000000000009 3.5000000000000004 2.5000000000000004 5.4437584622585851 4.5220426205638962
decision_type=2 2 2 2 2 2 2 2 2 2 2 2 2 2 2
left_child=1 2 10 9 -5 7 -7 -4 -8 -3 11 12 -1 14 -14
right_child=-2 3 5 4 -6 6 8 -9 -10 -11 -12 -13 13 -15 -16
leaf_value=-0.0012802552899708051 -0.0033048629595384561 -0.00030808151602859993 -0.0013985499074937475 -0.0023246140523162885 0.00077096770448078556 -0.0015292067285981191 0.00043130662694158519 0.0018754965337235499 0.0042592037010221488 -0.0044398040048080319 0.00030688988448763062 -0.0028867684038514714 1.6145328922296584e-05 -0.032774027457688197 0.0061608816868010943
leaf_weight=28428.083007629961 20119.81825096719 10969.114861072972 14104.198072129861 21494.023133814335 44951.414488703012 37411.2741910927 61144.112474570051 129073.38089353591 10689.884430266917 20177.864922001958 112859.06297218613 41664.938488259912 10571.680393034592 149.16185885667801 8669.9941040128469
leaf_count=175393 280914 84938 77368 129817 250445 227456 297872 678384 67286 133902 717845 256819 64098 818 47368
internal_value=-1.93261e-05 0.000100351 0.000359974 -0.00110945 -0.000230403 0.000939075 0.000134493 0.00155298 0.00100095 -0.00298472 -0.000362454 -0.00120665 0.000257255 0.00251133 0.00278487
internal_weight=572478 552358 454766 97592.4 66445.4 252423 109245 143178 71834 31147 202343 89483.9 47818.9 19390.8 19241.7
internal_count=3490723 3209809 2610707 599102 380262 1348366 592614 755752 365158 218840 1262341 544496 287677 112284 111466
is_linear=0
shrinkage=0.0206149


Tree=207
num_leaves=16
num_cat=0
split_feature=22 23 21 10 0 10 23 22 21 0 5 16 21 21 21
split_gain=542.429 458.84 475.097 434.436 414.736 414.472 309.44 295.346 278.125 277.75 387.432 343.932 293.975 263.803 556.245
threshold=1.0000000180025095e-35 1.2835357795323079 5.471224972653717 4.5000000000000009 6.5000000000000009 1.5000000000000002 5.441096092289925 1.6312258488921307 5.9818583011166453 2.5000000000000004 6.5000000000000009 19.500000000000004 7.9721794323999591 4.042007623831303 4.085577326145029
decision_type=2 2 2 2 2 2 2 2 2 2 2 2 2 2 2
left_child=8 4 7 5 -2 -4 9 -3 13 10 -5 -11 -12 -1 -15
right_child=1 2 3 6 -6 -7 -8 -9 -10 11 12 -13 -14 14 -16
leaf_value=-0.007243546408688269 -0.00089452332466402986 -0.00023441974968656885 -0.0012751766305833473 0.00023390795129526519 -0.0056848597893984412 0.0028427966699536059 0.003388671022913957 -0.0036086364903714658 -0.023066116511228488 -0.0011672176117954976 0.0036397540408870249 -0.01183137251364483 0.017959441282074443 0.07009705781743461 0.00080357046433092785
leaf_weight=4448.6685768403113 63654.826148957014 216121.52443750575 12375.299337022007 135166.40967056155 8734.6448880694807 64648.787631295621 13204.842554926872 11616.751847695559 388.94646086543798 31003.596274808049 8014.7548917979002 1340.8137906007469 659.3880932033062 51.72391590103507 1021.635095179081
leaf_count=92827 390500 1353265 66510 650772 134457 333945 65045 85767 7012 231095 50847 9416 3405 685 15684
internal_value=-4.54242e-06 6.02756e-05 0.00028482 0.000875812 -0.00147253 0.00218117 0.000344927 -0.000406536 -0.00621708 0.000116803 0.000504937 -0.00160929 0.0047283 -0.00503031 0.00414274
internal_weight=572453 566542 494152 266414 72389.5 77024.1 189390 227738 5910.97 176185 143841 32344.4 8674.14 5522.03 1073.36
internal_count=3491232 3375024 2850067 1411035 524957 400455 1010580 1439032 116208 945535 705024 240511 54252 109196 16369
is_linear=0
shrinkage=0.0206149


Tree=208
num_leaves=16
num_cat=0
split_feature=23 18 22 22 2 18 23 23 26 12 22 9 8 9 23
split_gain=517.28 449.978 445.145 323.357 295.961 366.008 307.138 230.476 229.204 196.316 176.934 226.543 254.422 261.668 159.893
threshold=2.3796303120642137 1.0363756236763753 0.040684701404504774 1.6312258488921307 1.0000000180025095e-35 2.1602561468606551 0.56816202062884391 5.7709751714452286 0.0032126784929897446 1.0000000180025095e-35 0.20169008034006117 0.028401666666666672 0.16356096728780656 0.11334833333333334 2.0080411986597277
decision_type=2 2 2 2 2 2 2 2 2 2 2 2 2 2 2
left_child=2 -2 -1 7 5 -4 -7 9 -8 10 -3 -12 -13 -14 -6
right_child=1 3 4 -5 14 6 8 -9 -10 -11 11 12 13 -15 -16
leaf_value=-0.0085618678695332049 0.006161759698574072 -0.002464895860218409 -0.012142349939628224 -0.0030175083761926512 -0.00010745832104859622 -0.0083114408468002807 0.002509495885413545 0.0024202381919430941 -0.0025430893924302347 0.0012509880733092133 0.00065402261354444678 -0.0017928782226352823 0.0028328554589958851 -0.00049517259649454483 -0.0016502446074771449
leaf_weight=3154.1732984147966 5725.00629542768 11409.3201639615 1680.875314604491 11816.915215987712 131206.83569860458 3019.4251130968332 5112.6481034420431 23536.712094208226 15039.334367193282 73561.018130453303 153267.81434439868 43389.96689850837 13336.691907040775 40618.411813139915 36487.258220151067
leaf_count=53241 62855 120621 20220 79086 760893 51661 64923 121790 195693 382368 914164 202524 63032 191741 207218
internal_value=-2.03367e-05 0.000426376 -0.000880118 0.000337857 -0.00075428 -0.00285373 -0.00217993 0.000448266 -0.00126123 0.000309958 4.57698e-05 0.00016007 -0.000617649 0.000327454 -0.000443141
internal_weight=572362 376662 195701 370937 192546 24852.3 23171.4 359120 20152 335583 262022 250613 97345.1 53955.1 167694
internal_count=3492030 2138181 1353849 2075326 1300608 332497 312277 1996240 260616 1874450 1492082 1371461 457297 254773 968111
is_linear=0
shrinkage=0.0206149


Tree=209
num_leaves=16
num_cat=0
split_feature=0 24 0 5 23 8 18 12 23 23 8 16 23 19 23
split_gain=523.547 418.094 377.591 402.722 375.078 279.716 268.601 263.784 252.349 229.019 212.746 194.599 176.271 138.459 134.59
threshold=9.5000000000000018 11.500000000000002 1.0000000180025095e-35 5.5000000000000009 2.6209397235558338 0.035052283633743554 1.0465367478331578 1.0000000180025095e-35 0.59980807237670752 4.270256688127831 0.019929994187085066 20.500000000000004 1.5861051412827256 1.333328061131956 1.5861051412827256
decision_type=2 2 2 2 2 2 2 2 2 2 2 2 2 2 2
left_child=1 7 3 6 5 -4 -3 9 -2 10 12 -7 -1 -10 -12
right_child=8 2 4 -5 -6 11 -8 -9 13 -11 14 -13 -14 -15 -16
leaf_value=-0.0014483172566524347 -0.012602820678446777 0.004559427660693601 -0.00035273299923728154 0.0063389915635057182 0.00097093591381297009 -0.0029745752047029696 0.00095091493450789291 0.00078981837273535969 -0.0049465441495215893 0.00039513953927784555 -0.0043812558311369203 -0.010240048216858757 0.00024885726470464048 -0.00052195510257143751 -0.0014759920613806321
leaf_weight=41205.940084243193 1313.7350591402501 9605.0180938094854 27982.666923578829 7078.3743764236569 55225.478332132101 13864.666899390519 100380.47430140525 66337.370253734291 7201.1127876099199 66629.506968801841 7323.4786887895316 1766.2348342239857 70507.594912808388 5158.8652361799031 90720.440072603524
leaf_count=314203 28958 101794 160615 35525 260736 81235 473689 372299 116780 374142 55632 9472 477382 75226 554644
internal_value=-2.74867e-05 7.00635e-05 0.000780622 0.00157279 -0.000157608 -0.00158662 0.00126605 -0.000377561 -0.00401282 -0.000657751 -0.000992201 -0.00379555 -0.000377152 -0.00309979 -0.001693
internal_weight=572301 558627 215903 117064 98839 43613.6 109985 342724 13673.7 276387 209757 15630.9 111714 12360 98043.9
internal_count=3492332 3271368 1123066 611008 512058 251322 575483 2148302 220964 1776003 1401861 90707 791585 192006 610276
is_linear=0
shrinkage=0.0206149


Tree=210
num_leaves=16
num_cat=0
split_feature=0 10 21 17 23 10 23 17 10 10 5 21 21 24 21
split_gain=504.865 435.325 439.132 347.048 325.062 307.2 359.822 422.065 284.939 284.387 259.712 257.91 349.443 323.23 273.229
threshold=10.500000000000002 11.500000000000002 5.471224972653717 28.500000000000004 4.7410666616344299 6.5000000000000009 2.293365257297483 30.500000000000004 1.5000000000000002 8.5000000000000018 5.5000000000000009 5.0180116144158413 8.2174596567307692 8.5000000000000018 5.1531358940652039
decision_type=2 2 2 2 2 2 2 2 2 2 2 2 2 2 2
left_child=1 2 3 -1 5 8 -7 -8 -4 -5 -10 13 14 -3 -13
right_child=-2 11 4 9 -6 6 7 -9 10 -11 -12 12 -14 -15 -16
leaf_value=-0.00072715516718776727 -0.0053315585632850576 -0.0028852209008354691 -0.0017525741129474576 -0.0015483381728303911 0.0025030241570913078 -0.0016486548136978984 -1.588022734493503e-05 0.0043326227913119703 0.0011059670251130512 0.0028704809651204778 0.0037802863449167808 -0.0120329537953647 0.0030534850713886739 0.0025171718499474426 -0.0032353963068582139
leaf_weight=203896.15635512024 7477.633001068607 8503.2224340774119 12291.664527118206 8613.4897597897798 40268.846936073154 46993.558799112216 59344.190515950322 11290.125016186386 91571.781093478203 21994.459161387756 18560.030712226406 1593.9570542089641 3635.7412752062082 10540.893005475402 25518.971248233691
leaf_count=1338730 128753 75891 69012 52447 199415 290738 306883 58263 447940 142003 138556 10879 23352 61200 147701
internal_value=-1.01198e-05 6.03558e-05 0.000238374 -0.000419891 0.00078905 0.00050153 -0.000250814 0.000679181 0.0012244 0.00162697 0.00155666 -0.00178023 -0.00294785 0.000104996 -0.0037526
internal_weight=572095 564617 514824 234504 280320 240051 117628 70634.3 122423 30607.9 110132 49792.8 30748.7 19044.1 27112.9
internal_count=3491763 3363010 3043987 1533180 1510807 1311392 655884 365146 655508 194450 586496 319023 181932 137091 158580
is_linear=0
shrinkage=0.0206149


Tree=211
num_leaves=16
num_cat=0
split_feature=0 10 10 17 23 21 21 10 17 10 10 10 9 0 8
split_gain=494.822 430.147 885.148 525.071 441.112 383.251 357.479 320.682 317.997 361.823 284.594 311.955 276.426 275.411 487.103
threshold=10.500000000000002 3.5000000000000004 2.5000000000000004 22.500000000000004 2.4346578311628386 4.5220426205638962 8.498279917078472 1.5000000000000002 28.500000000000004 11.500000000000002 8.5000000000000018 7.5000000000000009 0.0086550000000000012 1.5000000000000002 0.016199993250002927
decision_type=2 2 2 2 2 2 2 2 2 2 2 2 2 2 2
left_child=1 2 3 7 13 -4 8 -1 -6 10 11 -10 -8 -3 -15
right_child=-2 4 5 -5 6 -7 12 -9 9 -11 -12 -13 -14 14 -16
leaf_value=-0.0039692053019526451 -0.0052792252310675239 -0.00036028425815687153 0.00010384125577080229 0.0020513294336410234 -0.00023072465221929839 0.0045180230753543854 -0.005597107246255591 -0.00024063578533457767 0.0036536210885708925 -0.0019411657263648427 0.0034632699694503171 -0.0026723101750379076 0.0045203698843694143 -0.00069785946488904718 -0.0043303280754315217
leaf_weight=16462.867391614243 7436.306401707232 94135.699935331941 11058.072423161939 24905.907557848841 225543.39862860367 34243.415203671902 1267.856531560421 24231.477758958936 5561.8573036529124 10348.938443835825 30186.721210548654 8192.9053785689175 12100.70780646801 40789.72284299694 25493.684951549396
leaf_count=107532 128661 495421 69830 136061 1258231 182126 7770 140241 28431 58856 162448 42549 86608 368374 218213
internal_value=3.82569e-06 7.34178e-05 0.00122429 -0.000306176 -0.000207948 0.00344052 0.000267555 -0.00174903 0.000110224 0.00152665 0.00234338 -0.000114365 0.00356084 -0.00107704 -0.00209497
internal_weight=571960 564523 110902 65600.3 453621 45301.5 293202 40694.3 279834 54290.4 43941.5 13754.8 13368.6 160419 66283.4
internal_count=3491352 3362691 635790 383834 2726901 251956 1644893 247773 1550515 292284 233428 70980 94378 1082008 586587
is_linear=0
shrinkage=0.0206149


Tree=212
num_leaves=16
num_cat=0
split_feature=22 10 22 21 21 21 6 21 5 21 22 17 21 21 21
split_gain=500.6 412.68 462.927 331.744 512.552 327.985 321.127 538.837 329.816 309.341 676.947 299.217 376.312 387.787 387.501
threshold=1.0000000180025095e-35 10.500000000000002 1.4393531641324226 4.185652929013421 4.2426061441409439 5.471224972653717 1.0000000180025095e-35 9.5532169979213961 6.5000000000000009 9.5532169979213961 1.401039533391889 20.500000000000004 5.0180116144158413 4.8374022697301653 5.1531358940652039
decision_type=2 2 2 2 2 2 2 2 2 2 2 2 2 2 2
left_child=-1 2 5 -4 -5 -2 7 -7 9 -8 -11 -3 13 -13 -14
right_child=1 11 3 4 -6 6 8 -9 -10 10 -12 12 14 -15 -16
leaf_value=-0.0059972135280032552 -0.00013791596811409002 -0.0027110978281969199 -0.0049114548847658309 0.016517274387127578 -0.0011333263570199622 0.00047069264921052631 0.0012729269992734751 -0.009838630918598679 0.0064269705211949454 0.0070792892540768081 -0.048953236356209684 0.00096927229027263858 -0.010594868997538143 0.010505457629813739 -0.0010513770234403703
leaf_weight=5832.925227465108 189221.58781797066 33643.087225265801 11289.185341283679 725.11690238490701 19536.204113360494 126418.47498879209 104330.78647058457 2191.9163020532578 6172.4618680924177 5679.5158120542765 93.132009923458099 21541.498205505311 1890.8743161484599 1978.6489259935915 41297.893795128912
leaf_count=115993 1207446 228100 84411 5037 115423 717586 501539 13827 34951 59906 504 146001 12355 12284 236129
internal_value=1.11523e-05 7.30705e-05 0.000331478 -0.00207953 -0.000501643 0.000506707 0.0010048 0.00029499 0.00178991 0.00152995 0.0061753 -0.001126 -0.000326599 0.00177151 -0.00146921
internal_weight=571843 566010 465658 31550.5 20261.3 434108 244886 128610 116276 110103 5772.65 100352 66708.9 23520.1 43188.8
internal_count=3491492 3375499 2740630 204871 120460 2535759 1328313 731413 596900 561949 60410 634869 406769 158285 248484
is_linear=0
shrinkage=0.0206149


Tree=213
num_leaves=16
num_cat=0
split_feature=24 10 17 0 21 10 10 17 21 26 26 21 24 21 10
split_gain=468.261 330.776 325.377 376.909 312.527 289.467 760.372 509.792 375.615 264.762 263.228 261.539 239.028 246.491 224.21
threshold=5.5000000000000009 11.500000000000002 30.500000000000004 3.5000000000000004 4.4774244483293097 3.5000000000000004 2.5000000000000004 22.500000000000004 4.5220426205638962 0.17322368780859002 0.0037425970197219583 8.2174596567307692 8.5000000000000018 4.324701101614731 1.5000000000000002
decision_type=2 2 2 2 2 2 2 2 2 2 2 2 2 2 2
left_child=-1 2 5 10 12 6 7 14 -8 -7 -4 -6 13 -3 -2
right_child=1 4 3 -5 11 9 8 -9 -10 -11 -12 -13 -14 -15 -16
leaf_value=-0.0019831880946153311 -0.0038229315824122099 -0.0044602348036407499 -0.00224418619508888 -0.0030527430418727818 -0.003037848548468048 -0.00029687194659684988 -0.00044056595147013577 0.0020014142657951415 0.0042591237575275416 0.0017367452173970455 0.0038321934709589448 0.0028118586319709851 0.0040227010435924205 0.010351644834403593 -0.00055758325335556705
leaf_weight=47168.05129150115 14793.749036490917 3411.9341974332929 3426.9417733848095 4886.0426105223596 31739.981373781338 310783.03489871696 9226.5620370749384 23969.107106843963 33350.371212841943 29817.109636941925 26138.556120242923 3618.3798488341272 6560.1465425938368 555.1525215767324 22569.824286336079
leaf_count=514792 91203 27207 18291 43475 185724 1787705 52390 127477 175340 148067 129635 23420 39182 4120 125461
internal_value=-1.56951e-05 0.000161124 0.000321308 0.00225132 -0.0015109 0.000171723 0.00112416 -0.000345133 0.00324069 -0.000118843 0.00312788 -0.00243922 0.00160709 -0.00238747 -0.00185047
internal_weight=572015 524847 478961 34451.5 45885.6 444510 103910 61332.7 42576.9 340600 29565.5 35358.4 10527.2 3967.09 37363.6
internal_count=3493489 2978697 2699044 191401 279653 2507643 571871 344141 227730 1935772 147926 209144 70509 31327 216664
is_linear=0
shrinkage=0.0206149


Tree=214
num_leaves=16
num_cat=0
split_feature=22 21 22 14 21 21 10 21 22 21 22 8 10 17 22
split_gain=475.648 525.505 399.322 502.031 266.982 495.577 250.756 251.741 277.408 267.091 250.451 243.844 248.366 270.976 256.882
threshold=0.040684701404504774 6.3240932972108643 1.0826891910149083 1.0000000180025095e-35 5.06609301932217 5.1531358940652039 10.500000000000002 4.9722401756425851 0.83526807164390449 4.5403016220041019 2.2096224505731512 2.057913047509301 3.5000000000000004 28.500000000000004 0.74308273868693753
decision_type=2 2 2 2 2 2 2 2 2 2 2 2 2 2 2
left_child=1 4 3 6 -1 -6 7 8 -2 -10 -4 12 -5 14 -14
right_child=2 -3 10 11 5 -7 -8 -9 9 -11 -12 -13 13 -15 -16
leaf_value=-0.0044549182046567165 -0.0021276318023284151 -0.024273633112068864 -0.00061661040207478879 0.002258739610251379 0.03904921746319593 0.00047626894684995138 -0.0019644946782561737 0.00078069264361844189 0.0023150300632701726 -0.0028066154289063511 -0.0067595141356182791 0.0046936017292125752 -0.0011672852892616026 0.0020947058400482229 0.00081648850472858529
leaf_weight=8841.9765746891499 35740.423336498439 532.8590189460665 170657.75303366967 50110.382094807923 166.655846927315 939.57672652043402 33635.240347888321 78548.216387502849 15122.661718904972 6061.57140500471 2867.9638907834888 7844.5012890398502 42852.491340138018 38851.575824733824 78660.988875433803
leaf_count=138285 263129 7273 1021367 264904 1158 8430 230855 459077 104006 39411 24259 51744 238885 212027 426295
internal_value=2.24138e-05 -0.0043287 0.000103712 0.000471811 -0.00326039 0.00628735 -0.000371359 2.41854e-05 -0.00101969 0.000849543 -0.000718138 0.00112492 0.000991914 0.000596061 0.000116898
internal_weight=571435 10481.1 560954 387428 9948.21 1106.23 169108 135473 56924.7 21184.2 173526 218320 210475 160365 121513
internal_count=3491105 155146 3335959 2290333 147873 9588 1096478 865623 406546 143417 1045626 1193855 1142111 877207 665180
is_linear=0
shrinkage=0.0206149


Tree=215
num_leaves=16
num_cat=0
split_feature=0 10 21 22 22 21 22 21 21 22 21 22 10 10 10
split_gain=468.202 377.769 436.07 371.097 297.098 468.284 266.2 350.425 394.028 320.535 295.242 354.065 254.457 526.476 397.029
threshold=10.500000000000002 10.500000000000002 5.471224972653717 1.0826891910149083 0.06081292421828445 6.3240932972108643 0.41940530016134797 5.0180116144158413 5.1531358940652039 1.7432476229411489 4.8586378000408255 0.79005541990011885 5.5000000000000009 3.5000000000000004 1.5000000000000002
decision_type=2 2 2 2 2 2 2 2 2 2 2 2 2 2 2
left_child=1 2 12 4 5 -4 -3 9 -9 10 -8 -12 13 14 -1
right_child=-2 6 3 -5 -6 -7 7 8 -10 -11 11 -13 -14 -15 -16
leaf_value=-0.0029875725985389215 -0.0051450518701649725 -0.0050190912279804182 0.00099923753469810745 -0.00036746586396062031 0.0014590251207309828 -0.025144008766871229 0.00081150185232650371 -0.0093222859805406275 -0.0013573744312164022 -0.0077524954153228853 0.019168748093657498 0.0026086804009580081 0.00026518528127048285 -0.002850130145071521 0.0013138349701856773
leaf_weight=12047.774317257106 7393.969507496804 6771.961617520079 791.60445811785758 70829.882090844214 181642.6918489933 460.59029927663505 28967.309995505959 2766.7926077768207 57384.316761657596 1718.4612373933196 834.79755043238401 1600.8779372796416 117873.34914754517 42939.816929869354 37517.153173798695
leaf_count=83387 128807 61330 6207 372125 977735 5598 193669 18615 330426 14516 5143 9731 784327 273764 226627
internal_value=8.78701e-06 7.63355e-05 0.000324013 0.000899414 0.00139004 -0.00861694 -0.00107263 -0.000786104 -0.00172374 0.000916713 0.00139112 0.00828444 -0.000369944 -0.00117925 0.000268289
internal_weight=571541 564147 464103 253725 182895 1252.19 100045 93272.6 60151.1 33121.4 31403 2435.68 210378 92504.7 49564.9
internal_count=3492007 3363200 2729770 1361665 989540 11805 633430 572100 349041 223059 208543 14874 1368105 583778 310014
is_linear=0
shrinkage=0.0206149


Tree=216
num_leaves=16
num_cat=0
split_feature=18 10 22 21 21 0 18 10 10 22 21 21 22 22 10
split_gain=454.959 364.706 403.531 292.069 461.566 291.003 272.245 280.057 561.415 272.263 290.982 866.594 263.42 300.423 247.57
threshold=7.9999976666673618 10.500000000000002 1.4393531641324226 4.185652929013421 4.2426061441409439 4.5000000000000009 0.999999969223486 1.5000000000000002 3.5000000000000004 0.34783206826393503 7.0978331722289569 8.498279917078472 0.51652621535039245 0.040684701404504774 4.5000000000000009
decision_type=2 2 2 2 2 2 2 2 2 2 2 2 2 2 2
left_child=1 2 6 -4 -5 -3 -1 12 -9 10 -10 14 13 -8 -12
right_child=-2 5 3 4 -6 -7 7 8 9 -11 11 -13 -14 -15 -16
leaf_value=0.0047643128063988042 -0.0039521717823746408 -0.00060784805423852179 -0.0047112325310698427 0.015833814924400891 -0.0010821062267150968 -0.0039325009817253549 -0.013595394981187302 0.0021264332188889712 -0.0015772768192339882 0.0003339772942151839 -0.0071484130291123438 0.016104557964916191 -0.002541242614865576 0.0068129635169463607 -0.031553085344206151
leaf_weight=6275.5806424766779 12050.912771517411 85698.27372257784 10624.928904999048 710.96171916648746 19136.094469621778 12868.387301206589 351.01967433467507 78839.674569284543 17483.065522922203 303049.38411683962 259.90271916985512 324.94690122455359 20786.677117064595 2418.7314547747374 551.4730022996664
leaf_count=69972 182051 470439 75657 4700 109992 145890 5209 428153 163817 1693140 1369 1655 121138 15559 3256
internal_value=1.08655e-05 9.62426e-05 0.000339688 -0.00195283 -0.000476144 -0.0010419 0.000502019 0.000438943 0.000567423 0.000185317 -0.00223429 -0.0123428 -0.00174549 0.00422655 -0.0237357
internal_weight=571430 559379 460812 30472 19847.1 98566.7 430340 424065 400508 321669 18619.4 1136.32 23556.4 2769.75 811.376
internal_count=3491997 3309946 2693617 190349 114692 616329 2503268 2433296 2291390 1863237 170097 6280 141906 20768 4625
is_linear=0
shrinkage=0.0206149


Tree=217
num_leaves=16
num_cat=0
split_feature=22 23 7 21 21 10 24 21 9 21 21 0 21 9 5
split_gain=453.443 398.293 388.144 379.494 322.334 305.574 280.907 269.045 268.501 261.416 479.853 259.196 238.734 408.917 232.139
threshold=1.0000000180025095e-35 4.270256688127831 1.0000000180025095e-35 9.2144797882848355 8.1572970185175127 10.500000000000002 5.5000000000000009 5.9818583011166453 0.018201666666666672 4.042007623831303 4.085577326145029 1.5000000000000002 6.6156419086800691 0.2329866666666667 5.5000000000000009
decision_type=2 2 2 2 2 2 2 2 2 2 2 2 2 2 2
left_child=7 2 3 5 8 6 -2 9 -4 -1 -11 -5 13 -3 -6
right_child=1 12 4 11 14 -7 -8 -9 -10 10 -12 -13 -14 -15 -16
leaf_value=-0.0068645897155979567 -0.0024950206873519246 0.0010716570180689699 0.00090579257368428551 0.00065423188442242247 0.0023699986001750853 -0.0021472412500884498 -5.5150315290997763e-05 -0.022971332443802447 -0.00084596134325798898 0.065925582492691676 0.0014277265548752794 -0.010967404770318157 0.0025462453908717325 -0.0029764756786829901 0.013296150921858997
leaf_weight=4314.0626002810895 22407.090127807111 79018.596729438752 88345.02545209229 1199.2125164568424 22423.180880054832 47025.943850774318 190917.83306635916 362.06056752800941 64210.761796757579 51.527991477400064 1007.4191590026021 2549.2310518939048 34274.241296581924 12248.155946657062 857.99215979874134
leaf_count=92529 239630 434144 447689 6340 149612 350519 1188034 6916 303608 653 15680 18838 176093 57099 4112
internal_value=-3.38358e-06 5.51096e-05 -0.000237152 -0.000736788 0.000513279 -0.000643022 -0.000311428 -0.0057708 0.000168479 -0.00461174 0.00456617 -0.00724938 0.00107929 0.000528391 0.00277267
internal_weight=571212 565477 439936 264099 175837 260351 213325 5735.07 152556 5373.01 1058.95 3748.44 125541 91266.8 23281.2
internal_count=3491496 3375718 2708382 1803361 905021 1778183 1427664 115778 751297 108862 16333 25178 667336 491243 153724
is_linear=0
shrinkage=0.0206149


Tree=218
num_leaves=16
num_cat=0
split_feature=0 22 10 23 21 7 17 21 21 21 23 21 21 21 8
split_gain=445.966 359.767 337.789 322.468 310.626 299.87 375.71 352.978 259.8 347.464 253.678 235.546 237.636 254.684 210.264
threshold=9.5000000000000018 1.6312258488921307 11.500000000000002 4.2967662464852454 4.185652929013421 1.0000000180025095e-35 30.500000000000004 9.2144797882848355 5.0180116144158413 5.4188608771153932 0.56816202062884391 8.2174596567307692 6.7237267579820594 6.6156419086800691 0.021497495969219595
decision_type=2 2 2 2 2 2 2 2 2 2 2 2 2 2 2
left_child=1 2 3 5 -3 7 -7 14 -4 -10 -2 12 13 -11 -1
right_child=10 4 8 -5 -6 6 -8 -9 9 11 -12 -13 -14 -15 -16
leaf_value=0.0003322334517824633 -0.012726442550560402 -0.0062918772632877644 0.00051911620145124915 0.0013378419570814937 -0.00053084107992646464 0.0004710765732675657 0.0042623318855759115 -0.0070567586492585105 -0.0085462632341338739 -0.001532054939793216 -0.0028133614738440763 0.0030779349593275163 -0.0051022461917934019 0.010479575266294082 -0.00092787004221479819
leaf_weight=110425.64550833963 1205.052250392735 6775.0860349312425 17388.107424207032 108949.75013730675 9631.9274794384837 144627.84473697096 12032.486544780433 3344.3563003838062 3720.5604393333197 12133.738299656659 12240.433531764895 3607.5086237862706 9357.8503935113549 799.60439887270331 114756.66611514241
leaf_count=774270 27361 53927 121254 577580 60726 738975 61346 20658 25337 69411 193366 23132 50943 4588 688176
internal_value=8.13597e-06 9.76025e-05 0.000188784 0.000347641 -0.00290979 6.75639e-05 0.000762269 -0.000408672 -0.00148111 -0.00265534 -0.00370182 -0.00180906 -0.00259995 -0.000789435 -0.000309936
internal_weight=570997 557551 541144 494137 16407 385187 156660 228527 47007.4 29619.3 13445.5 25898.7 22291.2 12933.3 225182
internal_count=3491050 3270323 3155670 2861005 114653 2283425 800321 1483104 294665 173411 220727 148074 124942 73999 1462446
is_linear=0
shrinkage=0.0206149


Tree=219
num_leaves=16
num_cat=0
split_feature=22 19 22 10 10 21 10 10 23 21 21 21 20 21 21
split_gain=420.917 400.991 452.312 366.656 419.171 308.465 502.783 432.11 285.007 272.871 238.555 503.18 228.267 242.706 237.862
threshold=1.0000000180025095e-35 1.0000000180025095e-35 1.0826891910149083 1.5000000000000002 6.5000000000000009 5.3443764098439486 5.5000000000000009 3.5000000000000004 2.293365257297483 5.9818583011166453 4.042007623831303 4.085577326145029 0.52380830896005015 3.4589410251358736 2.5775260126738067
decision_type=2 2 2 2 2 2 2 2 2 2 2 2 2 2 2
left_child=9 3 -3 -2 5 6 7 -5 -6 10 12 -12 -1 14 -14
right_child=1 2 -4 4 8 -7 -8 -9 -10 -11 11 -13 13 -15 -16
leaf_value=-0.010542588750595917 -0.0043328643621465598 0.0010309700869020012 -0.00071104858935196788 0.00079933967169311729 -0.0023651857918276986 0.0018485333697871587 0.0033699927740067888 -0.0034349301749918731 -0.00045190357657400395 -0.022953955693785437 0.06510539475620665 0.0010291987830348345 -0.0046940709321477599 -0.013132574447504609 0.013125651990780004
leaf_weight=2533.8939418885857 10566.208944581449 220312.01833196357 88902.981936624274 18749.112881593406 50514.19495404698 46455.387709751725 11438.072484966367 22574.306791722775 95906.320173211396 360.40405533276498 54.951027449220419 997.69591529108584 662.9704752266407 495.99583800137043 612.37894913181663
leaf_count=67759 75902 1209598 482327 123620 402516 255938 81118 157156 588210 6986 662 15516 9898 6387 8810
internal_value=-2.58794e-05 3.04009e-05 0.000530119 -0.000572714 -0.00041097 0.000623546 -0.00045503 -0.00151377 -0.00111197 -0.00559082 -0.00442287 0.00437415 -0.00657377 -0.000896415 0.00386235
internal_weight=571137 565419 309215 256204 245637 99216.9 52761.5 41323.4 146421 5718.29 5357.89 1052.65 4305.24 1771.35 1275.35
internal_count=3492403 3376385 1691925 1684460 1608558 617832 361894 280776 990726 116018 109032 16178 92854 25095 18708
is_linear=0
shrinkage=0.0206149


Tree=220
num_leaves=16
num_cat=0
split_feature=22 23 0 10 10 23 12 21 22 21 17 22 21 21 22
split_gain=433.545 394.768 387.318 369.13 754.925 374.541 373.313 363.953 432.186 264.823 257.39 241.354 240.526 387.554 223.375
threshold=1.0000000180025095e-35 1.0561487520021191 6.5000000000000009 3.5000000000000004 1.5000000000000002 5.4798335682040404 1.0000000180025095e-35 4.5220426205638962 0.41940530016134797 5.9818583011166453 12.500000000000002 0.63661791176003579 4.042007623831303 4.085577326145029 1.6312258488921307
decision_type=2 2 2 2 2 2 2 2 2 2 2 2 2 2 2
left_child=9 2 -2 4 6 10 -3 11 -9 12 -5 -6 -1 -14 -12
right_child=1 3 -4 5 7 -7 -8 8 -10 -11 14 -13 13 -15 -16
leaf_value=-0.0067069343648458943 -0.0010046713361061598 -0.0039030493912164412 -0.0064163699801651338 -0.0027712537964328719 -0.0040910601247813308 0.0022653104792454051 0.001387845080682285 0.00874903000499575 0.0025648164921645645 -0.022932836444522202 -2.4065208291388905e-05 0.0012147161959985538 0.055581923376461929 0.0012330044749423617 -0.0030083446230426028
leaf_weight=4277.8982864227146 43943.391079228371 14741.777076322585 6444.5937337148935 16152.88890048489 4925.1584099382162 27517.27695851773 9206.7161604166031 5278.6384874694049 53235.919008389115 354.25649998709559 358692.86105027795 14001.181400999427 59.04222558811307 1002.5979762375355 10985.443671874702
leaf_count=92816 273430 95092 104895 110218 31625 143445 49826 28648 280881 6980 2093603 84200 671 15541 79571
internal_value=-1.24114e-05 4.46151e-05 -0.00169682 0.000215086 0.00132974 -5.83251e-05 -0.00186903 0.00231895 0.0031227 -0.00567246 -0.000224046 -0.000165994 -0.0045273 0.00425557 -0.000112747
internal_weight=570820 565126 50388 514738 101389 413348 23948.5 77440.9 58514.6 5693.79 385831 18926.3 5339.54 1061.64 369678
internal_count=3491442 3375434 378325 2997109 570272 2426837 144918 425354 309529 116008 2283392 115825 109028 16212 2173174
is_linear=0
shrinkage=0.0206149


Tree=221
num_leaves=16
num_cat=0
split_feature=18 22 21 22 10 10 17 21 21 10 21 21 0 21 21
split_gain=427.573 323.309 490.911 343.354 383.663 533.271 382.592 325.941 317.939 250.717 263.43 380.646 237.736 463.956 456.656
threshold=9.1666636111121296 0.040684701404504774 6.3240932972108643 1.28445790668463 3.5000000000000004 2.5000000000000004 22.500000000000004 10.165688380836885 4.3567931817225665 2.5000000000000004 5.06609301932217 5.1531358940652039 1.5000000000000002 9.2144797882848355 9.5532169979213961
decision_type=2 2 2 2 2 2 2 2 2 2 2 2 2 2 2
left_child=1 2 9 4 5 6 -3 -5 -7 -1 -11 -12 14 -14 -6
right_child=-2 3 -4 7 12 8 -8 -9 -10 10 11 -13 13 -15 -16
leaf_value=-0.013289608278188609 -0.0047433574718070302 -0.0011678308239826708 -0.023855657715150587 -0.0010993490185935708 0.00029411979501172119 -0.00069904478373247552 0.0023070323235191564 -0.026964610760324453 0.0041092558692643628 -0.0028884338763078533 0.036688120885744364 0.0027254871888491359 -0.00048524592989516042 -0.010544779257730353 0.0060589361906160663
leaf_weight=846.46644753962755 7960.4772447478026 34415.577364888042 486.05767183378339 73970.074615638703 232603.72177264839 7061.2368262372911 22120.247070871294 207.62674454972148 33906.444669079036 7330.5765230730176 167.42632516473532 863.76617920957506 140963.63923668489 1975.7276857122779 5989.9245663508773
leaf_count=11346 126637 202482 7106 456906 1137180 41669 118700 1187 179609 110428 1111 7759 1018082 14948 57110
internal_value=8.87251e-07 6.79789e-05 -0.00366417 0.00013338 0.000335475 0.00148953 0.000191747 -0.00117175 0.00328049 -0.00259836 -0.00151608 0.00823972 4.05477e-05 -0.00062429 0.000438846
internal_weight=570869 562909 9694.29 553214 479037 97503.5 56535.8 74177.7 40967.7 9208.24 8361.77 1031.19 381533 142939 238594
internal_count=3492260 3365623 137750 3227873 2769780 542460 321182 458093 221278 130644 119298 8870 2227320 1033030 1194290
is_linear=0
shrinkage=0.0206149


Tree=222
num_leaves=16
num_cat=0
split_feature=23 21 22 21 22 21 0 24 9 24 23 8 0 21 5
split_gain=408.815 362.114 316.259 473.843 339.2 312.607 305.977 302.274 288.509 253.522 249.483 298.844 202.999 362.424 306.104
threshold=0.56816202062884391 5.471224972653717 0.06081292421828445 6.3240932972108643 0.94991820423875051 5.5646199805475005 5.5000000000000009 2.5000000000000004 0.052281666666666671 11.500000000000002 4.270256688127831 0.016199993250002927 1.5000000000000002 8.597185412435751 6.5000000000000009
decision_type=2 2 2 2 2 2 2 2 2 2 2 2 2 2 2
left_child=6 7 3 -3 5 -4 -1 -2 9 10 11 -9 14 -14 -6
right_child=1 2 4 -5 12 -7 -8 8 -10 -11 -12 -13 13 -15 -16
leaf_value=-0.0017963516639396711 -0.0049091570151427143 0.00022195983653270122 0.0064143644016250966 -0.024472889466798382 6.312084220727322e-05 0.0011209640701861424 -0.0088183135345205506 -7.2988997182066073e-05 -0.0026985130684488985 0.0013366049564507954 0.00097232747572937987 -0.0019455750148929527 -0.00097589898750094506 -0.010528579726063877 0.0046895346630932032
leaf_weight=13001.854231897742 6380.0652930866927 865.6196172311902 4894.7929748892784 533.85097222588956 98917.219785198569 151118.35645899177 3308.1219406947494 86229.869636192918 20652.382972266525 39993.84735410288 40122.70505888015 62446.117133311927 33937.91762977466 1776.1592884510756 6475.6104421764612
leaf_count=81527 100424 7528 27636 7331 480901 818044 58979 631335 100414 202036 250753 443700 229515 12494 39655
internal_value=-3.82905e-06 9.08152e-05 0.000578567 -0.00919829 0.000624617 0.00128704 -0.0032206 -0.000478337 -0.00036501 -0.000154372 -0.00047021 -0.000859503 -0.000107784 -0.00145098 0.00034738
internal_weight=570654 554345 298520 1399.47 297120 156013 16310 255825 249445 228793 188799 148676 141107 35714.1 105393
internal_count=3492272 3351766 1623104 14859 1608245 845680 140506 1728662 1628238 1527824 1325788 1075035 762565 242009 520556
is_linear=0
shrinkage=0.0206149


Tree=223
num_leaves=16
num_cat=0
split_feature=23 20 21 10 23 17 21 0 17 24 9 10 17 10 23
split_gain=385.186 405.616 349.785 460.336 409.225 285.716 284.975 328.629 266.448 257.526 281.164 232.64 203.573 211.83 201.366
threshold=1.0561487520021191 0.32182478690402783 5.471224972653717 6.5000000000000009 2.293365257297483 16.500000000000004 8.786395984161981 1.0000000180025095e-35 22.500000000000004 2.5000000000000004 0.052281666666666671 4.5000000000000009 30.500000000000004 11.500000000000002 1.9878954316411059
decision_type=2 2 2 2 2 2 2 2 2 2 2 2 2 2 2
left_child=1 -1 9 5 14 -4 12 -8 -7 -2 -11 -10 -6 -14 -5
right_child=2 -3 3 4 6 8 7 -9 11 10 -12 -13 13 -15 -16
leaf_value=-0.0057117385641264895 -0.0047251285231186147 -0.00086335995860891942 0.0026018853752602013 -0.0010482203223057772 -0.00016536378008618586 -0.0016535395223846044 0.0077374682275970783 -0.0027994991987354617 0.0023994723365660534 -8.0182440828628591e-05 -0.0025982463772593976 -0.00036537870626594972 0.0035940894461196399 -0.0012526179776104684 -0.0044016726715789154
leaf_weight=8892.8303410764784 5727.6397236399353 41807.454117123038 60024.95367506519 30432.0417132359 81827.138594720513 16189.925302114338 4526.6054542586207 1741.9228428341448 34239.218711338937 214833.8723701369 20656.571368973702 20783.645071912557 13449.280045436695 5359.3799209780991 10146.90763264522
leaf_count=135359 90170 253487 311071 189169 413437 89646 39523 9030 178210 1418104 100498 109104 66078 27183 62498
internal_value=1.40025e-06 -0.00171377 0.000168649 0.000666071 -0.000124228 0.0015542 0.000544799 0.00480942 0.000671108 -0.000406108 -0.00030106 0.00135511 0.000279159 0.00221306 -0.00188676
internal_weight=570639 50700.3 519939 278721 147483 131238 106904 6268.53 71212.8 241218 235490 55022.9 100636 18808.7 40578.9
internal_count=3492567 388846 3103721 1494949 806918 688031 555251 48553 376960 1608772 1518602 287314 506698 93261 251667
is_linear=0
shrinkage=0.0206149


Tree=224
num_leaves=16
num_cat=0
split_feature=22 12 10 10 10 18 21 0 22 21 10 21 21 22 22
split_gain=390.03 336.169 529.339 533.803 416.477 279.478 257.875 540.688 254.851 254.043 231.27 269.842 241.605 529.618 311.219
threshold=1.0000000180025095e-35 1.0000000180025095e-35 1.5000000000000002 3.5000000000000004 2.5000000000000004 9.8333292222240107 9.5532169979213961 1.0000000180025095e-35 1.0131136513533094 5.9818583011166453 10.500000000000002 4.4774244483293097 4.324701101614731 0.84431219919920386 1.6312258488921307
decision_type=2 2 2 2 2 2 2 2 2 2 2 2 2 2 2
left_child=9 2 -2 4 -4 6 10 -8 -3 -1 -5 12 14 -14 -12
right_child=1 8 3 5 -6 -7 7 -9 -10 -11 11 -13 13 -15 -16
leaf_value=-0.0043106663406060602 -0.0038589765192667941 0.0017208129307082439 -0.00015147537842946442 -0.00010595987856893485 0.0032054629748828438 -0.0054828388863900285 0.0085135233905301241 -0.0072412920697552908 -0.00021186705610669847 -0.022793690475462723 0.00050850372781563772 -0.0021020959917779467 -0.0040942749346606806 0.013318042780794865 -0.0095232607993699751
leaf_weight=5282.2592184729874 16392.980974879116 76972.244719143957 29048.941920369864 273459.34397284314 34193.493503563106 4520.7823894806206 3559.2894378378987 1251.1232628040016 46518.92244476825 336.13549195975065 16632.965631123632 57754.875319223851 1281.5153992772102 1764.4756410233676 1426.987006790936
leaf_count=108963 108908 427927 168097 1608508 192495 70316 35901 8037 258915 7031 118871 345110 8930 11376 12474
internal_value=-1.17334e-05 4.20326e-05 -0.000224026 -8.37851e-05 0.00166353 -0.000389341 -0.000324864 0.00441591 0.000992776 -0.00541646 -0.000389592 -0.00137312 0.000621666 0.0059923 -0.000284145
internal_weight=570396 564778 441287 424894 63242.4 361651 357131 4810.41 123491 5618.39 352320 78860.8 21105.9 3045.99 18060
internal_count=3491859 3375865 2689023 2580115 360592 2219523 2149207 43938 686842 115994 2105269 496761 151651 20306 131345
is_linear=0
shrinkage=0.0206149


Tree=225
num_leaves=16
num_cat=0
split_feature=18 23 10 22 26 10 10 17 22 0 22 10 22 22 24
split_gain=381.705 315.62 324.806 308.705 284.322 244.563 501.482 252.022 275.822 240.205 236.874 220.933 251.828 217.201 246.304
threshold=8.4166631527793054 5.441096092289925 10.500000000000002 1.4393531641324226 0.0049045708830565849 1.5000000000000002 3.5000000000000004 30.500000000000004 0.34783206826393503 1.5000000000000002 0.58591735895920771 2.5000000000000004 0.040684701404504774 0.51652621535039245 11.500000000000002
decision_type=2 2 2 2 2 2 2 2 2 2 2 2 2 2 2
left_child=1 2 3 5 -4 13 11 8 -8 -9 -6 12 -7 -1 -15
right_child=-2 -3 4 -5 10 6 7 9 -10 -11 -12 -13 -14 14 -16
leaf_value=0.0038833697056337899 -0.003827250242999322 0.0018982598369789911 -0.003830574641407829 -0.0019149493922774249 -0.0035106161262008569 -0.014088538380529017 -0.0026928964935775414 0.0040718519115478472 7.3299296339310733e-05 -0.00081895359942496982 -0.00022869578438006598 0.0029937122042772695 0.00095524532425796636 -0.0044730989909417731 0.00019063137148601141
leaf_weight=2547.7077466771007 10932.988375546411 37142.502131188288 14465.171786909923 28193.08342012018 10852.639232810587 479.50795174017549 16242.842461057007 12316.466310076416 269265.905283181 6530.2987398076802 67317.453153386712 40127.55596453324 34210.431643586606 11446.149289455265 8303.6670194454491
leaf_count=19424 170180 196772 104670 178808 82796 6273 151830 61388 1543981 46672 401156 222672 188521 73423 44444
internal_value=-1.24472e-05 6.21043e-05 -6.84711e-05 0.000170231 -0.00117563 0.000316662 0.000440046 6.83396e-05 -8.4072e-05 0.00237722 -0.000684337 0.00195214 0.0007473 -0.0017815 -0.00251227
internal_weight=570374 559441 522299 429664 92635.3 401471 379173 304356 285509 18846.8 78170.1 74817.5 34689.9 22297.5 19749.8
internal_count=3493010 3322830 3126058 2537436 588622 2358628 2221337 1803871 1695811 108060 483952 417466 194794 137291 117867
is_linear=0
shrinkage=0.0206149


Tree=226
num_leaves=16
num_cat=0
split_feature=0 10 17 23 21 10 22 22 21 22 21 17 22 22 10
split_gain=400.39 301.909 342.193 480.269 324.773 373.94 314.164 281.447 422.898 285.172 471.872 347.493 262.712 252.208 282.404
threshold=10.500000000000002 11.500000000000002 30.500000000000004 2.2757232691609919 5.471224972653717 6.5000000000000009 1.6312258488921307 1.3577357846854481 10.165688380836885 0.26131766481581192 6.5936789877980084 22.500000000000004 0.06081292421828445 0.52568239464527966 1.5000000000000002
decision_type=2 2 2 2 2 2 2 2 2 2 2 2 2 2 2
left_child=1 2 4 -4 6 12 -1 9 -9 10 11 -7 -6 -14 -15
right_child=-2 -3 3 -5 5 7 -8 8 -10 -11 -12 -13 13 14 -16
leaf_value=-0.00034431941089887032 -0.0048180138142060059 -0.0014781732976281738 -0.001414770046119817 0.0037277335157880963 -0.012600550938510088 -0.0087615985427503158 -0.0039774156388395782 -0.0037776008528232858 -0.044783424063998656 5.3152880767238943e-05 -0.029430517075692775 0.020052114890241547 0.0040491865807985375 -0.0018026784500521874 0.0013667813466376833
leaf_weight=208440.21095112152 7237.8225080631673 49363.8474544622 11157.727736638859 25033.902804298326 578.78008017316461 767.93452655337751 10630.831983476877 6485.9147906899452 108.67326370999217 106755.70887452364 366.61512435041368 231.49172361195087 13041.039635196328 13311.990598354489 116519.38329414651
leaf_count=1362550 129001 318668 72851 135799 5874 6218 79250 36480 595 584394 3206 1707 67743 73735 612889
internal_value=-2.75696e-07 6.16829e-05 0.000209733 0.00214232 6.31738e-05 0.000558561 -0.000520622 -0.000318784 -0.00445334 -6.66076e-05 -0.00942586 -0.00208763 0.00126016 0.00131631 0.00104181
internal_weight=570032 562794 513430 36191.6 477239 258168 219071 114716 6594.59 108122 1366.04 999.426 143451 142872 129831
internal_count=3490960 3361959 3043291 208650 2834641 1392841 1441800 632600 37075 595525 11131 7925 760241 754367 686624
is_linear=0
shrinkage=0.0206149


Tree=227
num_leaves=16
num_cat=0
split_feature=23 0 18 22 22 23 8 23 0 17 26 20 23 0 18
split_gain=384.355 384.313 328.319 258.809 260.364 218.36 245.173 232.426 293.789 304.576 250.602 215.161 202.414 185.582 168.727
threshold=1.2835357795323079 6.5000000000000009 1.0769230147929036 1.6312258488921307 1.0000000180025095e-35 5.7709751714452286 0.019929994187085066 2.9257560139833516 1.0000000180025095e-35 25.500000000000004 0.020823132812188394 0.51851732716354426 2.6075280761259432 1.0000000180025095e-35 2.3923073605917717
decision_type=2 2 2 2 2 2 2 2 2 2 2 2 2 2 2
left_child=1 -1 -2 4 11 6 -6 8 -8 -10 12 -4 -11 -5 -3
right_child=2 14 3 13 5 -7 7 -9 9 10 -12 -13 -14 -15 -16
leaf_value=-0.00083293912952400371 0.0033175569956500508 -0.0148813847190896 -0.0081241764319211589 -0.0053140245781496944 0.00090107674901556756 0.0022255341053380282 0.00040452556171515896 0.00024363889825471468 -0.00095477090261396661 -0.0084056573472000504 -0.0015182353181116221 0.00059396466716200684 -0.0016049598428839388 -0.00063846305708475405 -0.0045732504085417604
leaf_weight=63615.377278089523 14111.048907749355 736.90660327300429 2886.4196949377656 6087.6803940907121 132846.1846068576 22901.353113047779 40762.889689363539 204627.12882908061 45114.717059861869 6625.8966760784388 8053.8066194243729 2062.7769073173404 2585.7610975988209 8855.8767920397222 8009.0461636520922
leaf_count=395373 130573 11139 73533 35262 823749 113870 194809 1068569 293669 48990 54570 27591 15400 70681 133186
internal_value=1.38175e-05 -0.00138999 0.000217992 0.000127514 0.000212706 0.000262925 0.000160917 -0.000158567 -0.000956508 -0.00184589 -0.00417438 -0.00449054 -0.00649667 -0.00254319 -0.00544178
internal_weight=569883 72361.3 497522 483410 468467 463518 440616 307770 103143 62380.2 17265.5 4949.2 9211.66 14943.6 8745.95
internal_count=3490964 539698 2951266 2820693 2714750 2613626 2499756 1676007 607438 412629 118960 101124 64390 105943 144325
is_linear=0
shrinkage=0.0206149


Tree=228
num_leaves=16
num_cat=0
split_feature=0 12 24 26 0 16 0 21 17 21 23 26 21 21 23
split_gain=367.529 302.14 235.809 222.141 208.781 375.716 214.385 188.676 155.63 276.111 187.043 212.663 247.038 172.565 152.245
threshold=10.500000000000002 1.0000000180025095e-35 10.500000000000002 0.16844928409187512 1.5000000000000002 18.500000000000004 3.5000000000000004 3.6791166231115682 18.500000000000004 4.9025717313850921 1.2281422311996446 0.0076010515202305983 7.923896568317514 7.6108913720674787 2.4346578311628386
decision_type=2 2 2 2 2 2 2 2 2 2 2 2 2 2 2
left_child=1 2 3 -1 7 -6 -7 -3 10 -10 -4 -12 13 -13 -14
right_child=-2 4 8 -5 5 6 -8 -9 9 -11 11 12 14 -15 -16
leaf_value=-0.0010428579898204722 -0.0046366565515161308 -0.0024377828698653918 -0.0014539786604955097 0.00075621527927629704 0.00045419883694808701 -0.0030628950900434501 -0.012973620726976375 0.0017810948493144263 0.0016972965702700511 -0.00087732439185317812 0.0026632443877439272 0.00030090478559454152 -0.00082944294564087789 -0.0042227553566533491 0.0043742434896941055
leaf_weight=165116.15247149393 7203.960115544498 4779.0727840214968 14990.257562745363 35424.658840797842 35529.392395734787 3415.4853616207838 1273.3848317563534 78517.400482177734 22313.825687140226 85645.025802955031 25317.831857964396 73381.757247343659 3136.2837596125901 3767.7122684419155 10032.783619500697
leaf_count=1204230 128967 24333 89944 228517 244465 14865 11247 394732 116095 448211 139943 347209 18850 17252 61922
internal_value=-9.88333e-06 4.93571e-05 -0.000204001 -0.00072506 0.000950108 -0.000269636 -0.00575441 0.00153904 0.000233971 -0.000345181 0.000712621 0.000993484 0.000525421 7.99849e-05 0.00313496
internal_weight=569845 562641 439126 200541 123515 40218.3 4688.87 83296.5 238585 107959 130627 115636 90318.5 77149.5 13169.1
internal_count=3490782 3361815 2672173 1432747 689642 270577 26112 419065 1239426 564306 675120 585176 445233 364461 80772
is_linear=0
shrinkage=0.0206149


Tree=229
num_leaves=16
num_cat=0
split_feature=23 0 21 9 9 8 9 8 23 22 21 17 22 10 10
split_gain=383.35 377.813 315.195 320.723 219.163 213.628 238.914 310.84 202.405 201.026 200.803 251.297 277.727 192.673 428.486
threshold=2.7960288739116739 8.5000000000000018 7.9540999683346358 0.052281666666666671 0.0088516666666666691 0.12358560182773921 0.21549000000000004 0.25625745729042382 0.59980807237670752 0.040684701404504774 3.7039524031221167 23.500000000000004 0.1517792068077764 3.5000000000000004 2.5000000000000004
decision_type=2 2 2 2 2 2 2 2 2 2 2 2 2 2 2
left_child=1 9 3 10 -4 -5 7 -7 -3 -1 -2 12 -12 14 -11
right_child=2 8 4 5 -6 6 -8 -9 -10 13 11 -13 -14 -15 -16
leaf_value=-0.0054167828080409174 -0.00077468407231419585 -0.010619100393259433 -0.0027437067197758963 -0.002956211793992134 0.0032954043113268602 -0.00063313252005129847 -0.0014886141725659868 0.0031816415711608827 -0.0030227504416650156 -0.00075610822115398523 -0.0051548786683230452 0.0021740869393594335 0.00066389909890213433 -0.00061714896478469276 0.00323474904231136
leaf_weight=3349.5761242732406 30447.938458684832 1730.0100670363754 2862.4879685007036 15207.067522756755 23678.883069738746 23164.053698197007 35515.296520106494 14926.82949090004 10773.144058180973 28501.303683370352 3605.6046962030232 55675.603744475171 105007.04630792886 196419.71187598258 19091.66182661429
leaf_count=45719 237674 38432 16128 69789 147323 107489 164022 69424 176484 169623 30694 309531 587840 1216570 105511
internal_value=6.43948e-06 -0.00057758 0.000495866 0.000294784 0.00264409 -0.00073185 -0.000272296 0.000861779 -0.00407383 -0.000400859 0.000763 0.00104798 0.000470734 -0.000332006 0.000844803
internal_weight=569956 259865 310091 283549 26541.4 88813.2 73606.2 38090.9 12503.2 247362 194736 164288 108613 244013 47593
internal_count=3492253 1752339 1739914 1576463 163451 410724 340935 176913 214916 1537423 1165739 928065 618534 1491704 275134
is_linear=0
shrinkage=0.0206149


Tree=230
num_leaves=16
num_cat=0
split_feature=23 0 21 9 21 9 23 22 8 10 10 17 9 23 23
split_gain=363.858 405.129 280.189 288.131 237.68 234.748 212.673 209.243 206.839 203.932 421.37 224.381 198.426 189.188 184.5
threshold=2.9063507024699908 8.5000000000000018 7.9540999683346358 0.2613983333333334 5.471224972653717 0.0088516666666666691 4.3934818565702924 0.040684701404504774 0.050504367634766727 3.5000000000000004 2.5000000000000004 22.500000000000004 0.035818333333333341 0.62200221616782614 5.441096092289925
decision_type=2 2 2 2 2 2 2 2 2 2 2 2 2 2 2
left_child=1 7 3 4 12 -4 8 -1 -6 10 11 -9 -2 -3 -5
right_child=2 13 5 14 6 -7 -8 9 -10 -11 -12 -13 -14 -15 -16
leaf_value=-0.0052243487688557961 0.00039868613484829544 -0.010224104238360156 -0.0032137549683773962 -0.0027942311256011444 0.0025623097051328185 0.0033348066855719382 0.002793831418553246 -0.0019383010472032588 4.5232287083353539e-05 -0.00054779053461340263 0.0031605781076239855 0.0017295473671801187 -0.0016259877151169673 -0.0030506361226741961 0.00056379019617210059
leaf_weight=3665.6617769636214 108038.0635976661 1812.2004756033421 2601.8271990530193 18977.577496245503 18976.961103925481 21970.160131067038 30012.370684295893 19903.18423011899 51594.325901657343 212378.01840917021 20843.245062701404 11008.399451926351 25408.573867678642 11335.287028124556 10974.183177568018
leaf_count=49707 703925 40307 14618 87702 92977 137329 146584 122572 255490 1304107 114471 60138 125857 183784 50427
internal_value=2.17241e-05 -0.000506359 0.000535883 0.000339897 0.000583546 0.00264141 0.00134026 -0.000332905 0.000722087 -0.000265021 0.000895335 -0.000632087 1.31832e-05 -0.0040394 -0.00156387
internal_weight=569500 280946 288554 263982 234030 24572 100584 267799 70571.3 264133 51754.8 30911.6 133447 13147.5 29951.8
internal_count=3489995 1875086 1614909 1462962 1324833 151947 495051 1650995 348467 1601288 297181 182710 829782 224091 138129
is_linear=0
shrinkage=0.0206149


Tree=231
num_leaves=16
num_cat=0
split_feature=24 18 26 24 9 21 21 5 21 0 0 21 5 22 21
split_gain=377.919 280.049 263.887 271.639 203.743 484.866 398.679 229.129 225.644 201.668 199.735 325.48 245.379 175.247 174.258
threshold=2.5000000000000004 0.999999969223486 0.18415133782388449 9.5000000000000018 0.033996666666666675 9.4455548799437086 6.5331346371712611 6.5000000000000009 8.4356090925039435 1.0000000180025095e-35 1.5000000000000002 7.2374452788289636 5.5000000000000009 2.2096224505731512 9.5532169979213961
decision_type=2 2 2 2 2 2 2 2 2 2 2 2 2 2 2
left_child=-1 -2 3 13 5 10 -6 14 -9 -7 12 -12 -5 -3 -8
right_child=1 2 -4 4 6 9 7 8 -10 -11 11 -13 -14 -15 -16
leaf_value=-0.0045216876894700686 0.0041631252446975072 -0.00080487834670391631 0.0014200545191966661 0.00079333540290473415 -0.002140320255789687 0.0024419986047978853 -9.5437666468134805e-05 0.0038719364257249894 0.021111476830987391 -0.012803731490358627 0.00046471944165319638 -0.0025666197767702298 0.0034406454792295974 -0.0075644349667041795 0.0041030277922950798
leaf_weight=7729.3756310492754 7007.9342207536101 142989.27685226873 51610.401995072141 119843.96563050151 41886.904852174222 477.10771469771862 69684.529421977699 2031.6432308256626 383.56748616695404 1623.1239069942385 82933.056249801069 18390.823167005554 16988.774033531547 1648.7465098015964 4470.7213524803519
leaf_count=122111 79029 1114590 281371 533861 188026 3298 324657 10783 1783 12865 550815 121868 98272 15403 33190
internal_value=5.63406e-06 6.79031e-05 1.61896e-05 -0.000127753 0.000176341 0.000521318 -0.000523347 0.000361197 0.0066098 -0.00934037 0.000608285 -8.54848e-05 0.00112202 -0.000881931 0.000157682
internal_weight=569700 561971 554963 503352 358714 240257 118457 76570.5 2415.21 2100.23 238157 101324 136833 144638 74155.3
internal_count=3491922 3369811 3290782 3009411 1879418 1320979 558439 370413 12566 16163 1304816 672683 632133 1129993 357847
is_linear=0
shrinkage=0.0206149


Tree=232
num_leaves=16
num_cat=0
split_feature=23 21 0 5 21 0 9 24 23 18 23 24 21 9 21
split_gain=363.091 338.014 444.869 365.454 333.157 323.116 308.665 310.043 286.253 226.955 202.427 182.26 181.835 174.216 301.882
threshold=1.0561487520021191 7.9721794323999591 1.5000000000000002 5.5000000000000009 9.5532169979213961 6.5000000000000009 0.022321666666666674 9.5000000000000018 3.8510528580325971 1.7999998500000134 4.077600594023127 2.5000000000000004 9.5532169979213961 0.2613983333333334 5.3704788057462549
decision_type=2 2 2 2 2 2 2 2 2 2 2 2 2 2 2
left_child=5 6 3 12 -4 -1 7 10 9 -8 11 -2 -3 14 -10
right_child=1 2 4 -5 -6 -7 8 -9 13 -11 -12 -13 -14 -15 -16
leaf_value=-0.0010639561736082077 -0.0048546786696776287 0.0016998864341277163 -0.00075107075873989974 0.012935343942561286 -0.012615033987495486 -0.0060052536744309923 -0.00061931992710612994 0.00090901727359907756 -0.00095732264119399637 -0.0029295769953032935 0.0010774889066590713 -0.0006546970911332511 0.0054527919705606651 -0.001354224855480654 0.0019498715564578262
leaf_weight=44112.773899052292 4597.2000288125128 28998.979321494699 8248.2585402168334 1459.0866468772292 1145.5982184559107 6445.6441617775708 37808.804200418293 179013.64110720344 27744.325768832117 34615.823254536837 30192.732218487188 97866.712794587016 6766.897958189249 27006.383853562176 33516.660075053573
leaf_count=277443 74200 157266 48413 6940 8034 111882 173393 967500 138784 170187 226881 786482 68677 124282 151799
internal_value=-2.62646e-05 0.000136196 0.00181087 0.00282249 -0.0021979 -0.00169392 -2.90824e-05 0.000349305 -0.000762983 -0.00172352 -0.000406 -0.000843136 0.00240994 2.51531e-05 0.00063324
internal_weight=569540 518981 46618.8 37225 9393.86 50558.4 472362 311670 160692 72424.6 132657 102464 35765.9 88267.4 61261
internal_count=3492163 3102838 289330 232883 56447 389325 2813508 2055063 758445 343580 1087563 860682 225943 414865 290583
is_linear=0
shrinkage=0.0206149


Tree=233
num_leaves=16
num_cat=0
split_feature=7 21 21 24 10 10 22 22 23 0 22 8 5 10 21
split_gain=334.657 387.983 325.455 296.791 245.472 648.978 270.994 348.973 256.384 244.479 239.884 230.164 223.738 223.085 474.749
threshold=1.0000000180025095e-35 8.1572970185175127 9.4455548799437086 2.5000000000000004 3.5000000000000004 2.5000000000000004 0.040684701404504774 0.46432847542534494 2.4005994537975353 1.5000000000000002 0.41940530016134797 0.034509993221251437 6.5000000000000009 1.5000000000000002 8.078353259881986
decision_type=2 2 2 2 2 2 2 2 2 2 2 2 2 2 2
left_child=2 13 3 -1 5 6 -5 -8 11 10 -4 -6 -3 14 -2
right_child=1 12 9 4 8 -7 7 -9 -10 -11 -12 -13 -14 -15 -16
leaf_value=-0.0045663523110102888 -0.0024581143618817264 0.0025679021261660654 -0.05264187722593007 -0.012968538782768707 -0.00093393345213970531 0.0031693297309202456 0.0049353250352121734 -0.0013627135778678436 -9.1466850684053657e-05 -0.011557430718644745 0.0036105289470756072 -0.0035089180934585779 0.015991533458154222 0.00041138008362488732 -0.054612618066359107
leaf_weight=7037.6192393843085 9061.1533320844173 28306.290005512536 33.472384251654148 776.8629503287375 74904.81197652407 28720.670279631391 4201.1178772859275 33981.886033400893 166784.83309858851 1921.9754004776478 858.76819378882647 18369.765533568338 537.69235499948263 193792.83870629221 74.784502968192101
leaf_count=115518 45463 193663 242 10074 596873 167311 26823 211613 1013914 14829 4803 142451 2616 945015 383
internal_value=-2.22214e-05 0.000580963 -0.000436336 -0.00037765 -0.000287706 0.000818209 -0.000915005 -0.000669766 -0.00057552 -0.00741753 0.00150022 -0.00144106 0.00281814 0.000262974 -0.00288504
internal_weight=569365 231773 337592 334778 327740 67680.5 38959.9 38183 260059 2814.22 892.241 93274.6 28844 202929 9135.94
internal_count=3491591 1187140 2304451 2284577 2169059 415821 248510 238436 1753238 19874 5045 739324 196279 990861 45846
is_linear=0
shrinkage=0.0206149


Tree=234
num_leaves=16
num_cat=0
split_feature=23 12 20 21 17 9 24 23 24 9 21 21 23 1 21
split_gain=339.576 283.88 282.984 265.328 258.555 244.487 269.103 248.699 208.097 230.627 190.729 185.808 176.33 163.61 250.84
threshold=0.56816202062884391 1.0000000180025095e-35 0.27415922373873075 5.471224972653717 18.500000000000004 0.052281666666666671 11.500000000000002 4.270256688127831 2.5000000000000004 0.0052983333333333346 5.9087301248076498 3.7039524031221167 1.8459827308444641 2.5000000000000004 9.2144797882848355
decision_type=2 2 2 2 2 2 2 2 2 2 2 2 2 2 2
left_child=2 3 -1 5 12 6 7 8 -2 -10 -6 -3 -5 14 -13
right_child=1 11 -4 4 10 -7 -8 -9 9 -11 -12 13 -14 -15 -16
leaf_value=-0.0084041993923715842 -0.005707592582233416 -0.001854850626183493 -0.0015974499547715859 -0.00053040892371651908 0.001427321540541641 -0.0031509917395459441 0.0012368713546526253 0.00071693513175927876 -0.00056664275641126838 -0.0025742207131266193 -0.00086475369720969309 0.00097540549159727302 0.0013873730125707777 0.002844666223973794 -0.0061388403499444332
leaf_weight=3249.262176182121 4317.8250492997468 9277.1705188397318 12903.153897814453 26070.482186093926 18911.309525264427 16053.418758794665 31600.495962679386 34315.868664525449 90874.382778780535 33203.106585789472 83771.444900339469 88997.552030883729 93256.323708724231 20515.451223298907 2157.254959160462
leaf_count=59460 71893 63879 81126 160117 108704 79652 160911 228672 734026 186216 457878 473180 485432 128395 13506
internal_value=-2.03766e-05 6.5632e-05 -0.00296671 -0.000181329 0.000315771 -0.000705944 -0.000503942 -0.000842029 -0.00125869 -0.00110387 -0.000442617 0.000948491 0.000968377 0.00118138 0.000807041
internal_weight=569475 553322 16152.4 432375 222010 210365 194312 162711 128395 124077 102683 120947 119327 111670 91154.8
internal_count=3493047 3352461 140586 2673501 1212131 1461370 1381718 1220807 992135 920242 566582 678960 645549 615081 486686
is_linear=0
shrinkage=0.0206149


Tree=235
num_leaves=16
num_cat=0
split_feature=18 18 23 22 22 10 10 22 22 10 22 18 22 22 10
split_gain=321.921 278.285 259.863 243.816 247.897 306.508 376.089 292.246 338.852 338.611 292.778 240.386 233.624 371.382 331.125
threshold=8.4166631527793054 0.999999969223486 6.4164853367658425 0.040684701404504774 1.0826891910149083 3.5000000000000004 2.5000000000000004 0.5094878003426061 0.66760505397767667 1.5000000000000002 1.0169175573950293 2.0690474761791484 0.74308273868693753 0.7574632724960948 5.5000000000000009
decision_type=2 2 2 2 2 2 2 2 2 2 2 2 2 2 2
left_child=1 -1 3 11 5 6 7 -5 -9 -10 -11 -3 14 -14 -7
right_child=-2 2 -4 4 -6 12 -8 8 9 10 -12 -13 13 -15 -16
leaf_value=0.0041627714537665703 -0.0035258615902257146 -0.013189958053153695 0.0038127078002327878 0.0044239976875248936 -0.00064017132581146085 -0.0028823208998273561 0.0030183207107998835 -0.0045159513701882002 -0.0022689056176329807 0.0029973899121450392 -0.0048943746554411666 -0.0022361528497682188 0.0050732683986524788 0.00026624857445403807 -0.00013841286627923338
leaf_weight=6973.3390569984913 10782.423343788832 950.87414713576436 7566.4815512597561 6005.1838507167995 165518.48484383896 24185.719332545996 35811.311109554023 7154.173062119633 12120.717312924564 17623.85023130849 2253.2173844799399 8139.5903958957642 7107.9864484928548 174733.09398566559 82255.148312371224
leaf_count=79308 169945 8122 38115 36134 967765 139785 187940 39658 70022 92639 12123 122393 39964 981147 506732
internal_value=2.26474e-06 7.03912e-05 1.86389e-05 -3.41464e-05 2.27622e-05 0.000319926 0.00144063 0.000189465 -0.000460033 0.000446803 0.0021028 -0.00338193 5.15809e-06 0.00045415 -0.000761889
internal_weight=569182 558399 551426 543859 534769 369250 80968.5 45157.1 39152 31997.8 19877.1 9090.46 288282 181841 106441
internal_count=3491792 3321847 3242539 3204424 3073909 2106144 438516 250576 214442 174784 104762 130515 1667628 1021111 646517
is_linear=0
shrinkage=0.0206149


Tree=236
num_leaves=16
num_cat=0
split_feature=18 12 10 10 10 22 21 21 22 21 22 21 0 16 21
split_gain=342.533 260.152 375.516 411.57 317.692 283.102 442.251 663.939 237.987 278.853 221.89 215.983 211.405 351.851 205.951
threshold=9.1666636111121296 1.0000000180025095e-35 1.5000000000000002 3.5000000000000004 2.5000000000000004 0.33004049829028409 8.498279917078472 6.9371443524687857 1.6668207696159596 5.6506104514699302 1.8513489770007865 4.5220426205638962 1.5000000000000002 18.500000000000004 9.5532169979213961
decision_type=2 2 2 2 2 2 2 2 2 2 2 2 2 2 2
left_child=1 2 -1 4 -4 6 7 -5 14 -10 -11 -6 -3 -14 -7
right_child=-2 12 3 5 11 8 -8 -9 9 10 -12 -13 13 -15 -16
leaf_value=-0.003267483013226559 -0.0043130136449235313 0.0014839721788514042 -0.00011997284091622271 -0.0025501845358684785 3.442530073416039e-05 -0.00016426024790811101 0.017320841602521255 -0.023976420697206988 -0.0048832805632035015 -0.0017124283589144674 0.013356617207000395 0.0037919437189060435 0.00036019839952463153 -0.0056601100115449762 0.0041714886166237426
leaf_weight=16149.697312740609 7740.5529546905309 83079.483084544539 28725.984483592212 17698.873802827671 8755.0152120813727 325226.69276940823 453.1730553470552 636.71782530099154 8344.5162391401827 1061.8264029398561 681.98223185911775 25250.718461716548 35906.519457723945 4661.1042297109962 4723.4395128991455
leaf_count=107099 126370 418019 164433 180285 55913 1901880 2339 4395 64235 5986 4224 134256 252056 26432 44003
internal_value=-6.04312e-06 5.33458e-05 -0.000182525 -6.43419e-05 0.0014762 -0.000333665 -0.00279701 -0.00329423 -0.000197554 -0.0033165 0.00418089 0.00282454 0.000888324 -0.000331518 -0.000102191
internal_weight=569096 561356 437709 421559 62731.7 358827 18788.8 18335.6 340038 10088.3 1743.81 34005.7 123647 40567.6 329950
internal_count=3491925 3365555 2669048 2561949 354602 2207347 187019 184680 2020328 74445 10210 190169 696507 278488 1945883
is_linear=0
shrinkage=0.0206149


Tree=237
num_leaves=16
num_cat=0
split_feature=0 22 21 10 10 17 22 21 21 10 21 21 21 10 22
split_gain=304.185 277.974 301.368 263.915 455.238 356.394 302.451 415.626 879.458 246.098 306.418 231.325 225.35 249.317 465.878
threshold=9.5000000000000018 1.28445790668463 10.165688380836885 3.5000000000000004 2.5000000000000004 22.500000000000004 0.34783206826393503 8.498279917078472 7.0978331722289569 1.5000000000000002 3.9467081881518395 4.5220426205638962 2.9077954513099429 7.5000000000000009 1.5422999528494883
decision_type=2 2 2 2 2 2 2 2 2 2 2 2 2 2 2
left_child=1 3 9 4 5 -1 7 8 -5 10 -3 -6 13 -11 -15
right_child=-2 2 -4 6 11 -7 -8 -9 -10 12 -12 -13 -14 14 -16
leaf_value=-0.0013066273020213828 -0.0031120933806496995 0.0065338178771109229 -0.02596465424961308 -0.0018795813614663124 -2.6567834453535019e-05 0.0020397507681935083 0.00015078234465766774 0.017353683446898808 -0.023416668689792065 -0.0099545214027618508 -0.0083543478989168002 0.0036644453232063494 -0.00043148885616452046 0.0096809227452063287 -0.0088603583666250797
leaf_weight=34599.041572296992 13077.635751737282 705.13445709645748 206.74953876063228 21701.803467368707 9291.38262799941 22205.543361186981 360712.59834193438 448.89060759171844 836.82379777170718 2299.7550155036151 3520.934331137687 32304.197858836502 64621.888038154691 1061.6855778545141 1258.6718277409673
leaf_count=206121 221160 5704 1161 200361 56856 120154 2057749 2282 5257 17469 21701 169182 387703 7737 11234
internal_value=-4.42428e-06 6.87006e-05 -0.00111065 0.000248929 0.00120138 1.50906e-06 4.67309e-06 -0.00228803 -0.00267922 -0.00104071 -0.00587021 0.00283997 -0.000745946 -0.00514428 -0.000376747
internal_weight=568853 555775 73674.8 482100 98400.2 56804.6 383700 22987.5 22538.6 73468.1 4226.07 41595.6 69242 4620.11 2320.36
internal_count=3491831 3270671 452709 2817962 552313 326275 2265649 207900 205618 451548 27405 226038 424143 36440 18971
is_linear=0
shrinkage=0.0206149


Tree=238
num_leaves=16
num_cat=0
split_feature=18 23 10 26 10 10 21 10 17 26 10 23 5 12 0
split_gain=314.645 257.846 250.95 303.872 233.21 441.84 256.662 257.951 238.772 231.963 341.941 261.745 274.923 225.883 224.836
threshold=7.9999976666673618 5.441096092289925 10.500000000000002 0.0049045708830565849 1.5000000000000002 3.5000000000000004 4.5220426205638962 2.5000000000000004 30.500000000000004 0.0077827532546552967 8.5000000000000018 1.0763290301886912 5.5000000000000009 1.0000000180025095e-35 3.5000000000000004
decision_type=2 2 2 2 2 2 2 2 2 2 2 2 2 2 2
left_child=1 2 4 -4 13 6 -6 -8 9 10 11 -7 -13 -1 -10
right_child=-2 -3 3 -5 5 8 7 -9 14 -11 -12 12 -14 -15 -16
leaf_value=-0.0033621244767225466 -0.0033600096212699315 0.0017243893946593009 -0.0037876891033055667 -0.00052248679264041116 -0.00042041106967396455 -0.0010032213888597505 0.00086824578275160596 0.0035947084699075303 0.0030690785567730138 -0.00051218354408314576 -0.0016886360046675054 0.0012563098451873025 0.0048538680350095958 0.00075015545834927018 -0.0030595622958066448
leaf_weight=15059.133324310184 11647.855881376192 37076.027006292716 14349.082299925387 77706.716790225357 19029.725322995335 12068.130918350071 27484.382856993005 31819.883990431204 16722.590575087816 236101.41667210497 17147.427309701219 27110.40737355873 13533.776298914105 9110.7208456620574 3000.3092319890857
leaf_count=99982 182168 196435 103767 480006 119855 85610 149236 169720 84639 1379473 114834 136716 110614 51046 28347
internal_value=-6.67983e-06 6.3404e-05 -5.49689e-05 -0.00103145 0.000154963 0.000272635 0.0016627 0.00233114 -6.17055e-05 -0.000203424 0.000840076 0.00166267 0.00245423 -0.00181202 0.00213677
internal_weight=568968 557320 520244 92055.8 428188 404018 78334 59304.3 325684 305961 69859.7 52712.3 40644.2 24169.9 19722.9
internal_count=3492448 3310280 3113845 583773 2530072 2379044 438811 318956 1940233 1827247 447774 332940 247330 151028 112986
is_linear=0
shrinkage=0.0206149


Tree=239
num_leaves=16
num_cat=0
split_feature=0 10 17 23 22 0 17 10 23 17 23 22 22 22 22
split_gain=304.674 254.314 289.916 452.028 266.434 272.814 252.05 245.748 372.933 256.281 241.54 240.554 220.899 230.927 282.38
threshold=10.500000000000002 11.500000000000002 30.500000000000004 2.2757232691609919 1.4393531641324226 1.0000000180025095e-35 22.500000000000004 8.5000000000000018 4.1999926652017168 24.500000000000004 1.9878954316411059 0.30514925983679547 0.89724368588440628 0.75265217207367263 0.71762582808002995
decision_type=2 2 2 2 2 2 2 2 2 2 2 2 2 2 2
left_child=1 2 4 10 7 -6 -3 -1 9 11 -4 -9 13 14 -8
right_child=-2 6 3 -5 5 -7 12 8 -10 -11 -12 -13 -14 -15 -16
leaf_value=0.00046218295625316677 -0.0042591710475190598 -0.00013706048899917697 -4.2781623024033652e-05 0.0035083608760806202 -0.0039327859174810454 -8.8554721013819023e-05 -0.0014137456405876152 -0.0072886319340921737 0.0015518879509851366 0.00094266994878062648 -0.0078785651047779924 -0.0016138785823576716 -0.0047155883847008629 0.0038436086881838537 -0.017936971755895034
leaf_weight=335872.69353561476 7043.869039081037 29159.508028972894 9059.6614230200648 25013.215487141162 13903.7786985524 18004.314978670329 3194.5158769264817 3341.5909926425666 24849.724045541137 16918.248573347926 2050.1144692916423 63496.908730171621 13101.561991989613 3247.4410426318645 509.67513828352094
leaf_count=1951487 129024 186815 59581 135902 74860 133378 25111 35372 136957 116745 13372 387101 83087 20343 3324
internal_value=1.5829e-06 5.50117e-05 0.000190935 0.00197148 5.5921e-05 -0.00176366 -0.00136051 0.000186544 -0.000665887 -0.00132388 -0.00148874 -0.00189759 -0.00313955 -0.000169222 -0.00368725
internal_weight=568767 561723 512510 36123 476387 31908.1 49212.7 444479 108606 83756.7 11109.8 66838.5 20053.2 6951.63 3704.19
internal_count=3492459 3363435 3044755 208855 2835900 208238 318680 2627662 676175 539218 72953 422473 131865 48778 28435
is_linear=0
shrinkage=0.0206149


Tree=240
num_leaves=16
num_cat=0
split_feature=24 26 24 6 21 5 21 21 21 22 21 22 21 9 16
split_gain=294.166 286.081 239.779 219.501 519.434 394.962 347.982 267.846 264.821 256.609 213.428 197.861 245.335 204.26 209.289
threshold=3.5000000000000004 0.18415133782388449 10.500000000000002 1.0000000180025095e-35 9.4455548799437086 6.5000000000000009 9.5532169979213961 7.3240639589123662 8.4356090925039435 0.41940530016134797 2.5775260126738067 1.8006535075257839 6.6988236091977837 0.056060000000000006 21.500000000000004
decision_type=2 2 2 2 2 2 2 2 2 2 2 2 2 2 2
left_child=10 2 -2 4 7 6 11 -4 -7 -8 -1 13 -13 -5 -15
right_child=1 -3 3 5 -6 8 9 -9 -10 -11 -12 12 -14 14 -16
leaf_value=-0.008009369474392904 -0.00062395299823892337 0.0015743899806248481 0.00038877386704916784 0.0011170402971041129 -0.0088227228280774051 0.0046744405877937054 -0.044499383014288664 -0.0016758208526476471 0.022489374117468215 0.0057470362254123646 -0.0016759459355583388 -0.016792928800254549 0.0059879911859202052 -0.0010880347666238235 0.0024591797700915779
leaf_weight=2717.4133489821106 198688.64823036268 49575.027893157676 117609.92141954973 81808.118517331779 2943.8860262166709 6693.1907112821937 43.498456470668316 34548.486360605806 374.44317975640297 6170.8984168022871 13468.088374568149 603.0605848133564 301.25884459912777 44597.998557701707 8399.9639974236488
leaf_count=49194 1397244 263885 653355 373522 18892 36913 347 184948 1687 65413 175805 2677 1355 213144 52795
internal_value=4.26112e-08 8.03116e-05 -6.70063e-05 0.00029689 -0.000245944 0.000861985 0.000625129 -8.00048e-05 0.00561828 0.00539533 -0.00273928 0.000406694 -0.00920385 0.000471164 -0.000525816
internal_weight=568544 552358 502783 304095 155102 148992 141925 152158 7067.63 6214.4 16185.5 135710 904.319 134806 52998
internal_count=3491176 3266177 3002292 1605048 857195 747853 709253 838303 38600 65760 224999 643493 4032 639461 265939
is_linear=0
shrinkage=0.0206149


Tree=241
num_leaves=16
num_cat=0
split_feature=0 7 21 21 0 9 5 16 21 9 17 17 26 24 17
split_gain=304.185 224.388 319.524 289.602 244.135 235.444 218.717 167.129 159.985 203.226 258.492 181.176 187.077 164.686 158.103
threshold=10.500000000000002 1.0000000180025095e-35 7.9721794323999591 9.4455548799437086 1.5000000000000002 0.0095916666666666702 5.5000000000000009 18.500000000000004 5.471224972653717 0.0052983333333333346 27.500000000000004 27.500000000000004 0.013533576976316266 3.5000000000000004 33.500000000000007
decision_type=2 2 2 2 2 2 2 2 2 2 2 2 2 2 2
left_child=1 3 5 8 -5 -3 -4 -7 9 13 -11 -10 -13 -1 -9
right_child=-2 2 6 4 -6 7 -8 14 11 10 -12 12 -14 -15 -16
leaf_value=-0.002792201892581113 -0.004263515667828139 0.0012300569523386355 0.0021033524906070395 0.0018778810388237982 -0.011279958505764909 -0.00059527255875612946 0.011353596367645337 0.0019511751266067211 0.00059878423818056099 -0.0024642580908667178 0.0012634982067183753 -0.003283675495127199 0.00010035237500201386 1.6096981839544996e-05 -0.0044287747683225799
leaf_weight=9628.8632094878703 7005.0525620095432 67014.398045741022 32346.892085079104 890.18264582753181 1833.7516522649676 109848.4921949096 1124.0137624815106 19332.388374105096 124202.8337870203 41316.707678217441 9775.5715158842504 11290.899788159877 18026.428777808324 113236.27744749933 1804.7966831028461
leaf_count=136570 128817 346056 214611 5048 13600 514392 5349 98415 710549 222789 51628 73478 99158 863808 8051
internal_value=5.74387e-06 5.89891e-05 0.000551119 -0.000285994 -0.00697997 0.00023621 0.00241399 -0.000272258 -0.000230314 -0.00065836 -0.00175102 0.000254716 -0.00120293 -0.000203988 0.00140642
internal_weight=568678 561672 231471 330202 2723.93 198000 33470.9 130986 327478 173957 51092.3 153520 29317.3 122865 21137.2
internal_count=3492319 3363502 1186874 2176628 18648 966914 219960 620858 2157980 1274795 274417 883185 172636 1000378 106466
is_linear=0
shrinkage=0.0206149


Tree=242
num_leaves=16
num_cat=0
split_feature=23 0 21 9 21 22 0 21 9 21 21 22 23 22 21
split_gain=312.516 333.931 267.746 315.728 215.63 198.873 264.835 236.435 179.126 178.043 175.127 171.94 170.801 165.759 263.474
threshold=2.7960288739116739 8.5000000000000018 7.9721794323999591 0.10548666666666669 5.471224972653717 0.44138391047414033 1.5000000000000002 9.5532169979213961 0.011611666666666668 9.5532169979213961 6.5167053673724 0.040684701404504774 0.59980807237670752 0.06081292421828445 6.3240932972108643
decision_type=2 2 2 2 2 2 2 2 2 2 2 2 2 2 2
left_child=1 11 3 4 8 -4 7 -7 -2 -8 -5 -1 -3 14 -6
right_child=2 12 5 10 13 6 9 -9 -10 -11 -12 -13 -14 -15 -16
leaf_value=-0.005052692163541421 0.00066899430888319269 -0.010010047166695251 0.012006095178596091 -0.0023486216188725231 0.00089214918916519508 0.0020661106328192596 -0.0012252827710768589 0.0079724726479809861 -0.00087236194801334794 -0.015302080188507212 -8.1538676225830693e-05 -0.0003032015728684686 -0.0028902809991615255 0.0014853241917212518 -0.024639059446825047
leaf_weight=3282.9428570829332 86463.114258049056 1655.1669667791575 897.96016409248114 26056.318827044219 478.69474702700973 16765.378553383052 3539.5721786506474 3477.733896933496 50906.382051225752 428.00856970623136 32593.781044773757 243417.37354065105 10616.440857985988 87675.531857419759 267.90938278473914
leaf_count=45649 607454 38405 4644 121481 3810 93537 17987 38876 259298 2531 149342 1491154 176958 437264 3622
internal_value=-3.08183e-06 -0.000531506 0.000439001 0.000258869 0.000608912 0.00247962 0.00212629 0.00308081 9.77986e-05 -0.00274384 -0.00108873 -0.000366405 -0.00385058 0.00140296 -0.0082694
internal_weight=568522 258972 309550 284442 225792 25108.7 24210.7 20243.1 137369 3967.58 58650.1 246700 12271.6 88422.1 746.604
internal_count=3492012 1752166 1739846 1582271 1311448 157575 152931 132413 866752 20518 270823 1536803 215363 444696 7432
is_linear=0
shrinkage=0.0206149


Tree=243
num_leaves=16
num_cat=0
split_feature=23 20 12 10 10 10 17 23 10 17 10 10 10 21 17
split_gain=294.687 268.188 261.501 383.018 404.239 282.298 260.083 247.498 209.255 389.783 555.509 435.049 290.955 281.363 248.917
threshold=0.56816202062884391 0.27415922373873075 1.0000000180025095e-35 1.5000000000000002 3.5000000000000004 2.5000000000000004 12.500000000000002 6.4164853367658425 8.5000000000000018 18.500000000000004 7.5000000000000009 7.5000000000000009 6.5000000000000009 8.498279917078472 18.500000000000004
decision_type=2 2 2 2 2 2 2 2 2 2 2 2 2 2 2
left_child=1 -1 3 -2 5 -5 -6 8 9 10 12 -11 -8 -14 -10
right_child=2 -3 -4 4 6 -7 7 -9 14 11 -12 -13 13 -15 -16
leaf_value=-0.0080695367845318375 -0.0032714479759042821 -0.0013926074675417513 0.00096100239132534634 1.5554307471060538e-05 -0.0026425703475408189 0.0028070130444458135 0.0009274445648093946 0.0044565766937542748 -0.002090226687704966 -0.00021643672685053161 0.0036433981453176147 -0.0046251424501893464 -0.0022344865753888702 0.0071756129559371338 -0.00024339365554630426
leaf_weight=3192.0110556501895 15830.144852008671 12840.849055372179 120786.32757776044 28368.27733018063 18656.812186595052 33668.291089210659 66057.527861107141 4901.6305705904961 43479.837302476168 49899.164755189791 25737.135572962463 11752.43515394628 23376.076477535069 1433.1117535233498 108177.18990127183
leaf_count=59529 107168 80956 678646 165901 136900 191297 373404 25538 293328 319118 152866 79761 135827 10000 679986
internal_value=3.31871e-05 -0.00272193 0.000113192 -0.000124219 -4.31441e-06 0.00153053 -0.000273689 -0.000141689 -0.000210007 0.000268876 0.000969824 -0.00105685 0.00021256 -0.00169091 -0.000772878
internal_weight=568157 16032.9 552124 431338 415507 62036.6 353471 334814 329912 178255 116604 61651.6 90866.7 24809.2 151657
internal_count=3490225 140485 3349740 2671094 2563926 357198 2206728 2069828 2044290 1070976 672097 398879 519231 145827 973314
is_linear=0
shrinkage=0.0206149


Tree=244
num_leaves=16
num_cat=0
split_feature=23 0 18 10 17 26 21 5 10 23 22 22 21 21 24
split_gain=289.341 292.091 247.315 213.43 251.335 313.812 245.402 295.858 258.194 243.349 230.232 226.534 184.606 228.13 197.586
threshold=1.2835357795323079 6.5000000000000009 1.0769230147929036 11.500000000000002 30.500000000000004 0.0066737536237109285 5.471224972653717 5.5000000000000009 7.5000000000000009 2.2569932278849358 1.6312258488921307 0.0069134866388865148 5.0180116144158413 5.2705369392301735 8.5000000000000018
decision_type=2 2 2 2 2 2 2 2 2 2 2 2 2 2 2
left_child=1 -1 -2 4 6 9 10 -8 -9 -6 -4 -5 14 -14 -13
right_child=2 -3 3 11 5 -7 7 8 -10 -11 -12 12 13 -15 -16
leaf_value=-0.00073312897931302834 0.0028977319013685273 -0.0048113213940301327 -0.00025945818257129452 -0.014556508287576056 -0.0075968704616266227 0.0028772568379475459 0.00025827099736451558 0.0036667937885275221 -0.00013036755609742177 0.0023185785461757977 -0.0035392631257238159 -0.0019691949202786858 -0.0085950589640906259 -0.0016269156910053201 0.0026211979546286422
leaf_weight=63413.080572756007 13896.441577207297 8459.1278422959149 186791.20218792185 540.81406379491091 2348.4483352508396 26436.492614133283 180010.213769719 22144.182699419558 11594.746464064345 1905.2527227886021 9561.175688572228 7145.7336200363934 2188.0849036537111 22825.878740631044 9008.7585922218859
leaf_count=395393 130721 144145 1226269 10775 16064 144091 833387 160277 94063 11300 72025 60090 15290 126503 51324
internal_value=9.36406e-06 -0.00121312 0.000186365 0.000108275 0.000241645 0.00204108 0.000106983 0.000590309 0.00236186 -0.00315569 -0.000419165 -0.00130121 -0.00112708 -0.00223645 0.000590696
internal_weight=568270 71872.2 496397 482501 440792 30690.2 410102 213749 33738.9 4253.7 196352 41709.3 41168.5 25014 16154.5
internal_count=3491717 539538 2952179 2821458 2557476 171455 2386021 1087727 254340 27364 1298294 263982 253207 141793 111414
is_linear=0
shrinkage=0.0206149


Tree=245
num_leaves=16
num_cat=0
split_feature=24 10 23 17 21 21 24 21 21 21 21 22 8 0 23
split_gain=274.395 267.228 260.03 299.014 232.322 321.004 266.386 214.084 220.912 234.851 203.459 235.324 197.824 483.13 214.651
threshold=2.5000000000000004 11.500000000000002 2.9063507024699908 28.500000000000004 5.0180116144158413 5.2705369392301735 8.5000000000000018 8.2174596567307692 6.7237267579820594 6.6156419086800691 7.2624147812951865 1.142250545554361 0.024459995806857888 1.0000000180025095e-35 0.95409601915045117
decision_type=2 2 2 2 2 2 2 2 2 2 2 2 2 2 2
left_child=-1 2 12 -4 6 -6 -3 8 9 -7 11 -10 -2 -14 -15
right_child=1 4 3 -5 5 7 -8 -9 10 -11 -12 -13 13 14 -16
leaf_value=-0.0038979561328535265 0.00017823705764529764 -0.002435008340281149 0.00036693857918011709 0.0023659367639131206 -0.0096133946743553588 -0.001612154611875627 0.0025535404508055773 0.002825421985200657 -0.010920931562114128 0.0098049268753555574 -0.0026467387770255416 0.0042062075126378445 0.00068612833276185967 -0.008028834433732146 -0.0019821302291448697
leaf_weight=7558.9828253854066 154505.87014445476 7955.8564616367221 223957.77506700903 37062.618469193578 2481.9317468777299 13916.41161862947 10623.553065523505 3585.8107850924134 3154.3583057187498 810.25464182719588 5939.0669504478574 507.32058684155345 40914.727906510234 2618.8630935307592 52714.448898520321
leaf_count=122432 1026713 71258 1232268 197797 17974 83713 62917 23581 17505 4819 33167 2967 221356 24161 349390
internal_value=3.52292e-06 5.61155e-05 0.00019533 0.000650779 -0.00139864 -0.00250872 0.000417403 -0.00187701 -0.00257013 -0.000983992 -0.00500313 -0.00882509 -0.000278767 -0.00101239 -0.00226831
internal_weight=568308 560749 511774 261020 48974.6 30395.2 18579.4 27913.2 24327.4 14726.7 9600.75 3661.68 250754 96248 55333.3
internal_count=3492018 3369586 3051685 1430065 317901 183726 134175 165752 142171 88532 53639 20472 1621620 594907 373551
is_linear=0
shrinkage=0.0206149


Tree=246
num_leaves=16
num_cat=0
split_feature=18 18 10 26 10 10 21 17 21 21 21 21 10 12 17
split_gain=278.381 223.834 209.787 315.274 252.844 371.35 226.783 216.894 235.913 392.604 351.216 211.318 191.81 185.125 174.765
threshold=9.1666636111121296 0.999999969223486 10.500000000000002 0.004157765603692693 1.5000000000000002 3.5000000000000004 4.5220426205638962 20.500000000000004 5.0180116144158413 4.8374022697301653 5.1531358940652039 4.5880182377929133 2.5000000000000004 1.0000000180025095e-35 23.500000000000004
decision_type=2 2 2 2 2 2 2 2 2 2 2 2 2 2 2
left_child=1 -1 4 -4 13 6 -6 -5 9 -9 -10 -8 14 -3 -13
right_child=-2 2 3 7 5 -7 11 8 10 -11 -12 12 -14 -15 -16
leaf_value=0.0037562048443235542 -0.0039114334010811004 -0.0031550821320647333 -0.0038910807575357454 -0.0018698397125981895 -0.00031861718798964901 2.0373921516025708e-05 0.011233427247657234 0.0012009215252398845 -0.010229284543952978 0.011294044004859387 -0.00025520071598140857 -0.00021069418123811361 0.003084195435938309 0.00047120509764775288 0.003448661239414091
leaf_weight=6869.7216304168105 7610.4671320803463 15954.573761116713 12645.497682126239 28525.34939472191 20617.591251928359 347257.02963025868 1075.6717984713614 19532.525429045781 1569.7856728881598 1787.7145990785211 33915.16062942706 20690.305071886629 32991.969055620953 9572.230291383341 7577.6647392064333
leaf_count=79159 126462 106176 93855 189997 130475 2050426 6198 132045 9807 10678 185502 109022 171012 51891 38948
internal_value=4.78245e-06 5.7949e-05 1.2066e-05 -0.00085335 0.000198116 0.000316395 0.00155559 -0.000403176 0.000333325 0.00204724 -0.000696435 0.00217549 0.00201644 -0.00179527 0.000770252
internal_weight=568193 560583 553713 97976 455737 430210 82953.2 85330.5 56805.2 21320.2 35484.9 62335.6 61259.9 25526.8 28268
internal_count=3491653 3365191 3286032 621884 2664148 2506081 455655 528029 338032 142723 195309 325180 318982 158067 147970
is_linear=0
shrinkage=0.0206149


Tree=247
num_leaves=16
num_cat=0
split_feature=23 0 1 21 9 21 21 22 17 23 21 0 8 21 27
split_gain=282.764 268.612 214.436 291.025 257.397 434.418 305.629 249.364 238.19 236.551 236.284 252.19 331.157 210.674 198.567
threshold=5.441096092289925 10.500000000000002 2.5000000000000004 9.4455548799437086 0.033996666666666675 9.4455548799437086 6.3349969253393583 1.2662565442107627 15.500000000000002 1.2835357795323079 5.471224972653717 2.5000000000000004 0.033199990316669557 10.165688380836885 1.0000000180025095e-35
decision_type=2 2 2 2 2 2 2 2 2 2 2 2 2 2 2
left_child=1 2 4 -4 5 9 -6 -5 -8 -1 -11 -12 -13 -9 -14
right_child=-2 -3 3 7 6 -7 8 13 -10 10 11 12 14 -15 -16
leaf_value=-0.0011039327327895371 0.0017242470295190061 -0.0042215777938935774 0.00059594955694461816 0.0064216604314946161 -0.002632110404169663 -0.00993714275746122 0.0020131153825164168 0.0030456087217285693 -0.00098316048343535844 -0.00016177224373308422 0.0017635994960684422 0.0027805029448128844 -0.0070631501102869435 -0.028287061237879593 -0.00078293993699197031
leaf_weight=60077.88906324096 37436.929474970326 6730.5547302523628 56463.658531427383 5676.6940787173808 37357.016033958644 1850.5405384320766 14764.70925950259 202.26022055745125 47706.25317826122 179029.67040298134 74245.492365136743 11962.153754744679 2292.2500024214387 166.07910199463367 32115.571797020733
leaf_count=441948 201198 125685 294981 65092 180838 14000 66078 1869 213827 1214590 348332 89226 22471 903 210668
internal_value=-7.31816e-06 -0.000129481 -7.69106e-05 0.0010562 -0.000230419 2.54222e-05 -0.00115707 0.00535513 -0.000275005 7.66731e-05 0.000313381 0.00101865 -0.000174127 -0.0110819 -0.00120133
internal_weight=568078 530641 523910 62508.7 461402 361574 99828 6045.03 62471 359723 299645 120615 46370 368.339 34407.8
internal_count=3491706 3290508 3164823 362845 2801978 2341235 460743 67864 279905 2327235 1885287 670697 322365 2772 233139
is_linear=0
shrinkage=0.0206149


Tree=248
num_leaves=16
num_cat=0
split_feature=23 0 10 26 24 5 10 23 23 26 23 8 14 18 8
split_gain=286.572 278.447 227.422 235.479 174.266 237.81 261.992 172.346 165.249 221.675 164.389 153.653 191.892 147.43 136.019
threshold=4.2967662464852454 9.5000000000000018 10.500000000000002 0.0049045708830565849 9.5000000000000018 5.5000000000000009 7.5000000000000009 0.56816202062884391 1.4533169011540126 0.0063426771912338852 2.1242051576770864 0.016199993250002927 1.0000000180025095e-35 0.999999969223486 0.018889985832511811
decision_type=2 2 2 2 2 2 2 2 2 2 2 2 2 2 2
left_child=1 2 4 -4 14 -6 8 -3 -7 10 -10 -5 -13 -2 -1
right_child=13 7 3 11 5 6 -8 -9 9 -11 -12 12 -14 -15 -16
leaf_value=9.0265185736046047e-06 0.0069768377845241059 -0.011307966933636154 -0.0035908060359732285 0.00076523692948197053 7.7943981289365787e-05 0.00023321992196153203 -0.0005714985584483038 -0.0026189574593694078 0.010894872762387264 0.0022231879306810064 0.0045136959829795396 -0.0028896467799702707 -7.0492593560178346e-05 0.00079058944158028879 -0.0014836087703682065
leaf_weight=59012.425605203956 1659.3350403942168 1072.0172630148008 14066.458668231964 21667.235775204375 210902.94437401369 6782.4413028210402 12992.069829141721 10205.034308163449 2628.3399358689785 11984.038026269525 4940.8490408957005 19144.646717539057 22111.909362327307 122528.10479645617 46301.385759642348
leaf_count=471137 20359 27424 101099 149537 1027765 55664 99069 170756 18758 75647 34115 126398 122096 660183 331926
internal_value=-2.10776e-06 -0.00024705 -0.000163674 -0.00117949 5.62931e-05 0.000352375 0.00182407 -0.00344495 0.00300587 0.00396762 0.00672951 -0.000640448 -0.00137869 0.000873247 -0.000647213
internal_weight=567999 443812 432535 76990.3 355544 250231 39327.7 11277.1 26335.7 19553.2 7569.19 62923.8 41256.6 124187 105314
internal_count=3491933 2811391 2613211 499130 2114081 1311018 283253 198180 184184 128520 52873 398031 248494 680542 803063
is_linear=0
shrinkage=0.0206149


Tree=249
num_leaves=16
num_cat=0
split_feature=23 22 0 21 9 17 8 0 17 23 9 26 9 23 18
split_gain=284.644 291.357 232.422 217.224 298.941 206.129 196.655 453.997 248.836 258.608 235.51 229.067 219.847 216.115 207.651
threshold=2.9257560139833516 0.0069134866388865148 10.500000000000002 7.9540999683346358 0.21549000000000004 23.500000000000004 0.020401830613094831 1.0000000180025095e-35 25.500000000000004 1.0763290301886912 0.0040083333333333342 0.020106958615351233 0.011611666666666668 2.6075280761259432 1.7499998177083536
decision_type=2 2 2 2 2 2 2 2 2 2 2 2 2 2 2
left_child=1 -1 6 4 5 -2 10 12 9 -9 -3 13 -8 -10 -14
right_child=3 2 -4 -5 -6 -7 7 8 11 -11 -12 -13 14 -15 -16
leaf_value=-0.0067079067354365403 0.0001014695821853102 0.00063033349564823368 -0.0051560260369794388 0.0023384946467906475 -0.0014908209363912917 0.0014124253550635265 0.0037622584284734552 -0.0067979589453041845 -0.0078113095385697389 -0.00087032719899836721 -0.0011920388692431363 -0.0016335425996822465 0.00099451405520781483 -0.00083755788061584094 -0.001986726412220158
leaf_weight=3144.2221457427368 146147.81440639868 116120.24224637821 4295.8551321066916 23845.77981306985 34955.608122803271 78268.420274157077 7572.9091665111482 3353.1482537873089 7810.4718262087554 46544.490620944649 40699.408341810107 9077.2438036501408 28561.602124534547 2490.7052623555064 15219.719697441906
leaf_count=64872 840613 820545 81308 149080 161498 436849 38209 27679 57402 298036 201795 62085 164471 14653 73282
internal_value=-7.22029e-06 -0.000467305 -0.000397661 0.000455581 0.000282472 0.000558684 -0.000323985 -0.000949753 -0.00203862 -0.00126867 0.000157373 -0.00402118 0.000519115 -0.00612514 -4.18558e-05
internal_weight=568108 284890 281746 283218 259372 224416 277450 120630 69276.1 49897.6 156820 19378.4 51354.2 10301.2 43781.3
internal_count=3492377 1904337 1839465 1588040 1438960 1277462 1758157 735817 459855 325715 1022340 134140 275962 72055 237753
is_linear=0
shrinkage=0.0206149


Tree=250
num_leaves=16
num_cat=0
split_feature=21 23 20 12 10 10 17 10 20 23 10 21 21 21 26
split_gain=258.403 249.423 243.654 228.025 358.022 380.928 247.495 242.324 210.161 174.211 175.27 168.884 164.533 204.258 160.825
threshold=1.7031504040002887 0.56816202062884391 0.27415922373873075 1.0000000180025095e-35 1.5000000000000002 3.5000000000000004 12.500000000000002 2.5000000000000004 1.083328114611263 5.4798335682040404 10.500000000000002 3.6791166231115682 4.9722401756425851 5.1531358940652039 0.0049045708830565849
decision_type=2 2 2 2 2 2 2 2 2 2 2 2 2 2 2
left_child=-1 2 -2 4 -3 7 -7 -6 9 10 14 -5 -12 -14 -8
right_child=1 3 -4 11 5 6 8 -9 -10 -11 12 -13 13 -15 -16
leaf_value=-0.0071234796299401914 -0.0076888502758832968 -0.0031581155744635392 -0.0012432941731377611 -0.0018755898852721822 0.00010002270149744483 -0.0025711492284847372 0.001875401723588714 0.0026918427387653556 -0.0009114961651450409 0.0023527236086808758 0.00049812590317878911 0.0011267907001720305 -0.0083304231507588863 -0.0014927864704214076 0.00011584289883260541
leaf_weight=2143.7549169808626 3095.6467231502756 15690.936188347638 12789.563633307815 8571.6173129659146 28233.318495480344 18462.898248549551 26132.240659857169 33544.059621492401 99703.78704591468 15203.720496658236 19199.813767844811 111933.55346057937 1984.184661179781 28884.309788193554 142197.9762920402
leaf_count=27452 58590 105943 80551 58403 164320 134572 181050 189879 557855 84015 150240 618043 14246 178970 887459
internal_value=2.01801e-05 4.72549e-05 -0.00249938 0.000120842 -0.000101615 1.43557e-05 -0.00024784 0.00150734 -0.000119145 0.000219039 7.05032e-05 0.000913229 -0.0010003 -0.0019323 0.000389004
internal_weight=567771 565628 15885.2 549742 429237 413546 351769 61777.4 333306 233602 218399 120505 50068.3 30868.5 168330
internal_count=3491588 3464136 139141 3324995 2648549 2542606 2188407 354199 2053835 1495980 1411965 676446 343456 193216 1068509
is_linear=0
shrinkage=0.0206149


Tree=251
num_leaves=16
num_cat=0
split_feature=23 24 10 26 26 10 23 12 8 9 16 21 9 22 21
split_gain=256.857 273.409 228.647 374.391 311.586 292.756 302.244 281.59 303.073 238.749 205.39 202.15 369.797 234.198 180.511
threshold=4.077600594023127 6.5000000000000009 8.5000000000000018 0.0036036155847109321 0.0061755190013592512 2.5000000000000004 1.0763290301886912 1.0000000180025095e-35 0.016379987715010241 0.00019500000000000005 15.500000000000002 6.5517577475407842 0.10920166666666668 0.06081292421828445 6.5331346371712611
decision_type=2 2 2 2 2 2 2 2 2 2 2 2 2 2 2
left_child=1 -1 4 -4 5 -3 -7 8 -5 -9 -8 12 -2 -13 -6
right_child=11 2 3 7 14 6 10 9 -10 -11 -12 13 -14 -15 -16
leaf_value=-0.0017448923820314541 0.00088842705618676944 -0.0015158896691882084 -0.0031965162487586113 0.00083185315069404992 -0.00062138191479528819 -0.00050041071466041978 0.0036945094617025893 -0.0025205073724465774 -0.0017036280977966601 0.002787789894526015 -0.00095897253547057835 -0.026124736881138044 -0.0020994417713725046 0.0020411995015717681 0.00076034514686675373
leaf_weight=48448.617365859449 80638.828122073784 10965.689674992114 22686.549826365896 30772.676234964281 119158.4277588781 13112.601044654846 33285.901538517326 4477.5438011400402 57416.729081625119 18387.791315175593 4586.0843787826598 125.84783770143986 22519.695253141224 40443.333621390164 60623.446449974552
leaf_count=527542 474800 70693 164702 187809 648804 93499 203944 35228 330962 91301 25310 1380 105120 208631 322050
internal_value=-3.21073e-05 -0.000287444 -9.93843e-05 -0.000783309 0.000279005 0.00153983 0.00219705 -0.000290332 -0.000818901 0.00174831 0.003131 0.000721003 0.00023617 0.00195383 -0.000155456
internal_weight=567650 423922 375473 133741 241732 61950.3 50984.6 111055 88189.4 22865.3 37872 143728 103159 40569.2 179782
internal_count=3491775 2701844 2174302 810002 1364300 393446 322753 645300 518771 126529 229254 789931 579920 210011 970854
is_linear=0
shrinkage=0.0206149


Tree=252
num_leaves=16
num_cat=0
split_feature=23 22 22 21 23 21 21 20 18 26 9 21 21 23 9
split_gain=257.006 239.848 232.277 278.951 227.557 217.289 253.208 209.838 194.45 184.906 169.534 420.267 415.56 208.865 215.287
threshold=0.52990666487863136 0.0069134866388865148 1.28445790668463 10.165688380836885 5.7709751714452286 5.9818583011166453 5.8741452942276187 0.27415922373873075 0.999999969223486 0.21617074311863679 0.02329666666666667 6.5331346371712611 9.4455548799437086 3.5228007871149054 0.25392000000000009
decision_type=2 2 2 2 2 2 2 2 2 2 2 2 2 2 2
left_child=7 5 4 -4 8 6 -2 -1 -3 10 12 13 -10 -12 -15
right_child=1 2 3 -5 -6 -7 -8 -9 9 -11 11 -13 -14 14 -16
leaf_value=-0.0077388059445625112 -0.003603888403508863 0.0038527898650536651 -0.00088069665285423924 -0.024874410763391051 0.0024014142976662551 -0.019752801733493565 0.022961085006212013 -0.0014739454489497224 0.00037985655626931157 0.0016874098224379395 -0.0036547966801897492 0.00040804153797809501 -0.01076285544572223 -0.00044058398288543367 -0.0054757547691199884
leaf_weight=2833.3731502778828 6116.3347429037094 6113.6052568145096 73163.907316762954 206.49917302653193 20899.027327235788 344.6949298074469 156.38137974776328 11469.097097393125 280428.35629516467 30986.368327651173 19527.760175127536 78001.662829328328 1429.621472062543 32018.939057178795 4067.0757485851645
leaf_count=54598 116392 71614 462850 1154 107315 7073 1326 72632 1761050 181736 93674 379990 11442 150596 18943
internal_value=1.33517e-05 8.38585e-05 0.000131067 -0.000948226 0.000298317 -0.00381729 -0.00294161 -0.00271504 0.000201199 0.000151196 3.66241e-05 -0.000568193 0.000323339 -0.00193742 -0.00100807
internal_weight=567763 553460 546843 73370.4 473472 6617.41 6272.72 14302.5 452573 446460 415473 133615 281858 55613.8 36086
internal_count=3492385 3365155 3240364 464004 2776360 124791 117718 127230 2669045 2597431 2415695 643203 1772492 263213 169539
is_linear=0
shrinkage=0.0206149


Tree=253
num_leaves=16
num_cat=0
split_feature=23 22 21 22 19 10 10 21 22 21 21 0 21 10 22
split_gain=257.771 238.167 445.429 241.368 312.713 222.017 263.627 343.475 463.133 346.578 266.668 203.865 175.32 465.404 170.729
threshold=0.52990666487863136 0.040684701404504774 6.3240932972108643 1.0826891910149083 1.0000000180025095e-35 2.5000000000000004 4.5000000000000009 2.9077954513099429 0.0069134866388865148 1.855055599627089 5.7587741414269402 3.5000000000000004 1.9674393627302467 3.5000000000000004 2.2096224505731512
decision_type=2 2 2 2 2 2 2 2 2 2 2 2 2 2 2
left_child=11 2 5 4 -3 -2 7 9 -9 -7 -8 -1 13 -11 -5
right_child=1 3 -4 14 -6 6 10 8 -10 12 -12 -13 -14 -15 -16
leaf_value=-0.001102020131417385 -0.012163967075478985 -0.00025593810994352882 -0.023516687922863246 -0.00043269547731828492 0.00094441557090808273 -0.012492892177860947 -0.0040108277731533241 -0.0064666123096128007 0.016609197947419642 0.20116412588155952 0.019683956792728798 -0.0064519968479333136 0.029022986968871716 -0.021803742136557884 -0.0056434855235280553
leaf_weight=9964.7872233912349 857.14816092327237 163064.85924093798 434.64015080127865 165396.19370021857 212336.21869263053 94.194951085373759 6166.8525716941804 1129.4049954283983 549.42869782820344 8.6843309793621319 208.67943433299661 4347.5220656683668 297.40182763896883 7.3417057320475569 2716.0304299965501
leaf_count=58562 13142 1047407 7044 984806 1156954 2241 102617 14953 3676 163 2159 68848 4867 149 23710
internal_value=4.33959e-06 7.49993e-05 -0.00311781 0.000132297 0.000423012 -0.00216641 -0.00115372 0.0052068 0.00108536 0.0221813 -0.00323527 -0.00272713 0.032602 0.0990201 -0.000516881
internal_weight=567579 553267 9753.78 543513 375401 9319.14 8461.99 2086.46 1678.83 407.623 6375.53 14312.3 313.428 16.026 168112
internal_count=3491298 3363888 151011 3212877 2204361 143967 130825 26049 18629 7420 104776 127410 5179 312 1008516
is_linear=0
shrinkage=0.0206149


Tree=254
num_leaves=16
num_cat=0
split_feature=23 0 24 21 22 0 21 5 21 21 16 22 0 22 22
split_gain=261.688 268.098 202.72 176.319 213.352 157.522 505.148 255.393 222.918 211.673 202.364 182.126 155.427 179.614 155.182
threshold=4.1039953562774567 10.500000000000002 9.5000000000000018 6.5517577475407842 0.06081292421828445 1.0000000180025095e-35 7.2374452788289636 6.5000000000000009 8.6590924803699068 9.5532169979213961 12.500000000000002 1.7432476229411489 1.0000000180025095e-35 1.4393531641324226 0.59218928225173861
decision_type=2 2 2 2 2 2 2 2 2 2 2 2 2 2 2
left_child=1 2 14 12 -5 7 -7 10 -9 -8 -4 -12 13 -2 -1
right_child=3 -3 5 4 -6 6 9 8 -10 -11 11 -13 -14 -15 -16
leaf_value=-0.0021423851707668522 -0.00023737347964202887 -0.0046144052915474496 -0.00041511129759550067 -0.025908745753923476 0.0020145975066421518 0.00030205130324240928 -0.0020673726771949538 0.0035769669325809079 0.022977766336626234 -0.0086873757868453898 0.0013056283156149086 -0.013894550360607097 0.0009435334871677549 -0.0048455917935113094 -0.00046668276208024895
leaf_weight=31200.374079588801 34286.127662867308 5901.588022004813 64376.636826694012 116.62540870159864 39799.248871002346 121798.70627696812 34281.903239037842 7657.7665099948645 260.24429408460855 2183.3535366225988 63170.53612729162 336.77961632609367 63241.808127654716 4015.4502259120345 94988.401469431818
leaf_count=292217 160873 113995 291807 1346 205465 702503 187150 43984 1156 14098 341918 1514 387892 21440 724616
internal_value=3.9145e-06 -0.000251107 -0.000189834 0.000772185 0.00193301 0.000106759 -0.00033521 0.00062183 0.00421462 -0.00246374 0.000399381 0.00122502 0.000315874 -0.000720489 -0.000881003
internal_weight=567616 426156 420255 141459 39915.9 294066 158264 135802 7918.01 36465.3 127884 63507.3 101543 38301.6 126189
internal_count=3491974 2714958 2600963 777016 206811 1584130 903751 680379 45140 201248 635239 343432 570205 182313 1016833
is_linear=0
shrinkage=0.0206149


Tree=255
num_leaves=16
num_cat=0
split_feature=10 26 21 10 10 10 21 21 21 18 16 21 21 21 17
split_gain=243.868 276.81 238.476 428.823 515.098 347.335 271.485 271.464 327.871 243.78 198.478 243.953 327.247 275.279 195.117
threshold=10.500000000000002 0.0049045708830565849 4.5114119294954493 5.5000000000000009 6.5000000000000009 4.5000000000000009 4.4383656099313997 3.0521218154971899 4.4774244483293097 4.499999062500204 5.5000000000000009 4.9722401756425851 4.8586378000408255 5.1531358940652039 30.500000000000004
decision_type=2 2 2 2 2 2 2 2 2 2 2 2 2 2 2
left_child=2 -2 3 5 7 -1 9 -5 -9 -6 -3 12 -12 -13 -4
right_child=1 10 14 4 6 -7 -8 8 -10 -11 11 13 -14 -15 -16
leaf_value=-0.00108449726342704 -0.0035367762253007465 -0.0025089370414306004 0.00034195856847186144 -0.001960622188391113 0.00078519940426464638 -0.0050594117353165401 -0.0064377760886948814 0.0065717626374084742 -0.0089071669196874367 -0.0024904498534086246 0.0010693849606757981 -0.0077017060728676477 0.011004800476022687 -0.00050432443379222665 0.0026386647446475968
leaf_weight=38596.955852111802 14859.789935075678 16618.688745226711 333797.15329591557 2469.3334106449038 37325.828004416078 12325.728708378971 3007.8643230982125 9728.7875151894987 618.51637119427323 13024.381812635809 21966.266241729259 2384.3314948640764 1505.4044741541147 42730.585798300803 16496.60378227476
leaf_count=269271 113947 171952 1893041 21168 220166 86585 19502 66173 3695 162077 126085 13271 7998 225315 91173
internal_value=-1.68481e-05 -0.000940462 0.000180891 -0.000624497 0.000469852 -0.00204662 -0.000421535 0.00418086 0.0056465 -6.21319e-05 -0.000487665 2.09329e-06 0.00170661 -0.000884707 0.000450119
internal_weight=567456 100065 467391 117097 66174.7 50922.7 53358.1 12816.6 10347.3 50350.2 85205.3 68586.6 23471.7 45114.9 350294
internal_count=3491419 658568 2832851 848637 492781 355856 401745 91036 69868 382243 544621 372669 134083 238586 1984214
is_linear=0
shrinkage=0.0206149


Tree=256
num_leaves=16
num_cat=0
split_feature=7 21 21 5 9 24 8 0 10 10 23 9 8 23 0
split_gain=234.939 310.91 293.33 232.458 228.115 224.719 207.204 203.975 187.447 519.94 182.993 176.163 174.572 226.989 241.525
threshold=1.0000000180025095e-35 9.2144797882848355 8.1572970185175127 4.5000000000000009 0.052281666666666671 2.5000000000000004 0.13213647026933181 1.5000000000000002 3.5000000000000004 2.5000000000000004 5.6171668302078546 0.21549000000000004 0.016379987715010241 2.3599438266032329 3.5000000000000004
decision_type=2 2 2 2 2 2 2 2 2 2 2 2 2 2 2
left_child=1 5 4 -4 -2 -1 -6 -3 9 -7 12 -8 -10 14 -14
right_child=2 7 3 -5 6 8 11 -9 10 -11 -12 -13 13 -15 -16
leaf_value=-0.0039721985506021695 0.00072073666958443643 0.00034835772875518531 0.0020100352701471393 0.0099713045997048954 -0.0027033280476285353 -0.00079128239823105786 0.0012543118758167084 -0.0093764194643221332 0.00016576202452386212 0.0028724565595959323 0.0019906044083871821 -0.0012248640016798294 -0.001152856237945125 -0.00058081650506241708 -0.0048357540396019904
leaf_weight=6824.0331809530035 136399.88553849235 1400.8641714379191 26872.434306070209 1654.5913964658976 17168.293106026947 38447.951046953909 22780.076159898192 2651.5125274304301 88259.108609174378 28785.982880631462 12479.821544047445 26177.174735382199 20455.42878234759 125106.48862556554 12010.558082067408
leaf_count=115541 679873 7571 188766 7570 80578 246872 106051 20089 678752 167191 69283 124312 113556 746864 139508
internal_value=8.54504e-06 -0.00033907 0.000514687 0.0024718 0.000239015 -0.000269871 -0.000754651 -0.00601467 -0.000192264 0.000777335 -0.000444633 -7.12899e-05 -0.00056826 -0.000979398 -0.00251532
internal_weight=567474 336422 231052 28527 202525 332369 66125.5 4052.38 325545 67233.9 258311 48957.3 245832 157572 32466
internal_count=3492377 2305227 1187150 196336 990814 2277567 310941 27660 2162026 414063 1747963 230363 1678680 999928 253064
is_linear=0
shrinkage=0.0206149


Tree=257
num_leaves=16
num_cat=0
split_feature=21 23 26 24 9 20 0 21 21 22 9 22 21 21 23
split_gain=247.144 230.378 212.934 209.255 284.764 203.709 199.616 394.022 320.947 222.905 217.787 200.359 189.585 184.679 310.428
threshold=1.7031504040002887 0.56816202062884391 0.21617074311863679 11.500000000000002 0.022321666666666674 0.27415922373873075 1.0000000180025095e-35 9.2144797882848355 9.5532169979213961 0.41940530016134797 0.054055000000000013 1.2662565442107627 7.3240639589123662 6.6487394277811775 2.934643528297578
decision_type=2 2 2 2 2 2 2 2 2 2 2 2 2 2 2
left_child=-1 5 3 4 -3 -2 8 12 10 -10 -5 -11 -8 14 -6
right_child=1 2 -4 6 13 -7 7 -9 9 11 -12 -13 -14 -15 -16
leaf_value=-0.0070188792022456903 -0.0072235090078064459 -1.3067455429721056e-05 0.0014794550475673851 0.001675920177579549 -0.0063229841679354731 -0.0012872848250262989 0.00063772174170398334 -0.006826769421539312 -0.043952232939154019 0.0070475570499241025 -0.00023824741490377073 -0.0088508767756624671 -0.0014743671609006189 0.00014026728329756221 -0.0015433391827763961
leaf_weight=2125.2126568555832 3040.5769378002733 230325.8467226373 43473.789874164388 56686.936306662858 6627.6553149595857 12793.145827163011 66521.374781999737 3667.8840120397508 38.089036539196968 5529.467620395124 45563.239614695311 358.72337628155947 24792.272611252964 20872.72886865586 44872.397893141955
leaf_count=27501 58774 1642466 264319 265372 34659 80733 352789 21969 300 61700 235921 2634 128309 95486 219116
internal_value=-2.07311e-06 2.43125e-05 9.49749e-05 -2.40086e-05 -0.000367501 -0.00242723 0.000487783 -0.000201835 0.00109328 0.00575743 0.000822957 0.00607898 6.42753e-05 -0.00149548 -0.00215844
internal_weight=567289 565164 549330 505857 302699 15833.7 203158 94981.5 108176 5926.28 102250 5888.19 91313.6 72372.8 51500.1
internal_count=3492048 3464547 3325040 3060721 1991727 139507 1068994 503067 565927 64634 501293 64334 481098 349261 253775
is_linear=0
shrinkage=0.0206149


Tree=258
num_leaves=16
num_cat=0
split_feature=23 10 23 26 0 17 17 10 22 23 18 9 8 9 8
split_gain=237.058 433.378 300.767 328.098 269.289 252.126 247.686 293.413 195.046 189.981 184.138 222.739 265.395 300.316 189.586
threshold=2.293365257297483 6.5000000000000009 1.9878954316411059 0.023047333775226917 6.5000000000000009 22.500000000000004 30.500000000000004 11.500000000000002 0.0069134866388865148 6.4164853367658425 0.999999969223486 0.035238333333333337 0.16356096728780656 0.21549000000000004 0.42854967858776788
decision_type=2 2 2 2 2 2 2 2 2 2 2 2 2 2 2
left_child=1 8 4 5 -3 -4 9 -8 -1 10 -2 -12 -13 -14 -15
right_child=6 2 3 -5 -6 -7 7 -9 -10 -11 11 12 13 14 -16
leaf_value=-0.0097598415544278387 0.0042918156518443806 -0.00060631906466039642 -0.0031692997960322648 -0.0010088703519238094 -0.0046528362153913814 -0.0098218062140332813 0.0031388163301033917 -0.00097129108340247145 0.00059670776810437788 0.0034753858578844888 0.00039440365432374822 -0.0019663678424318861 0.0014658507797659622 -0.0038254033131751189 -0.00042431627432142446
leaf_weight=780.23079415317625 4299.1054872609675 74256.668459916487 4813.1156610641629 8754.4991469178349 7715.1930351527408 4871.542353445664 25055.889092536643 10463.9535635598 81157.506617834792 7031.6362922601402 216676.31097556651 44915.482282418758 34213.035223446786 8796.5998772084713 33454.817784231156
leaf_count=16406 51812 470744 34278 61470 138472 35332 137348 60597 527473 36519 1344108 210285 160559 42099 164617
internal_value=-2.16546e-06 -0.000614438 -0.00152229 -0.00390114 -0.000987177 -0.00651562 0.000287897 0.001928 0.00049809 0.000121159 5.22667e-05 -1.64822e-06 -0.000708644 3.01478e-05 -0.00113241
internal_weight=567256 182349 100411 18439.2 81971.9 9684.66 384907 35519.8 81937.7 349387 342355 338056 121380 76464.5 42251.4
internal_count=3492119 1284175 740296 131080 609216 69610 2207944 197945 543879 2009999 1973480 1921668 577560 367275 206716
is_linear=0
shrinkage=0.0206149


Tree=259
num_leaves=16
num_cat=0
split_feature=23 10 10 24 22 21 21 22 21 22 22 22 21 10 22
split_gain=231.067 244.331 503.191 283.52 221.69 243.345 477.497 230.588 205.932 263.841 296.479 259.333 193.179 225.157 184.16
threshold=5.441096092289925 3.5000000000000004 1.5000000000000002 3.5000000000000004 0.51652621535039245 8.1572970185175127 8.078353259881986 0.040684701404504774 4.5220426205638962 0.41940530016134797 1.0000000180025095e-35 0.63661791176003579 3.0521218154971899 2.5000000000000004 0.34783206826393503
decision_type=2 2 2 2 2 2 2 2 2 2 2 2 2 2 2
left_child=1 2 4 -3 7 6 -6 -1 11 10 -10 12 13 -4 -5
right_child=-2 3 8 14 5 -7 -8 -9 9 -11 -12 -13 -14 -15 -16
leaf_value=-0.012355171108568807 0.0015779785388485769 -0.0033597594550031184 -0.0070450953287808154 -0.0021935102117772165 -0.0029291263176779753 0.0044144931953892996 -0.049841591858482047 0.0061712738760899295 -0.016892972038204505 0.001757026091664412 0.0074430635773748994 0.0012175453856378504 -0.0061752612259787024 0.010965158840916721 -0.00012719476713421018
leaf_weight=325.91127119679004 37458.605697918683 12623.312402464449 518.72184116579592 19225.206779922359 19839.70395203121 1989.1244995053858 92.635647635906935 2302.825806107372 221.57769835367799 54347.934627369046 5335.9690055586398 14303.648566007614 4193.0776487924159 683.9332936629653 393670.70123944245
leaf_count=5751 201111 180531 5581 166884 124201 12711 479 15753 2914 295811 29808 88750 31179 6582 2323222
internal_value=1.326e-05 -9.7397e-05 0.000797524 -0.000316448 -0.00178265 -0.00246102 -0.00314715 0.00387436 0.00159325 0.00219452 0.00647279 -0.000235186 -0.00408626 0.00319709 -0.000223406
internal_weight=567133 529674 104155 425519 24550.2 21921.5 19932.3 2628.74 79604.9 59905.5 5557.55 19699.4 5395.73 1202.66 412896
internal_count=3491268 3290157 619520 2670637 158895 137391 124680 21504 460625 328533 32722 132092 43342 12163 2490106
is_linear=0
shrinkage=0.0206149


Tree=260
num_leaves=16
num_cat=0
split_feature=23 22 22 20 20 23 10 10 22 22 22 18 22 24 23
split_gain=253.863 218.745 213.881 227.46 213.431 205.411 212.762 505.924 261.204 217.644 698.209 222.922 204.884 199.258 176.754
threshold=0.56816202062884391 2.2096224505731512 1.0000000180025095e-35 0.51851732716354426 0.32182478690402783 6.4164853367658425 3.5000000000000004 1.5000000000000002 0.5094878003426061 0.91640341703626516 0.91932682370059438 1.1999999460000026 0.040684701404504774 11.500000000000002 2.4346578311628386
decision_type=2 2 2 2 2 2 2 2 2 2 2 2 2 2 2
left_child=4 2 3 -2 -1 6 7 8 12 -9 11 -11 -4 -10 -8
right_child=1 -3 5 -5 -6 -7 14 9 13 10 -12 -13 -14 -15 -16
leaf_value=-0.0074098693080542066 -0.0077649793966312599 -0.0058228613767054892 -0.017341804579590756 0.00098958926779680939 -0.0014117669536425931 0.0034835902614629732 -0.00072063034512042246 0.0024816326224365612 -0.0039386928502439088 -0.083510460247190041 0.00064608868760277004 -0.022007365335408646 0.0063850249214310595 4.4078072870281905e-05 0.00016146125086196264
leaf_weight=3145.198192181997 3009.3913861624897 2687.4361664019525 166.07363704964519 2171.1750559061766 12705.495204411447 7575.1333438903093 146373.97544375435 51912.132335428149 13619.58730160445 26.705056019127369 28735.881036348641 402.89673903957009 2251.3444042056799 8779.590969003737 283552.20509915799
leaf_count=60095 82157 23547 1663 30130 80462 37979 991521 285133 90453 159 163235 2150 15109 46944 1581024
internal_value=-2.97759e-05 4.41828e-05 7.29251e-05 -0.00409594 -0.00260195 0.00011267 6.50135e-05 0.000892725 -0.00168281 0.00168105 0.000256093 -0.0258305 0.00475502 -0.0023776 -0.000138858
internal_weight=567114 551264 548576 5180.57 15850.7 543396 535820 105894 24816.6 81077.6 29165.5 429.602 2417.42 22399.2 429926
internal_count=3491761 3351204 3327657 112287 140557 3215370 3177391 604846 154169 450677 165544 2309 16772 137397 2572545
is_linear=0
shrinkage=0.0206149


Tree=261
num_leaves=16
num_cat=0
split_feature=24 26 10 26 22 21 21 22 22 22 21 21 22 22 21
split_gain=232.907 233.662 199.114 263.372 212.563 206.967 458.735 205.136 167.62 232.336 201.446 213.655 195.004 429.204 162.201
threshold=2.5000000000000004 0.21617074311863679 10.500000000000002 0.004157765603692693 1.4393531641324226 4.185652929013421 4.2426061441409439 1.4494297383695705 0.58591735895920771 0.84159495736405832 6.1452249502306424 6.3240932972108643 0.74583613453465769 0.76145465093361941 6.1184920761629833
decision_type=2 2 2 2 2 2 2 2 2 2 2 2 2 2 2
left_child=-1 2 4 -4 -2 7 -7 -6 14 10 12 -12 -10 -14 -5
right_child=1 -3 3 8 5 6 -8 -9 9 -11 11 -13 13 -15 -16
leaf_value=-0.0036119755375258705 0.00025307905187401053 0.0015625325708716624 -0.0036525103428129593 -0.0042160690113815348 -0.020992469596723205 0.016665753123245468 -0.00094796597879915343 -0.0035207820284716969 0.0010868632437430095 -0.00086507346555622655 -0.013482211785746595 0.00015363351519234069 0.01929264074231515 0.0037612983214388566 0.0019523874774183506
leaf_weight=7424.2988737951964 399275.73853447288 40951.439380140044 12955.868639515713 8358.7706628944725 294.60842083767056 651.58728349581361 17641.401977568865 9323.3120790868998 6328.3861009851098 48088.927319934592 524.09763304516673 7154.7579275798053 914.68935330212116 4362.5078932084143 2312.8716724812984
leaf_count=122416 2368713 227381 100470 67073 2122 4478 104473 70121 41341 292489 3021 38849 5890 27054 13428
internal_value=1.52941e-05 6.34573e-05 -5.50119e-05 -0.000930548 0.000131498 -0.00160776 -0.000320574 -0.00405596 -0.000478688 -9.84615e-05 0.00181321 -0.000777041 0.00352706 0.00645332 -0.00287918
internal_weight=566563 559139 518188 91000.9 427187 27910.9 18293 9617.92 78045 67373.4 19284.4 7678.86 11605.6 5277.2 10671.6
internal_count=3489319 3366903 3139522 589615 2549907 181194 108951 72243 489145 408644 116155 41870 74285 32944 80501
is_linear=0
shrinkage=0.0206149


Tree=262
num_leaves=16
num_cat=0
split_feature=23 7 8 23 9 23 21 21 9 5 24 10 23 26 9
split_gain=220.681 241.589 328.23 234.301 230.287 216.117 222.455 197.49 257.845 208.217 186.749 190.617 215.496 301.932 173.506
threshold=4.2967662464852454 1.0000000180025095e-35 0.021497495969219595 0.95409601915045117 0.0052983333333333346 1.2281422311996446 5.471224972653717 8.1572970185175127 0.018201666666666672 5.5000000000000009 8.5000000000000018 5.5000000000000009 2.3250492078427536 0.049963228125135602 0.00038500000000000009
decision_type=2 2 2 2 2 2 2 2 2 2 2 2 2 2 2
left_child=1 2 4 -4 5 -1 -7 8 -3 -9 -5 -12 13 14 -13
right_child=-2 7 3 10 -6 6 -8 9 -10 -11 11 12 -14 -15 -16
leaf_value=-0.00093138808774711915 0.0007742875687659687 0.00084043629486944089 -0.0066973175416649953 -0.0026063816650095349 -0.0021539323701943104 0.00047948466107164428 0.003121350447470376 0.0017803058429665818 -0.00087240594975847123 0.012146938543943716 0.0003424165127390601 -0.0076418994507379025 -0.00078759455889226468 0.0021522709848713663 -0.002686984973022557
leaf_weight=33302.223245295696 124088.4462616574 88313.032732430845 3343.7532924413681 29908.028001619503 16290.932680238038 63616.653090111911 17209.281392093748 22100.232093099505 64721.934608802199 855.2471147030592 40654.744826946408 5830.6382948998362 47352.021443292499 3071.5795456115156 6193.6765179038048
leaf_count=301351 680119 448580 33782 272209 82830 518525 109571 150647 307337 4048 216276 59009 257236 17602 31652
internal_value=5.95627e-06 -0.000209375 -0.000600492 -0.00130768 0.00013888 0.000466161 0.00104198 0.000383495 0.000116037 0.00216653 -0.00117219 -0.000756158 -0.00147135 -0.00361612 -0.00508964
internal_weight=566852 442764 266774 136354 130419 114128 80825.9 175990 153035 22955.5 133011 103103 62447.9 15095.9 12024.3
internal_count=3490774 2810655 1900043 887766 1012277 929447 628096 910612 755917 154695 853984 581775 365499 108263 90661
is_linear=0
shrinkage=0.0206149


Tree=263
num_leaves=16
num_cat=0
split_feature=23 20 22 22 10 10 22 17 20 24 3 23 10 10 22
split_gain=228.839 221.595 207.737 209.638 215.19 266.77 256.087 232.576 198.979 190.577 186.823 181.177 195.052 363.204 390.941
threshold=0.56816202062884391 0.27415922373873075 1.6312258488921307 0.040684701404504774 2.5000000000000004 4.5000000000000009 0.0069134866388865148 14.500000000000002 0.33854099793968889 3.5000000000000004 5.5000000000000009 6.4164853367658425 3.5000000000000004 1.5000000000000002 0.5094878003426061
decision_type=2 2 2 2 2 2 2 2 2 2 2 2 2 2 2
left_child=1 -1 3 4 -2 6 -6 -8 -7 -9 -10 12 13 14 -5
right_child=2 -3 -4 11 5 8 7 9 10 -11 -12 -13 -14 -15 -16
leaf_value=-0.0074855800529156948 -0.012705093599444345 -0.0012745463393576419 -0.0022423291572164074 0.0068827531538687156 -0.00063704971324361986 -0.0083735854455454402 -0.0030111200592862356 0.063402250403952753 0.00028169706953622619 0.018312936090453633 -0.016075761552523649 0.0034119698761652297 -6.2880023090516079e-05 0.0016201442304472394 -0.0021461953713261903
leaf_weight=3016.8806037716568 864.08385578356683 12791.81513851881 16224.156305018812 2251.4025612138212 1453.6851472388953 2636.8789885342121 224.31533155217767 43.69380770996213 3621.0639029741287 451.27590097486973 323.21536767482758 7272.2208550795913 415766.10816929117 78308.738015968353 21497.536410521716
leaf_count=59575 13959 80983 118810 15049 22255 67864 1497 481 39314 3027 1866 36278 2467005 431801 131208
internal_value=-1.44147e-05 -0.00245984 5.57547e-05 0.000125482 -0.00289049 -0.00192173 0.00434105 0.0144018 -0.00398957 0.0222932 -0.00105872 0.000180726 0.000135347 0.000942892 -0.00129025
internal_weight=566747 15808.7 550938 534714 9618.21 8754.13 2172.97 719.285 6581.16 494.97 3944.28 525096 517824 102058 23748.9
internal_count=3490972 140558 3350414 3231604 150263 136304 27260 5005 109044 3508 41180 3081341 3045063 578058 146257
is_linear=0
shrinkage=0.0206149


Tree=264
num_leaves=16
num_cat=0
split_feature=21 10 17 23 23 21 21 24 10 10 17 23 21 21 15
split_gain=218.717 203.127 260.623 378.132 232.7 227.473 278.266 236.363 196.482 409.467 298.605 217.839 209.039 206.774 189.688
threshold=1.7031504040002887 11.500000000000002 30.500000000000004 2.2757232691609919 1.9878954316411059 5.0180116144158413 5.2705369392301735 8.5000000000000018 3.5000000000000004 2.5000000000000004 22.500000000000004 5.4798335682040404 4.5220426205638962 4.8094856757043338 18.500000000000004
decision_type=2 2 2 2 2 2 2 2 2 2 2 2 2 2 2
left_child=-1 2 8 4 -4 7 -7 -3 9 10 -2 -10 -11 -14 -5
right_child=1 5 3 14 -6 6 -8 -9 11 12 -12 -13 13 -15 -16
leaf_value=-0.0066359720786407081 -0.0013513179719256631 -0.0020489807305609812 9.4216011200788134e-05 0.0025277685743060429 -0.0075893084779316503 -0.0089636951171627195 -0.0017491111458479386 0.0025951245649486411 -0.00033199831684569905 -0.00017080528377461698 0.0015178443946239528 0.0017513232467445245 0.0082409979706255469 0.0025799616175159186 0.0077418162763989683
leaf_weight=2097.7287528011948 40577.055757260881 8339.7514121439308 9079.5640947911888 21683.829587465152 2054.0338962972164 2473.391611745581 27895.454601434991 10547.627093872055 345232.14627736434 11185.887508494779 24859.117660865188 22734.292580183595 3002.0686837974936 31649.896994050592 3434.8780708909035
leaf_count=27400 257174 79451 61994 114752 13697 18495 167584 62485 2147355 72820 137480 121574 17542 169621 22742
internal_value=8.21198e-06 3.28914e-05 0.000153744 0.00183907 -0.00132331 -0.0012319 -0.0023367 0.000544513 2.62568e-05 0.000785311 -0.000261327 -0.000203283 0.00227945 0.0030704 0.00324077
internal_weight=566847 564749 515493 36252.3 11133.6 49256.2 30368.8 18887.4 479240 111274 65436.2 367966 45837.9 34652 25118.7
internal_count=3492166 3464766 3136751 213185 75691 328015 186079 141936 2923566 654637 394654 2268929 259983 187163 137494
is_linear=0
shrinkage=0.0206149


Tree=265
num_leaves=16
num_cat=0
split_feature=21 22 21 21 10 10 23 0 23 12 10 10 17 20 22
split_gain=204.018 200.977 201.261 304.252 542.838 228.545 196.676 192.604 189.404 178.833 323.217 299.088 207.281 194.54 221.109
threshold=1.7031504040002887 2.2096224505731512 3.130131150631756 3.3200780557860594 5.5000000000000009 7.5000000000000009 0.52990666487863136 6.5000000000000009 6.4164853367658425 1.0000000180025095e-35 1.5000000000000002 3.5000000000000004 12.500000000000002 0.99999907417667588 0.26131766481581192
decision_type=2 2 2 2 2 2 2 2 2 2 2 2 2 2 2
left_child=-1 6 -3 4 -4 -6 7 -2 9 10 -8 -12 -13 14 -14
right_child=1 2 3 -5 5 -7 8 -9 -10 -11 11 12 13 -15 -16
leaf_value=-0.0064414325548505921 -0.0013426422639053613 -0.014003317076746825 -0.021670269898423036 -0.0044920610251409261 0.1249571704319796 0.041326641412456337 -0.0030705926564989347 -0.008057348872028405 0.0033182846309822043 0.00076484169599474192 0.0013025201221836388 -0.0024098972270351527 -0.0026931616910539961 -0.00080218143906313178 0.00039469876516521528
leaf_weight=2087.1418813224882 11881.758055973798 841.5756145529449 63.752453237771988 1566.8326898962259 16.73651460558176 81.558302469551563 15419.172659514472 2142.7957742447034 7680.2461583390832 118697.26018265355 60873.517067991197 18136.355029350147 10377.240091472864 120932.42801985703 195795.27059881762
leaf_count=27356 78800 8460 584 12220 201 890 104664 46522 39575 667855 349095 132740 119372 676920 1224757
internal_value=-8.07686e-06 1.57091e-05 -0.00573549 -0.00171091 0.02518 0.0555663 4.20167e-05 -0.00236857 0.000103719 5.8019e-05 -0.000141011 -2.97821e-05 -0.000264696 -0.000145755 0.000239278
internal_weight=566594 564506 2570.46 1728.88 162.047 98.2948 561936 14024.6 547911 540231 421534 406115 345241 327105 206173
internal_count=3490011 3462655 22355 13895 1675 1091 3440300 125322 3314978 3275403 2607548 2502884 2153789 2021049 1344129
is_linear=0
shrinkage=0.0206149


Tree=266
num_leaves=16
num_cat=0
split_feature=21 22 14 22 22 21 21 10 10 21 21 22 21 21 22
split_gain=227.348 198.318 221.295 242.832 152.343 194.607 251.941 477.12 212.859 155.309 423.576 340.818 273.833 350.369 381.812
threshold=1.7031504040002887 1.0826891910149083 1.0000000180025095e-35 1.0000000180025095e-35 2.2096224505731512 3.130131150631756 3.3200780557860594 5.5000000000000009 7.5000000000000009 4.8094856757043338 4.627008771227076 2.0156962138072427 5.625741984822656 5.7054612255051671 1.1803360127219003
decision_type=2 2 2 2 2 2 2 2 2 2 2 2 2 2 2
left_child=-1 2 -2 -4 9 -6 7 -7 -9 10 -3 -12 -11 14 -14
right_child=1 4 3 -5 5 6 -8 8 -10 12 11 -13 13 -15 -16
leaf_value=-0.0068248597892176651 -0.00028329990651964894 -0.00035185466430545453 -0.0065785740473818747 0.0007664721348059402 -0.013714331683380498 -0.022134853757122798 -0.0041744411954941071 0.11313373328210904 0.035921599204552214 -0.0026905289168544832 0.0040363934341290705 0.032986690911227211 -0.0057895387020501171 -0.00060092558046006899 0.011346326600022945
leaf_weight=2073.0374565906823 172568.62920800969 51094.759444931522 1929.7189110182226 218682.69508937374 836.81568733416498 63.380349177867174 1572.6873747855425 18.450989242643118 85.416571740061045 28566.414001587778 8215.926397556439 176.52656210958958 753.05662020295858 77994.739412691444 2075.7356949299574
leaf_count=27315 1178764 348180 38698 1206496 8469 599 12303 198 911 179020 51076 1168 3972 422647 12092
internal_value=-1.0471e-05 1.45478e-05 0.000269674 0.000702224 -0.000570512 -0.00554522 -0.00161631 0.0224386 0.0496375 -0.000494607 0.000353148 0.00464533 -0.000955624 -0.000342436 0.00678456
internal_weight=566708 564635 393181 220612 171454 2576.75 1739.94 167.248 103.868 168877 59487.2 8392.45 109390 80823.5 2828.79
internal_count=3491908 3464593 2423958 1245194 1040635 22480 14011 1708 1109 1018155 400424 52244 617731 438711 16064
is_linear=0
shrinkage=0.0206149


Tree=267
num_leaves=16
num_cat=0
split_feature=22 22 14 22 0 24 27 10 17 10 8 17 10 22 22
split_gain=215.363 213.037 255.616 161.956 148.206 256.321 204.116 153.197 195.909 148.732 140.326 135.918 198.439 207.778 312.101
threshold=1.0000000180025095e-35 1.0826891910149083 1.0000000180025095e-35 2.2096224505731512 5.5000000000000009 5.5000000000000009 1.0000000180025095e-35 6.5000000000000009 20.500000000000004 5.5000000000000009 1.5768393862483261 28.500000000000004 3.5000000000000004 0.74308273868693753 0.79005541990011885
decision_type=2 2 2 2 2 2 2 2 2 2 2 2 2 2 2
left_child=4 2 -2 -3 5 7 9 -1 -9 -6 11 12 -4 -14 -15
right_child=1 3 10 -5 6 -7 -8 8 -10 -11 -12 -13 13 14 -16
leaf_value=-0.0021361833228316553 -0.00030458569429586712 -0.00049671893061887162 0.0014869929215261775 -0.0055875626791277383 -0.0018756028141495135 -0.007969964430658347 0.011977725791031282 0.020947639157493741 0.00074428627346265165 -0.013238946157118202 0.0031183740544075251 0.0017508275174018754 -0.0012023740593952461 0.0041702659648172984 0.00010343466623518922
leaf_weight=743.51169571653008 170166.67925330438 169141.65420472994 49962.702477294952 2698.0680029634386 717.21620916109532 1224.371905490756 202.41720627900213 406.11467890068889 409.78453647717834 1541.7285866774619 10225.248798098415 38520.855148356408 43239.872128965333 9091.2478370573372 68023.004571475089
leaf_count=11360 1119210 1020989 265504 24212 22266 13604 5330 6603 6551 50476 66868 212039 244788 49230 370585
internal_value=-1.0958e-05 2.79114e-05 0.000294818 -0.000576651 -0.00416879 -0.000910393 -0.00785402 0.00463243 0.0108005 -0.00963108 0.00076043 0.000644979 0.000394867 -5.85077e-05 0.000582887
internal_weight=566314 561069 389230 171840 5245.14 2783.78 2461.36 1559.41 815.899 2258.94 219063 208838 170317 120354 77114.3
internal_count=3489615 3373425 2328224 1045201 116190 38118 78072 24514 13154 72742 1209014 1142146 930107 664603 419815
is_linear=0
shrinkage=0.0206149


Tree=268
num_leaves=16
num_cat=0
split_feature=18 23 10 21 21 22 22 22 22 21 21 23 22 21 21
split_gain=226.545 183.462 195.453 235.703 418.523 230.272 311.331 346.6 247.813 226.9 249.942 213.692 199.906 226.669 395.666
threshold=9.1666636111121296 5.879961974833237 10.500000000000002 5.0180116144158413 5.1531358940652039 0.41940530016134797 0.48052987309844547 0.58591735895920771 1.7432476229411489 4.9347596456546698 4.7092202805443337 2.2391204743999018 1.4393531641324226 4.185652929013421 4.2426061441409439
decision_type=2 2 2 2 2 2 2 2 2 2 2 2 2 2 2
left_child=1 2 12 5 -5 -4 9 -8 -9 10 -7 -6 -1 -14 -15
right_child=-2 -3 3 4 11 6 7 8 -10 -11 -12 -13 13 14 -16
leaf_value=0.00027635005314266829 -0.0035629512737542441 0.0018807200825222755 -0.0039143615699174924 -0.0093798333161786707 -0.0030468547409040485 0.011452271882161249 -0.0085033050175582769 0.0016846281586789915 -0.0068682443559993809 0.033890499545837817 -0.026828043997633812 -0.00036569071412618506 -0.0039902341949422243 0.015236185037010094 -0.00074075457970264693
leaf_weight=412792.6049264092 7456.0811021625996 22434.725349662825 4489.5026545915753 2848.642267184332 19173.956166131422 781.66075778007507 1644.8985831961036 27003.328417791054 1520.7425249889493 171.13338558748364 79.893876980990171 37031.117970112711 10085.939591493458 683.44191836938262 18212.729833656922
leaf_count=2446978 126403 118250 46799 19723 132476 5791 11430 179422 13351 1007 435 200963 75548 4644 107290
internal_value=6.69302e-06 5.43097e-05 -2.20622e-05 -0.000871695 -0.00167105 0.000450905 0.00107901 0.000698024 0.00122864 0.0122091 0.00790245 -0.00128035 0.000160154 -0.00149483 -0.000162896
internal_weight=566410 558954 536520 94744.9 59053.7 35691.2 31201.7 30169 28524.1 1032.69 861.555 56205.1 441775 28982.1 18896.2
internal_count=3490510 3364107 3245857 611397 353162 258235 211436 204203 192773 7233 6226 333439 2634460 187482 111934
is_linear=0
shrinkage=0.0206149


Tree=269
num_leaves=16
num_cat=0
split_feature=24 23 21 9 21 21 21 0 0 22 22 21 0 8 8
split_gain=210.075 186.77 184.977 162.551 437.264 331.607 215.68 189.972 159.118 199.867 173.403 209.993 158.26 317.701 234.713
threshold=3.5000000000000004 4.7410666616344299 2.5775260126738067 0.035238333333333337 6.5331346371712611 9.4455548799437086 9.5532169979213961 1.0000000180025095e-35 1.0000000180025095e-35 0.41940530016134797 1.2662565442107627 10.165688380836885 1.5000000000000002 0.10338398535370243 0.043679990172002248
decision_type=2 2 2 2 2 2 2 2 2 2 2 2 2 2 2
left_child=2 3 -1 5 -5 12 -6 -7 9 -8 -11 -12 14 -14 -2
right_child=1 -3 -4 4 6 7 8 -9 -10 10 11 -13 13 -15 -16
leaf_value=-0.007364219499912842 0.0002555375067673185 0.00097723772627547677 -0.0013483396251869695 -0.0025871574905285675 -0.0001946428246697205 0.001865415919549846 -0.042624003747814852 -0.011536762417225252 -0.0037555747267409558 0.0064652710376795208 0.0064800989809903585 -0.02582745305061358 9.6521951709430969e-05 -0.0023917232372206569 0.0021906134558655837
leaf_weight=2600.3045584727079 156243.81308067963 82465.066780656576 13190.564289614558 37496.062676921487 65578.347737811506 623.63878801837564 36.932610556483269 1609.3971755355597 1007.3978146836162 5025.4962620660663 182.2281973361969 161.06966938078403 142317.93319421168 25752.913919537328 32113.070752665401
leaf_count=49257 787777 435783 175818 178418 321541 4989 283 13561 4567 55414 1623 841 1123659 181253 155760
internal_value=5.38103e-06 7.26143e-05 -0.00233898 -8.67365e-05 -0.00078199 0.000125502 0.000158215 -0.00779382 0.00376641 0.00516819 0.00549696 -0.00867807 0.000175117 -0.000284743 0.00058545
internal_weight=566404 550613 15790.9 468148 109488 358661 71991.5 2233.04 6413.12 5405.73 5368.79 343.298 356428 168071 188357
internal_count=3490544 3265469 225075 2829686 562687 2266999 384269 18550 62728 58161 57878 2464 2248449 1304912 943537
is_linear=0
shrinkage=0.0206149


Tree=270
num_leaves=16
num_cat=0
split_feature=21 23 20 18 9 21 21 5 21 23 21 10 21 22 22
split_gain=198.446 185.711 214.012 189.373 190.311 412.571 347.159 217.55 264.348 216.05 206.37 304.941 295.564 240.921 201.36
threshold=1.7031504040002887 1.0561487520021191 0.32182478690402783 1.0363756236763753 0.022321666666666674 6.5331346371712611 9.5532169979213961 5.5000000000000009 8.498279917078472 2.9530665230430624 5.471224972653717 6.5000000000000009 6.4040439531342512 0.11486291466605077 0.06081292421828445
decision_type=2 2 2 2 2 2 2 2 2 2 2 2 2 2 2
left_child=-1 2 -2 -3 6 9 10 -7 -9 -6 -5 14 -13 -14 -12
right_child=1 3 -4 4 5 7 -8 8 -10 -11 11 12 13 -15 -16
leaf_value=-0.0063815966996454126 -0.0042216325534050955 0.0034244562381394463 -0.00057683126215715382 1.1930795020447991e-05 -0.0037688645792958351 0.00025965138037701392 -0.01227444997093317 0.002891392464537569 0.017532492542431524 -0.00099080930324282131 -0.012042951355425071 0.0015461103391704229 -0.023339481007056313 -0.0010936787702031502 0.0022389981121199829
leaf_weight=2062.2466006577015 8206.4583403468132 7357.6676697060466 41304.484597984701 192235.28199023195 14045.929044179618 90648.965792387724 915.72640275396407 5528.7224205434322 578.95078548043966 77756.285020560026 422.47391392663121 31454.166466614231 208.17232339456677 33579.138270139694 60135.53619017452
leaf_count=27395 133328 85123 252030 1354849 69028 431503 7446 29278 2667 370430 5161 192461 3636 201288 325758
internal_value=1.61859e-06 2.4943e-05 -0.00118096 0.000140906 9.3302e-05 -0.000425891 0.000400241 0.000513384 0.00427923 -0.00141586 0.000436736 0.00108588 0.000108032 -0.00123074 0.00213936
internal_weight=566440 564378 49510.9 514867 507509 188559 318950 96756.6 6107.67 91802.2 318035 125799 65241.5 33787.3 60558
internal_count=3491381 3463986 385358 3078628 2993505 902906 2090599 463448 31945 439458 2083153 728304 397385 204924 330919
is_linear=0
shrinkage=0.0206149


Tree=271
num_leaves=16
num_cat=0
split_feature=0 26 24 10 10 10 21 10 21 22 22 22 21 17 22
split_gain=203.708 187.231 196.596 223.934 182.309 300.112 393.877 239.391 220.326 219.791 202.924 193.213 187.661 336.016 206.301
threshold=10.500000000000002 0.16844928409187512 10.500000000000002 1.5000000000000002 3.5000000000000004 5.5000000000000009 4.9963322761858935 6.5000000000000009 3.0830778380587973 0.58591735895920771 1.0198354182867548 0.59982565288402079 4.8094856757043338 27.500000000000004 0.23621014254114706
decision_type=2 2 2 2 2 2 2 2 2 2 2 2 2 2 2
left_child=1 2 3 -1 10 6 8 -7 -6 12 -5 -11 -9 -14 -15
right_child=-2 -3 -4 4 5 7 -8 9 -10 11 -12 -13 13 14 -16
leaf_value=-0.0037207472815104338 -0.0035680897703198166 0.0011058125336511424 0.00024031774973973133 0.0020960682706282958 0.00082790422444583114 0.0019495621530238767 0.0001613495842764966 -0.00370931290602759 -0.0053184772047162217 0.010412122686155678 -0.0017375727047432145 -0.00021647090772106066 -0.0025905992445587563 0.018046268093855206 0.0033980006863510103
leaf_weight=9294.1375278346241 6729.6534908842295 62259.063292994164 299135.83159216866 21415.955070443451 2924.1543076653033 17890.742523748428 14047.907615523785 15560.639683874324 16262.498831436038 733.25586155802011 8082.2100218832493 83203.048882573843 6185.0018765181303 503.32691173069179 2170.8502483442426
leaf_count=71571 128739 371044 1566587 135906 26550 124259 86087 150724 117165 5416 52371 591040 45948 4216 13794
internal_value=-2.81877e-06 4.00513e-05 -9.33464e-05 -0.000596746 -0.000443106 -0.000718477 -0.00246142 -0.000259647 -0.00438173 -0.000624411 0.00104569 -0.000123621 -0.00234573 4.93118e-05 0.00615506
internal_weight=566398 559669 497410 198274 188980 159481 33234.6 126247 19186.7 108356 29498.2 83936.3 24419.8 8859.18 2674.18
internal_count=3491417 3362678 2991634 1425047 1353476 1165199 229802 935397 143715 811138 188277 596456 214682 63958 18010
is_linear=0
shrinkage=0.0206149


Tree=272
num_leaves=16
num_cat=0
split_feature=24 10 22 23 15 9 7 9 23 26 10 10 20 10 23
split_gain=205.945 200.068 201.069 199.296 153.466 180.527 149.147 175.36 138.511 141.433 406.123 183.801 137.918 127.775 129.533
threshold=1.5000000000000002 11.500000000000002 1.0000000180025095e-35 3.5490462465796981 18.500000000000004 0.042740000000000007 1.0000000180025095e-35 0.02329666666666667 0.56816202062884391 0.004157765603692693 9.5000000000000018 2.5000000000000004 0.58333183333761729 7.5000000000000009 1.4136352690519953
decision_type=2 2 2 2 2 2 2 2 2 2 2 2 2 2 2
left_child=-1 3 -3 6 5 -5 7 8 -2 10 11 -10 13 14 -13
right_child=1 2 -4 4 -6 -7 -8 -9 9 -11 -12 12 -14 -15 -16
leaf_value=-0.0059987227451769667 -0.0027162594640967744 -0.015754889517156312 -0.0010952590706901442 0.0012332882940508519 0.0034199710487445864 -0.0001390627920070114 0.00040516221553948701 -0.0020948667416560698 -0.0015730919856383676 -0.00041689121676492802 -0.0034848646222329182 0.0024536730843607883 0.0015064422156245644 0.00050509082256385788 0.0079858661747862787
leaf_weight=2408.892899973318 9202.758117868565 400.88227896112949 48751.746358145028 87280.941998343915 8587.6950266063213 76386.214506797493 135722.22182310373 24952.883055880666 4696.8467483632267 137925.0410819985 6750.8280738126487 2822.6863836497068 13185.692311417311 2362.6413995362818 4957.8700772561133
leaf_count=46576 96024 9742 316381 525771 59687 359434 702653 118505 33820 992709 57198 26883 80243 25514 40847
internal_value=1.60823e-05 4.17726e-05 -0.00121482 0.000161743 0.000733737 0.000592789 -0.000125865 -0.000474281 -0.000251975 -0.000120661 0.0010542 0.00214757 0.00289665 0.00470386 0.00597886
internal_weight=566396 563987 49152.6 514834 172255 163667 342579 206857 181904 172702 34776.6 28025.7 23328.9 10143.2 7780.56
internal_count=3491987 3445411 326123 3119288 944892 885205 2174396 1471743 1353238 1257214 264505 207307 173487 93244 67730
is_linear=0
shrinkage=0.0206149


Tree=273
num_leaves=16
num_cat=0
split_feature=18 23 7 21 21 9 8 5 0 0 16 8 23 23 21
split_gain=203.254 180.493 158.351 255.492 244.354 204.5 203.626 202.188 177.823 170.042 169.289 168.886 257.691 198.717 182.523
threshold=9.1666636111121296 6.4164853367658425 1.0000000180025095e-35 9.5532169979213961 9.2144797882848355 0.056060000000000006 0.096599150566808248 2.5000000000000004 1.5000000000000002 1.0000000180025095e-35 24.500000000000004 0.010479995633335227 0.56816202062884391 3.5751398924020239 5.471224972653717
decision_type=2 2 2 2 2 2 2 2 2 2 2 2 2 2 2
left_child=1 2 4 5 11 -4 -7 9 -6 -5 -8 -1 -13 14 -14
right_child=-2 -3 3 7 8 6 10 -9 -10 -11 -12 12 13 -15 -16
leaf_value=0.00058130904272650713 -0.0033976769258643709 0.0031700086482265737 0.00074608319987162785 0.0046023396677996658 0.00061607297590236787 -0.0034777379338733127 -0.00047028947272419148 0.015869719589076185 -0.0085480482599254101 -0.0049793008450070694 0.0035934328423508815 -0.0090290183785634633 -0.0018554343788703819 0.00026553305188302927 -0.00034282972585036056
leaf_weight=81031.011615838856 7404.29464388825 7723.2547815069556 144171.91868070513 5500.0906387120485 1376.4467373266816 9060.8429871052504 61606.707701995969 587.12516564130783 2598.7877774965018 918.57293301820755 4688.0506563559175 1498.6019061682746 56423.504106706008 96865.929344238713 84936.506058857776
leaf_count=625090 126320 39895 716480 65734 7460 44335 297065 2858 19908 4241 32229 17918 422483 561774 508108
internal_value=-4.54214e-06 4.0403e-05 -3.44302e-06 0.000414876 -0.000295264 0.000291199 -0.000579095 0.0042903 -0.00537492 0.00323111 -0.000182922 -0.00023231 -0.000507327 -0.00045372 -0.000946582
internal_weight=566392 558987 551264 226533 324731 219528 75355.6 7005.79 3975.23 6418.66 66294.8 320756 239725 238226 141360
internal_count=3491898 3365578 3325683 1162942 2162741 1090109 373629 72833 27368 69975 329294 2135373 1510283 1492365 930591
is_linear=0
shrinkage=0.0206149


Tree=274
num_leaves=16
num_cat=0
split_feature=18 22 21 10 21 22 21 17 10 22 21 21 21 21 23
split_gain=200.956 171.113 190.301 182.21 254.16 399.693 325.113 231.246 220.506 203.293 241.389 374.973 256.812 246.149 192.117
threshold=8.4166631527793054 1.0826891910149083 1.7031504040002887 10.500000000000002 4.9963322761858935 0.83526807164390449 4.5403016220041019 20.500000000000004 5.5000000000000009 1.0000000180025095e-35 5.0180116144158413 4.7808817780922057 4.7435608842879313 5.1718690713193913 2.293365257297483
decision_type=2 2 2 2 2 2 2 2 2 2 2 2 2 2 2
left_child=1 2 -1 4 5 -4 8 -5 -7 -9 11 12 -11 -12 -15
right_child=-2 -3 3 7 -6 6 -8 9 -10 10 13 -13 -14 14 -16
leaf_value=-0.0075512106329537268 -0.0028493384897622714 -0.00049699582120369464 -0.0012410555617140785 -0.0023693344798767428 0.00093828612102701738 0.0006420267751108521 -0.0014222162991695769 -0.013140157361431435 0.0043961029879362118 0.0016621557924577021 -0.008941696662734264 0.010810505425789029 -0.016894068129869075 -0.002772449832340968 0.00086087443546120699
leaf_weight=1310.9141940418631 10338.960719813593 168541.98255386576 68501.636318186298 22381.097813794389 211054.54018221982 12449.469302915037 12131.705586936325 480.82996883522719 14272.008514396846 12595.136481411755 1476.1536646038294 1988.9142038188875 325.13675896450877 9115.2125164549798 19237.115183178335
leaf_count=16769 170059 994190 486727 149923 1165189 73220 70189 10580 87254 82533 9390 11748 1907 60810 100911
internal_value=-1.66126e-06 5.13052e-05 0.000289898 0.000316527 0.000522897 -0.000293737 0.00137647 -0.000655524 0.00264709 0.000192734 0.000336033 0.00247789 0.00119519 -0.000734534 -0.000307232
internal_weight=566201 555862 387320 386009 318409 107355 38853.2 67599.6 26721.5 45218.5 44737.7 14909.2 12920.3 29828.5 28352.3
internal_count=3491399 3321340 2327150 2310381 1882579 717390 230663 427802 160474 277879 267299 96188 84440 171111 161721
is_linear=0
shrinkage=0.0206149


Tree=275
num_leaves=16
num_cat=0
split_feature=22 21 22 10 10 17 26 22 21 21 24 21 21 22 5
split_gain=182.882 252.155 209.882 207.707 186.546 219.081 263.484 212.222 247.321 222.454 211.009 160.979 193.339 192.987 250.154
threshold=1.6312258488921307 4.185652929013421 1.7080600325131401 3.5000000000000004 11.500000000000002 31.500000000000004 0.0060153936752803186 1.0000000180025095e-35 4.4383656099313997 8.2174596567307692 8.5000000000000018 7.1207424566061279 4.4184860503935024 1.8006535075257839 2.5000000000000004
decision_type=2 2 2 2 2 2 2 2 2 2 2 2 2 2 2
left_child=4 -2 3 -3 5 -1 -7 -6 10 -10 -9 12 -4 -14 -15
right_child=1 2 11 -5 7 6 -8 8 9 -11 -12 -13 13 14 -16
leaf_value=9.4769696639206133e-05 -0.0051921753244986617 -0.016738075345308426 0.0098484213499620867 -0.0021312217101138371 -0.015491275224120665 -0.0028580666308909066 0.003346370918395244 -0.0013657846601772496 -0.0024348316344527067 0.0030030331535320165 0.004231490011739684 0.012034176580471593 0.0052229698566120209 -0.014866872581719677 -0.00073405814076290491
leaf_weight=481913.77910728287 6767.2398041393608 510.33021901361644 886.37874050438404 2185.242182649672 435.69902494736016 3514.7983297146857 16870.361644246615 5417.3133399561048 31876.246852330863 3553.4075029250234 6068.633818089962 605.24871768057346 1712.583388004452 639.81160302460194 3165.8080027271062
leaf_count=2934918 58454 3396 6948 13935 11422 23439 95811 48343 195290 23560 36209 2920 10457 2804 23737
internal_value=2.56931e-06 -0.00213772 -7.95364e-06 -0.00489662 6.67123e-05 0.000183317 0.00227661 -0.00117022 -0.00103722 -0.00188944 0.00159155 0.00187194 0.000911585 -0.000523923 -0.00311011
internal_weight=566123 16472.6 9705.4 2695.57 549650 502299 20385.2 47351.3 46915.6 35429.7 11485.9 7009.83 6404.58 5518.2 3805.62
internal_count=3491643 122651 64197 17331 3368992 3054168 119250 314824 303402 218850 84552 46866 43946 36998 26541
is_linear=0
shrinkage=0.0206149


Tree=276
num_leaves=16
num_cat=0
split_feature=24 26 24 9 0 5 22 16 10 0 22 10 8 18 22
split_gain=178.693 210.983 197.524 230.428 210.178 352.85 181.988 203.727 172.418 170.805 163.305 151.643 136.245 132.528 124.701
threshold=1.5000000000000002 0.21617074311863679 11.500000000000002 0.011611666666666668 1.0000000180025095e-35 5.5000000000000009 0.8909354584657837 10.500000000000002 10.500000000000002 5.5000000000000009 0.41940530016134797 1.5000000000000002 0.029404764039456282 1.1371472899772528 1.8513489770007865
decision_type=2 2 2 2 2 2 2 2 2 2 2 2 2 2 2
left_child=-1 2 3 8 5 -4 -6 -8 11 13 -10 14 -5 -9 -2
right_child=1 -3 4 12 6 -7 7 9 10 -11 -12 -13 -14 -15 -16
leaf_value=-0.0056136815221544799 -0.0024353386084304545 0.001418515349451986 0.00071497529723343954 -0.0034327296364379646 0.00068382548925494493 0.0054705245777279098 3.132231334461145e-05 -0.0080457847648332664 -0.0049163358040169155 -0.010193098984284084 -0.00078230085533632476 0.00040110559518912115 -0.00096788510877612323 -0.0017027596519011395 0.018518725914515369
leaf_weight=2396.5238520037383 10117.675254737958 42814.703391292132 103649.19410165027 10665.482277203351 44681.5789206177 7083.705320738256 30137.278656678274 1499.0045903399587 4614.5701754521579 1172.0553402435035 33838.402215840295 162587.22672985867 89535.969852957875 21157.705085888505 122.15347522124648
leaf_count=46717 79706 251238 545016 49994 238179 35292 180956 7019 50966 13915 263153 1188832 443921 95315 1261
internal_value=3.54813e-06 2.74303e-05 -8.69165e-05 -0.000416057 0.000402724 0.00101919 -0.000289269 -0.00109495 -2.99213e-05 -0.00251939 -0.00127841 0.000247859 -0.00123024 -0.00212242 -0.00218537
internal_weight=566073 563677 520862 311481 209381 110733 98647.6 53966 211280 23828.8 38453 172827 100201 22656.7 10239.8
internal_count=3491480 3444763 3193525 2077833 1115692 580308 535384 297205 1583918 116249 314119 1269799 493915 102334 80967
is_linear=0
shrinkage=0.0206149


Tree=277
num_leaves=16
num_cat=0
split_feature=23 22 8 0 17 23 9 26 9 17 22 23 21 21 0
split_gain=207.708 218.992 215.95 454.369 298.876 243.242 232.425 193.842 191.007 177.774 194.631 164.121 198.034 162.735 158.055
threshold=2.9063507024699908 0.0069134866388865148 0.023898491636053468 1.0000000180025095e-35 25.500000000000004 0.95409601915045117 0.0068283333333333347 0.020106958615351233 0.010811666666666669 23.500000000000004 1.4393531641324226 1.0561487520021191 5.471224972653717 6.6685963087342861 6.5000000000000009
decision_type=2 2 2 2 2 2 2 2 2 2 2 2 2 2 2
left_child=1 -1 6 8 5 -5 11 -6 -4 -2 -11 -3 -13 -10 -9
right_child=9 2 3 4 7 -7 -8 14 13 10 -12 12 -14 -15 -16
leaf_value=-0.0060161254213098288 1.2039118760894347e-05 -0.00068994419604294648 0.0044203651874187991 -0.0081292693037844088 -0.0065674924038909505 -0.00097552812145811345 -0.0016274641159675803 -0.0010500085206551894 -0.001797548487802156 0.0013234529046337277 -0.0023417019811854531 0.00028093547007799032 0.0022394943532235046 0.00096654273358351406 -0.0093591136480727245
leaf_weight=2919.237282782793 186041.27796084806 38701.276337536052 4728.854773029685 2121.8814931418747 9183.1259747184813 42033.489226475358 27162.601859003305 7026.6253784485161 13593.130589503795 94733.615028118715 6585.2819969318807 71142.975023820996 31722.264741934836 27094.433940589428 1129.2328465338796
leaf_count=63661 1053911 304568 23551 20813 66755 279791 132775 41767 67053 519663 41064 517144 185584 156363 16132
internal_value=1.58762e-06 -0.000399542 -0.000340058 -0.00106494 -0.00221989 -0.0013193 0.000119248 -0.00451334 0.00049887 0.000390432 0.00108523 0.000454392 0.000884929 4.30996e-05 -0.00220046
internal_weight=565919 278559 275640 106911 61494.4 44155.4 168729 17339 45416.4 287360 101319 141567 102865 40687.6 8155.86
internal_count=3490595 1875957 1812296 672225 425258 300604 1140071 124654 246967 1614638 560727 1007296 702728 223416 57899
is_linear=0
shrinkage=0.0206149


Tree=278
num_leaves=16
num_cat=0
split_feature=23 0 12 10 10 22 21 21 10 21 9 8 9 22 9
split_gain=195.978 187.724 174.834 286.645 258.539 215.776 381.097 614.445 210.262 196.645 202.979 201.967 309.508 193.175 187.808
threshold=0.52990666487863136 6.5000000000000009 1.0000000180025095e-35 1.5000000000000002 3.5000000000000004 0.33004049829028409 8.498279917078472 6.9371443524687857 2.5000000000000004 9.9337240373591218 0.018201666666666672 0.14594494527064783 0.11334833333333334 1.0131136513533094 0.11334833333333334
decision_type=2 2 2 2 2 2 2 2 2 2 2 2 2 2 2
left_child=1 -1 3 -2 8 6 7 -6 -5 10 -7 14 -13 -4 -12
right_child=2 -3 13 4 5 9 -8 -9 -10 -11 11 12 -14 -15 -16
leaf_value=-0.001381889956880948 -0.0028569810856295293 -0.0080228826140163936 0.0014035026021307381 -9.7469680805407205e-05 -0.0021355504650196716 0.00024502320956132015 0.016844237632726636 -0.023345857967882817 0.0023046458421639078 0.0056360598906193974 -0.0013761640802691115 0.002380647919544219 -0.00086879903061874535 -0.00030045019081586768 -0.0067265568056945595
leaf_weight=11906.600585790351 15656.801075250842 2132.9459145041183 75842.681865007617 28505.006491709501 17784.617516039871 205527.82111311145 428.25219854339957 600.01290378533304 33905.746426900849 2511.2689892109483 60833.980612102896 17213.45124848187 45081.716031875461 45081.253004187718 2921.9910085946321
leaf_count=79560 107512 47501 431475 167072 194582 1373849 2217 4350 192350 23330 296086 83259 222976 250373 14321
internal_value=1.43908e-05 -0.00239082 7.55764e-05 -0.00011878 -1.55529e-05 -0.000231853 -0.00237997 -0.00282778 0.00120752 -0.000110891 -0.000154416 -0.000805707 2.90908e-05 0.000768258 -0.00162138
internal_weight=565934 14039.5 551895 430971 415314 352903 18812.9 18384.6 62410.8 334090 331579 126051 62295.2 120924 63756
internal_count=3490813 127061 3363752 2681904 2574392 2214970 201149 198932 359422 2013821 1990491 616642 306235 681848 310407
is_linear=0
shrinkage=0.0206149


Tree=279
num_leaves=16
num_cat=0
split_feature=23 22 21 9 22 0 21 26 26 23 21 0 21 21 0
split_gain=185.58 213.406 205.485 337.694 181.699 219.144 181.85 167.087 165.49 270.636 179.453 174.42 163.848 160.752 147.886
threshold=2.7960288739116739 1.0000000180025095e-35 7.9721794323999591 0.10548666666666669 0.44138391047414033 1.5000000000000002 9.5532169979213961 0.27150770656593104 0.02599296588031863 3.8803755942346112 4.5114119294954493 3.5000000000000004 6.2821665072571253 9.5532169979213961 10.500000000000002
decision_type=2 2 2 2 2 2 2 2 2 2 2 2 2 2 2
left_child=1 -1 3 7 -4 6 -6 8 -2 11 -11 -10 -5 -7 -3
right_child=2 14 4 12 5 13 -8 -9 9 10 -12 -13 -14 -15 -16
leaf_value=-0.0068788097183088296 0.0010700739031855799 -0.00031090551416548796 0.011239912351703818 -0.0027579637279567695 0.0017750535075886568 -0.0012382512803886297 0.0070438394333962387 0.0027076747904056083 -0.00066640614512542972 -0.00050256852499929426 0.001583025102721639 -0.0037427612770533141 -0.00045166743784651718 -0.014847053934099129 -0.0043494545165002011
leaf_weight=2160.7982505401596 87389.257775606588 251069.7274518162 895.28019477427006 19757.168451160192 16604.588601484895 3533.057457305491 3344.6519186757505 14007.173297997564 42376.324729893357 30010.754254657775 42168.496124139056 9607.9936000518501 38798.67250905931 411.87712015584111 3913.4080420061946
leaf_count=53586 509838 1619564 4651 93495 93500 17947 39016 86478 214307 196538 217301 87246 177446 2508 78143
internal_value=-1.84445e-05 -0.000427558 0.000322116 0.000165064 0.00212212 0.00178049 0.00265841 0.000527181 0.000382808 -0.000100907 0.000715875 -0.00123499 -0.00122983 -0.0026591 -0.000372888
internal_weight=566049 257144 308905 284116 24789.5 23894.2 19949.2 225560 211553 124164 72179.3 51984.3 58555.8 3944.93 254983
internal_count=3491564 1751293 1740271 1582649 157622 152971 132516 1311708 1225230 715392 413839 301553 270941 20455 1697707
is_linear=0
shrinkage=0.0206149


Tree=280
num_leaves=16
num_cat=0
split_feature=0 22 0 26 8 9 1 9 16 22 22 5 24 16 9
split_gain=178.251 172.233 172.321 156.206 149.394 274.126 265.805 208.45 149.998 141.749 146.697 139.624 129.965 125.697 189.746
threshold=10.500000000000002 1.6312258488921307 1.0000000180025095e-35 0.15552466227440476 0.012896569217747331 0.0030150000000000008 1.5000000000000002 0.010523333333333334 16.500000000000004 1.8513489770007865 2.2096224505731512 5.5000000000000009 11.500000000000002 20.500000000000004 0.0013116666666666669
decision_type=2 2 2 2 2 2 2 2 2 2 2 2 2 2 2
left_child=1 3 -3 4 5 -1 13 -8 11 -4 -11 -9 -13 -6 -15
right_child=-2 2 9 -5 6 -7 7 8 -10 10 -12 12 -14 14 -16
leaf_value=0.0011223492198918124 -0.0033471365956307397 -0.0046128008138908699 -0.0026458178486903237 0.0010430024856500351 -0.00063818980888101322 -0.0010245864566717419 0.0033656732035299976 -0.0004874172248536662 0.0012961880960089076 0.0050883399002734173 -0.0027286538778737968 9.4074102403497555e-05 0.0056623891723928746 -0.010978789744656091 -0.0014063302009573093
leaf_weight=97888.68778574001 6654.9229976972565 6598.593964509666 5075.7312400117517 66764.995349315926 203848.43696188182 34070.785099860281 9742.728671848774 80056.302680179477 39173.213709402829 2942.7997408397496 1561.6440973803401 4125.850977897644 3134.6895600780845 1247.5843467153609 2986.8006262406707
leaf_count=708916 128765 39325 39058 394843 1267927 167474 44044 374080 229069 24114 15224 22036 14437 9226 12711
internal_value=6.81374e-06 4.67271e-05 -0.00204927 0.000109173 -2.17327e-05 0.000568029 -0.00024776 0.000460123 0.000236327 -0.000283573 0.00237827 -0.000239162 0.00249816 -0.000711214 -0.00422668
internal_weight=565874 559219 16178.8 543040 476275 131959 344316 136233 126490 9580.18 4504.44 87316.8 7260.54 208083 4234.38
internal_count=3491249 3362484 117721 3244763 2849920 876390 1973530 683666 639622 78396 39338 410553 36473 1289864 21937
is_linear=0
shrinkage=0.0206149


Tree=281
num_leaves=16
num_cat=0
split_feature=18 23 10 21 21 23 21 22 22 22 22 22 21 25 22
split_gain=190.707 164.713 162.681 218.865 393.166 213.019 209.586 213.831 281.432 273.077 395.169 250.866 440.164 210.248 182.817
threshold=9.1666636111121296 6.4164853367658425 10.500000000000002 5.0180116144158413 5.1531358940652039 2.2569932278849358 4.8586378000408255 0.58591735895920771 0.53284576761640057 1.6312258488921307 1.5244029021403536 1.5422999528494883 3.8141794974854588 1.0000000180025095e-35 1.6668207696159596
decision_type=2 2 2 2 2 2 2 2 2 2 2 2 2 2 2
left_child=1 2 -1 6 -5 -6 7 8 13 10 -9 -12 -13 -4 -11
right_child=-2 -3 3 4 5 -7 -8 9 -10 14 11 12 -14 -15 -16
leaf_value=0.00015416038728092971 -0.0033113270057245664 0.003018667147502904 -0.0043322254352736074 -0.0089385157824109166 -0.0029341037019782047 -0.00027330675420985669 0.0059783807290423258 0.0010472990600893745 -0.014222410053811967 -0.023530720784019899 0.056591543643800105 -0.011965268518616892 0.026933792224396798 0.003917906563107908 -0.0041527377792171848
leaf_weight=453912.11313028727 7343.9448141027242 7740.73205547221 4006.9432993810624 2905.2306131459773 19234.221978241578 38144.725466839969 2727.5375043414533 24384.905982602388 863.4570283703506 233.17919049412012 63.680279940366745 189.98658228293061 353.90508685261011 1952.314538795501 1835.860543159768
leaf_count=2701089 126473 40027 44404 20117 133396 206550 17371 161183 6181 1913 506 1591 2573 12930 15703
internal_value=-1.09547e-05 3.24395e-05 -9.52723e-06 -0.000776327 -0.00153985 -0.00116524 0.000480881 3.8356e-05 -0.00322312 0.000860635 0.00145647 0.0178786 0.013346 -0.0016294 -0.00633662
internal_weight=565893 558549 550808 96895.9 60284.2 57378.9 36611.8 33884.2 6822.71 27061.5 24992.5 607.572 543.892 5959.26 2069.04
internal_count=3492007 3365534 3325507 624418 360063 339946 264355 246984 63515 183469 165853 4670 4164 57334 17616
is_linear=0
shrinkage=0.0206149


Tree=282
num_leaves=16
num_cat=0
split_feature=23 24 10 17 23 23 17 22 22 22 22 22 25 10 17
split_gain=182.348 172.235 157.038 246.425 305.466 226.257 202.55 231.752 223.623 292.602 221.394 176.72 246.47 170.16 319.051
threshold=6.4164853367658425 1.5000000000000002 11.500000000000002 30.500000000000004 2.2757232691609919 1.9878954316411059 22.500000000000004 0.89724368588440628 0.75265217207367263 0.72517962078727793 0.77900411614020404 1.4393531641324226 1.0000000180025095e-35 8.5000000000000018 18.500000000000004
decision_type=2 2 2 2 2 2 2 2 2 2 2 2 2 2 2
left_child=1 -1 3 11 5 -5 -4 8 9 -8 -10 13 -13 -3 -15
right_child=-2 2 6 4 -6 -7 7 -9 10 -11 -12 12 -14 14 -16
leaf_value=-0.0056186957519929635 0.0031248511637084067 0.00028121630122474636 -5.4837771448308145e-05 0.00028074756964105777 0.0030023758478723434 -0.0073183734408174749 -0.0013125456657363396 -0.0043900312827119016 0.017246006088737238 -0.021409153139456977 0.0020098267439453508 0.0026518501462399111 -0.0023502805184371697 -0.0021771151575506759 0.00017155263064768276
leaf_weight=2359.5756724886596 7741.5609174948186 333055.8211986674 28711.413729756139 9002.3191044852138 24583.469311797991 2042.9520412925631 3238.7533900113776 12911.625966571271 476.16924728825688 340.23185379244387 2723.1385578997433 4979.7111260555685 26268.793759984896 38119.480033385567 69201.592034197412
leaf_count=46234 40165 1977952 190676 61103 134166 13670 25980 83498 3187 2186 17220 44453 165344 256927 428399
internal_value=-1.72866e-05 -6.08787e-05 -3.72776e-05 6.97746e-05 0.00172291 -0.0011248 -0.0011592 -0.00276956 0.000317184 -0.00322301 0.0042775 -5.51108e-05 -0.00155315 5.11878e-05 -0.000662673
internal_weight=565757 558015 555655 507254 35628.7 11045.3 48401.3 19689.9 6778.29 3578.99 3199.31 471625 31248.5 440377 107321
internal_count=3491160 3450995 3404761 3082014 208939 74773 322747 132071 48573 28166 20407 2873075 209797 2663278 685326
is_linear=0
shrinkage=0.0206149


Tree=283
num_leaves=16
num_cat=0
split_feature=7 21 21 9 22 5 8 9 0 22 22 25 21 8 26
split_gain=174.73 234.491 225.753 232.947 222.892 200.881 196.256 185.02 166.738 207.423 153.322 188.063 176.742 145.269 133.493
threshold=1.0000000180025095e-35 9.2144797882848355 8.1572970185175127 0.052281666666666671 0.80477041176059882 4.5000000000000009 0.14594494527064783 0.21549000000000004 1.5000000000000002 0.41940530016134797 1.4393531641324226 1.0000000180025095e-35 2.8540494371208376 0.0077863312569561452 0.16844928409187512
decision_type=2 2 2 2 2 2 2 2 2 2 2 2 2 2 2
left_child=1 10 3 -2 -4 -6 -5 -8 9 -3 13 -12 -13 -1 -15
right_child=2 8 4 6 5 -7 7 -9 -10 -11 11 12 -14 14 -16
leaf_value=0.00079654417320727496 0.00069654631976644112 -0.04810329624492659 0.0057295176188693567 -0.0025149196092367604 0.00073844517588082228 0.0089637916592211139 0.0014126385686390219 -0.0012113871721632838 -0.0083529395217094588 0.0018289693624513779 0.0024070361724804123 -0.0094759933859913294 -0.0021984935301039453 -0.0005042549214975794 0.00098419257651851852
leaf_weight=59971.081737552769 136120.91990834847 36.309785626828671 5927.2514221742749 19763.862657129765 20997.296527720988 1342.4799041524529 20323.265126168728 26064.999085113406 2589.2082433849573 1344.9980212002993 3446.1481163389981 1565.9416718725115 15031.229639025405 222195.63326676562 28942.032975638285
leaf_count=489353 678892 241 39388 92691 150901 6105 94676 124011 20073 7272 37551 14116 108951 1437821 188388
internal_value=1.31718e-05 -0.000287337 0.000450004 0.000208849 0.00217566 0.00123274 -0.000794682 -6.17694e-05 -0.00526737 0.000516423 -0.000227627 -0.00197522 -0.00288513 -0.000115037 -0.000332721
internal_weight=565663 335123 230540 202273 28267 22339.8 66152.1 46388.3 3970.52 1381.31 331152 20043.3 16597.2 311109 251138
internal_count=3490430 2303766 1186664 990270 196394 157006 311378 218687 27586 7513 2276180 160618 123067 2115562 1626209
is_linear=0
shrinkage=0.0206149


Tree=284
num_leaves=16
num_cat=0
split_feature=23 22 21 9 22 0 21 8 8 0 17 23 26 9 9
split_gain=185.735 218.386 185.916 319.193 186.767 205.395 181.938 178.367 176.782 438.882 229.407 238.549 230.254 200.907 183.521
threshold=2.7960288739116739 1.0000000180025095e-35 7.9540999683346358 0.11334833333333334 0.44138391047414033 1.5000000000000002 9.5532169979213961 0.18934246844229827 0.023898491636053468 1.0000000180025095e-35 25.500000000000004 0.98476789147101107 0.028237227143527981 0.0095916666666666702 0.021621666666666668
decision_type=2 2 2 2 2 2 2 2 2 2 2 2 2 2 2
left_child=1 -1 3 -2 -4 6 -6 -5 13 14 11 -11 -12 -3 -10
right_child=2 8 4 7 5 -7 -8 -9 9 10 12 -13 -14 -15 -16
leaf_value=-0.0069697408582379749 0.00052666578874238765 0.00029038177569350345 0.01126944986871879 -0.0043912014223524143 0.0016753828204968413 -0.0024864639327921829 0.0069332183807038769 -0.00078676804547137642 0.0028051938590583523 -0.0078785503369083517 -0.0063483513539963014 -0.001004770892924291 -0.0012546260246747252 -0.0022313567457097746 -0.00030148753572359875
leaf_weight=2140.4726384226233 227297.93443251401 145882.26396924816 893.26978055760264 6624.886319026351 17563.306441806257 4193.9104246869683 3326.5944000594318 48902.08718181029 11258.942631032318 2280.8549646325409 9660.2502592857927 36180.210743434727 6186.5955329518765 14787.253871999681 28627.169952627271
leaf_count=53497 1319765 1024561 4650 30706 98274 21757 39010 226217 56346 22263 71231 245574 45196 70734 162004
internal_value=-3.07326e-06 -0.000412488 0.000337667 0.000184369 0.00200669 0.00167683 0.00251266 -0.00121681 -0.000357417 -0.00106651 -0.00227243 -0.00141241 -0.00435977 5.8293e-05 0.000575458
internal_weight=565806 257004 308802 282825 25977.1 25083.8 20889.9 55527 254864 94194 54307.9 38461.1 15846.8 160670 39886.1
internal_count=3491785 1751406 1740379 1576688 163691 159041 137284 256923 1697909 602614 384264 267837 116427 1095295 218350
is_linear=0
shrinkage=0.0206149


Tree=285
num_leaves=16
num_cat=0
split_feature=23 0 23 10 10 22 22 17 24 23 8 0 26 17 26
split_gain=185.745 164.164 161.59 175.191 356.156 232.404 228.374 215.295 186.316 173.707 195.623 304.72 299.484 226.019 212.852
threshold=0.56816202062884391 6.5000000000000009 6.4164853367658425 3.5000000000000004 1.5000000000000002 0.51652621535039245 0.040684701404504774 12.500000000000002 11.500000000000002 2.4346578311628386 0.012149994937502193 1.0000000180025095e-35 0.034363351888621267 29.500000000000004 0.0065026737346069062
decision_type=2 2 2 2 2 2 2 2 2 2 2 2 2 2 2
left_child=1 -1 3 4 5 6 -2 -5 -7 10 -9 -12 13 14 -13
right_child=2 -3 -4 7 -6 8 -8 9 -10 -11 11 12 -14 -15 -16
leaf_value=-0.0013181885829723864 -0.011996892741083317 -0.007274590803897486 0.0030369540570550223 -0.0023378566951946264 0.0014422990415048078 -0.0035838774765556899 0.006513396068937671 0.00015931473089329776 0.00027949185909287858 0.00025229411801582793 0.00018717602672813853 -0.00071350056963074323 -0.00019048450281252733 -0.0077467139859712202 -0.0047674430673581647
leaf_weight=13364.723294295371 321.26937948726118 2305.6257129199803 7751.5265185125172 18221.950748639181 82065.915683440864 13496.99596677348 2394.0176540501416 67906.174545152113 8740.1827549859881 275787.20726358518 30681.607697855681 10163.145151604898 15180.942742524669 5036.5907659903169 12006.394314201549
leaf_count=88971 5914 51587 40185 135436 466588 90805 15948 480003 46728 1577088 164282 76870 117443 40492 92263
internal_value=1.85093e-05 -0.00219457 8.15916e-05 3.93251e-05 0.000786536 -0.0013702 0.00432328 -0.00014451 -0.0020654 -4.86109e-05 -0.000637267 -0.00137757 -0.0025102 -0.00380459 -0.002909
internal_weight=565424 15670.3 549754 542002 107018 24952.5 2715.29 434984 22237.2 416762 140975 73068.7 42387.1 27206.1 22169.5
internal_count=3490603 140558 3350045 3309860 625983 159395 21862 2683877 137533 2548441 971353 491350 327068 209625 169133
is_linear=0
shrinkage=0.0206149


Tree=286
num_leaves=16
num_cat=0
split_feature=23 20 18 9 21 21 5 21 21 10 21 22 22 22 10
split_gain=179.063 184.36 174.247 197.669 368.791 312.334 214.204 245.781 194.299 291.498 221.907 234.144 200.325 191.284 192.297
threshold=1.0561487520021191 0.32182478690402783 0.999999969223486 0.028401666666666672 6.5331346371712611 9.5532169979213961 5.5000000000000009 8.498279917078472 5.471224972653717 6.5000000000000009 6.4040439531342512 0.11486291466605077 0.06081292421828445 0.69979295913637474 5.5000000000000009
decision_type=2 2 2 2 2 2 2 2 2 2 2 2 2 2 2
left_child=1 -1 -2 5 -5 8 -6 -8 13 12 -11 -12 -10 -4 -15
right_child=2 -3 3 4 6 -7 7 -9 9 10 11 -13 -14 14 -16
leaf_value=-0.0040337168761249891 0.0035457506075409575 -0.00064237250723873907 -0.00096861036816623769 -0.0015410022184292925 0.00012049392530105198 -0.011386967544445346 0.0028446861886043846 0.017287275920530851 -0.012100655660003058 0.0012742917538028395 -0.023264051769603954 -0.00091743464549940996 0.0020651831593965211 -0.00062479846076347011 0.00097822796393363682
leaf_weight=8156.0988013967872 6151.0864536017179 41341.39325710386 63162.618115834892 79692.440249167383 86399.802230887115 961.70408291742206 5084.2565869837999 555.45578178018332 427.0324050616473 33649.805345688015 200.34329286497086 36847.99406391196 64894.283482946455 49694.355659399182 88325.530581582338
leaf_count=135215 74025 253523 507591 380609 418251 7848 26793 2548 5192 203051 3621 217016 347277 313144 595465
internal_value=-1.67781e-05 -0.00120119 9.68269e-05 5.52211e-05 -0.000514349 0.00034447 0.000374579 0.00426714 0.000377928 0.000979746 6.24238e-05 -0.00103828 0.00197258 -2.89609e-05 0.000401055
internal_weight=565544 49497.5 516047 509896 171732 338164 92039.5 5639.71 337202 136019 70698.1 37048.3 65321.3 201183 138020
internal_count=3491169 388738 3102431 3028406 828201 2200205 447592 29341 2192357 776157 423688 220637 352469 1416200 908609
is_linear=0
shrinkage=0.0206149


Tree=287
num_leaves=16
num_cat=0
split_feature=23 24 8 9 0 23 9 21 8 15 5 17 9 21 23
split_gain=177.786 176.085 157.392 284.106 280.74 327.042 250.11 277.805 234.859 224.373 221.995 180.596 162.428 151.41 143.41
threshold=4.270256688127831 5.5000000000000009 0.012896569217747331 0.0036383333333333333 1.0000000180025095e-35 1.2835357795323079 0.0052983333333333346 6.5331346371712611 0.087289980359754479 9.5000000000000018 6.5000000000000009 18.500000000000004 0.048353333333333338 8.4356090925039435 1.2835357795323079
decision_type=2 2 2 2 2 2 2 2 2 2 2 2 2 2 2
left_child=1 -1 3 14 6 -6 -4 9 -7 -8 -9 -10 -11 -12 -3
right_child=-2 2 4 -5 5 8 7 10 11 12 13 -13 -14 -15 -16
leaf_value=-0.001586096193357409 0.00070389211324427216 6.9707671513190026e-05 0.0043895255720478015 -0.0012195111083164016 -0.0043522493416390173 -4.4508739844305118e-05 -0.0023686652361451788 0.00088347968666553298 -0.00019099690883260946 0.0013270217261911073 0.0050693658378942533 -0.0027370743397455762 -0.0023152483164293534 0.019433782459190106 0.0016814968576459356
leaf_weight=34537.083222568966 126502.14100210741 37823.878350932151 6399.4265428036451 29982.936595968902 10877.827139530331 95307.870882451534 24100.312539286911 58684.256655327976 18934.141360806301 19818.887867435813 2068.328338585794 31595.911194625311 7055.6818178668618 367.20952045172453 61774.919622913934
leaf_count=412700 693949 274854 31311 143471 88838 583721 122049 323754 106628 90013 11078 181649 32465 1668 394322
internal_value=2.29157e-05 -0.000173167 -5.26155e-05 0.000539786 -0.000331546 -0.000904068 0.00042565 0.000199355 -0.000646874 -0.000924399 0.00113658 -0.00178303 0.000370776 0.00723511 0.0010694
internal_weight=565831 439329 404792 129582 275210 156716 118494 112095 145838 50974.9 61119.8 50530.1 26874.6 2435.54 99598.8
internal_count=3492470 2798521 2385821 812647 1573174 960836 612338 581027 871998 244527 336500 288277 122478 12746 669176
is_linear=0
shrinkage=0.0206149


Tree=288
num_leaves=16
num_cat=0
split_feature=21 22 21 21 10 26 10 10 17 24 21 10 21 10 22
split_gain=174.343 174.749 185.924 226.466 434.008 172.117 147.705 389.092 265.836 195.471 160.175 277.738 375.491 250.847 227.9
threshold=1.7031504040002887 2.2096224505731512 3.130131150631756 3.3200780557860594 5.5000000000000009 0.21617074311863679 3.5000000000000004 2.5000000000000004 22.500000000000004 6.5000000000000009 3.8704383230873964 5.5000000000000009 3.7948724808152496 11.500000000000002 1.2534131673737738
decision_type=2 2 2 2 2 2 2 2 2 2 2 2 2 2 2
left_child=-1 5 -3 4 -4 6 7 8 -2 -8 11 14 -13 -14 -11
right_child=1 2 3 -5 -6 -7 9 -9 -10 10 -12 12 13 -15 -16
leaf_value=-0.006015944960156794 -0.0014903883215529701 -0.013534597220153677 -0.022078937737958212 -0.0039980617897682471 0.04680277364328847 0.0013013498641770618 -0.0015859786732267814 0.0021672619711857943 0.0013332403884241003 -0.00029863009940084306 -0.00021777243490125192 0.0011826849523060151 0.0097368544799319862 -0.0065644619442670272 -0.0085111132715136196
leaf_weight=2032.0143021140248 37138.4368134588 807.82674086838961 61.739620428532362 1547.1717540584505 104.95852206833661 43611.800228261389 40213.284508818761 42349.517414820381 22911.139240867458 5998.6824776418507 336538.03505124338 26592.271530218422 3599.4826019164175 451.48500972054899 1887.9631184544414
leaf_count=27452 235428 8411 592 12231 1092 268114 434392 239345 126908 35445 1902578 166251 20579 2876 11162
internal_value=1.15676e-05 3.32911e-05 -0.00538133 -0.00153832 0.0212912 5.76172e-05 -4.71607e-05 0.000654086 -0.000413069 -0.000220073 -7.36256e-05 0.00118542 0.00207335 0.00792005 -0.00226459
internal_weight=565846 563814 2521.7 1713.87 166.698 561292 517680 102399 60049.6 415281 375068 38529.9 30643.2 4050.97 7886.65
internal_count=3492856 3465404 22326 13915 1684 3443078 3174964 601681 362336 2573283 2138891 236313 189706 23455 46607
is_linear=0
shrinkage=0.0206149


Tree=289
num_leaves=16
num_cat=0
split_feature=21 7 21 21 9 5 10 10 17 10 17 8 0 5 20
split_gain=160.729 143.351 233.874 208.877 207.291 192.344 164.55 409.673 188.004 161.788 209.216 181.441 157.551 139.915 139.297
threshold=1.7031504040002887 1.0000000180025095e-35 9.2144797882848355 8.1572970185175127 0.013835000000000002 4.5000000000000009 3.5000000000000004 2.5000000000000004 12.500000000000002 11.500000000000002 30.500000000000004 0.028225821572643989 1.5000000000000002 6.5000000000000009 0.94444292515680928
decision_type=2 2 2 2 2 2 2 2 2 2 2 2 2 2 2
left_child=-1 2 6 4 -3 -5 7 -2 -8 10 11 -6 13 -4 -10
right_child=1 3 12 5 9 -7 8 -9 14 -11 -12 -13 -14 -15 -16
leaf_value=-0.0057991969187495759 -0.00067752295830953281 0.00097615436716643313 -0.0010324172687300862 0.0016516297748833692 -0.0030861150103483341 0.0089052885192276096 -0.0028297545108604927 0.0025574582646086478 2.9282260598995351e-05 -0.002866895019747925 0.0029183975030467324 -0.00011786082846480663 -0.0082844026471003782 0.031646641133825162 -0.0010197695258400254
leaf_weight=2026.5685481186956 38865.996579991654 82409.887302201241 1337.7868050187826 26467.097896769643 9684.2097013145685 1650.4271858632565 13190.431193035096 29086.463988990523 169287.36145306192 10080.855160731822 8757.8862056061625 90890.543981034309 2555.3433446642011 58.096395760774612 78843.495487675071
leaf_count=27515 256278 420554 7305 188392 45664 7525 114271 171902 1227596 48538 41374 431355 20084 268 481803
internal_value=-4.00773e-06 1.68464e-05 -0.000256367 0.000412782 0.000180871 0.0020774 -0.000196541 0.000707183 -0.000431541 -0.000367972 -0.000137562 -0.00040367 -0.00524194 0.000327679 -0.000304054
internal_weight=565192 563166 333225 229941 201823 28117.5 329274 67952.5 261321 119413 109333 100575 3951.23 1395.88 248131
internal_count=3490424 3462909 2279507 1183402 987485 195917 2251850 428180 1823670 566931 518393 477019 27657 7573 1709399
is_linear=0
shrinkage=0.0206149


Tree=290
num_leaves=16
num_cat=0
split_feature=23 10 0 8 17 22 26 10 23 20 26 23 26 17 26
split_gain=170.311 296.117 214.979 269.36 214.749 209.337 165.972 220.908 327.194 380.771 166.077 165.824 296.603 241.652 162.447
threshold=2.3599438266032329 6.5000000000000009 4.5000000000000009 0.013567247625712993 28.500000000000004 1.0826891910149083 0.0063426771912338852 2.5000000000000004 1.4136352690519953 0.59259156687420211 0.064378750945095584 1.9878954316411059 0.040652897488144303 22.500000000000004 0.44322031023649805
decision_type=2 2 2 2 2 2 2 2 2 2 2 2 2 2 2
left_child=1 6 11 -4 -2 -6 7 -1 -9 -10 -8 -3 13 -13 -12
right_child=4 2 3 -5 5 -7 10 8 9 -11 14 12 -14 -15 -16
leaf_value=-0.0014258164248784776 5.6944627029128864e-05 -0.00033476420521080585 -0.0010916227865162655 -0.0063679710908519545 0.0022746038177614896 -0.00034247893830733619 -0.0010970988189985158 0.00043662520918636268 0.010775556571454606 0.0025025963517621335 0.0018366531379230772 -0.0016685697269526718 0.00084319522858574856 -0.0074343706326739888 -0.0068420665448050413
leaf_weight=7807.7185252588242 316956.89678647742 68159.107846017927 9554.703420355916 7217.9175411760807 39461.753374168649 19361.893113706261 35723.791535708122 13522.088649983518 3553.9585845898837 7063.1133312024176 16513.171218331903 6470.1715038642287 7188.1846922971308 5911.4471437074244 970.42531835380942
leaf_count=53703 1823560 406171 146343 106051 222580 106559 232560 94331 26868 38024 111445 37844 41696 35096 8730
internal_value=1.50762e-05 -0.000488533 -0.00122384 -0.00336224 0.000269247 0.00141319 0.000413842 0.00158838 0.00256331 0.00527189 -0.000291375 -0.000815011 -0.00248765 -0.00442138 0.00135494
internal_weight=565436 189656 104502 16772.6 375781 58823.6 85154.3 31946.9 24139.2 10617.1 53207.4 87728.9 19569.8 12381.6 17483.6
internal_count=3491561 1338862 773201 252394 2152699 329139 565661 212926 159223 64892 352735 520807 114636 72940 120175
is_linear=0
shrinkage=0.0206149


Tree=291
num_leaves=16
num_cat=0
split_feature=18 23 9 21 21 21 5 22 24 22 10 9 8 0 17
split_gain=166.21 160.268 141.668 384.59 249.676 190.711 236.109 205.338 163.098 186.771 166.004 155.076 239.534 154.15 148.699
threshold=9.1666636111121296 5.7709751714452286 0.035238333333333337 6.5331346371712611 9.2144797882848355 9.5532169979213961 2.5000000000000004 0.94991820423875051 9.5000000000000018 0.59218928225173861 11.500000000000002 0.25392000000000009 0.18934246844229827 1.5000000000000002 23.500000000000004
decision_type=2 2 2 2 2 2 2 2 2 2 2 2 2 2 2
left_child=1 2 4 11 8 -5 7 -7 9 10 14 12 -4 -6 -1
right_child=-2 -3 3 5 13 6 -8 -9 -10 -11 -12 -13 -14 -15 -16
leaf_value=-0.0021916234126822427 -0.0031076939611722606 0.0016426613094734108 -0.0024023678996491923 -2.453978879967322e-05 0.00020114881109602577 0.0059341177251224595 0.015695783654165362 -0.0015355595594856487 0.00052608690577324692 9.3764502005988596e-05 -0.006188507576651122 -0.0047541984690579768 0.0007697134980558381 -0.0092609573718388603 0.00059369428235375851
leaf_weight=22501.726891024038 7308.9119831481948 24760.482827637345 36035.632449582219 79814.160551644862 1179.2208421304822 3260.6468924582005 619.14371208846569 3005.5862944088876 241010.99839725066 107158.48529981263 3060.4453571056947 7165.3057596608996 14065.467307191342 1928.005181832239 12767.199485750869
leaf_count=214106 126618 130839 172448 390505 7706 36087 3010 31114 1307197 808331 31841 33892 67838 17224 114061
internal_value=-1.91112e-05 2.13203e-05 -5.39183e-05 -0.000606509 0.000150273 0.000259438 0.00355126 0.0023513 0.000197065 -0.000347984 -0.00158299 -0.00191752 -0.00151183 -0.00567 -0.00118335
internal_weight=565641 558333 533572 143966 389606 86699.5 6885.38 6266.23 386499 145488 38329.4 57266.4 50101.1 3107.23 35268.9
internal_count=3492817 3366199 3235360 734894 2500466 460716 70211 67201 2475536 1168339 360008 274178 240286 24930 328167
is_linear=0
shrinkage=0.0206149


Tree=292
num_leaves=16
num_cat=0
split_feature=7 23 8 8 23 8 9 16 27 9 22 27 15 9 8
split_gain=155.611 143.994 252.478 168.81 237.705 219.163 225.141 182.706 171.486 151.721 144.098 132.456 125.067 163.459 150.36
threshold=1.0000000180025095e-35 0.56816202062884391 0.0043222490274877224 0.010479995633335227 3.5751398924020239 0.080620702768471053 0.0011483333333333335 15.500000000000002 1.0000000180025095e-35 0.021151666666666669 1.7432476229411489 1.0000000180025095e-35 18.500000000000004 0.0095916666666666702 0.022134163899930944
decision_type=2 2 2 2 2 2 2 2 2 2 2 2 2 2 2
left_child=1 2 -1 8 5 9 7 11 10 -5 -3 -7 13 -2 -15
right_child=12 3 -4 4 -6 6 -8 -9 -10 -11 -12 -13 -14 14 -16
leaf_value=-4.4380905442407966e-05 0.0011064457641625396 3.7831184915182231e-05 -0.0066275339081835498 -0.00023118980268291474 0.00031120991176519449 -0.0092173647715258576 -0.00083355927378373439 -0.010258452888725856 0.0018603925262930857 -0.0028144780570315588 -0.0076160124500551027 -0.0027174333711374203 0.0018614793045346721 -0.0022553274098168668 8.1950380971710816e-05
leaf_weight=6222.3713503675535 66788.023920193315 44020.973679631017 4111.8659976096824 95608.162846421823 102469.6248939354 1456.4275480834767 21463.592923235148 1753.5385465044528 30351.68995452486 10748.016736157238 1070.7704176045954 15637.632620830089 23251.54240225628 12878.712690219283 127468.37081730738
leaf_count=63953 343820 304715 47707 687443 604064 18858 103589 13381 278514 50840 9559 122381 162623 59324 620801
internal_value=1.5507e-05 -0.000268169 -0.00266374 -0.000191897 -0.000450606 -0.000982851 -0.00227724 -0.00392131 0.000662436 -0.000492249 -0.000143921 -0.00327123 0.000427889 0.000266964 -0.000132526
internal_weight=565301 334915 10334.2 324580 249137 146667 40311.2 18847.6 75443.4 106356 45091.7 17094.1 230387 207135 140347
internal_count=3491572 2305004 111660 2193344 1600556 996492 258209 154620 592788 738283 314274 141239 1186568 1023945 680125
is_linear=0
shrinkage=0.0206149


Tree=293
num_leaves=16
num_cat=0
split_feature=21 22 21 21 10 10 17 23 23 17 22 22 22 22 21
split_gain=177.816 169.79 192.946 208.214 396.599 170.272 234.709 291.298 206.248 180.673 215.207 213.891 294.957 216.143 201.988
threshold=1.7031504040002887 2.2096224505731512 3.130131150631756 3.3200780557860594 5.5000000000000009 11.500000000000002 30.500000000000004 2.2757232691609919 1.9878954316411059 22.500000000000004 0.89724368588440628 0.75265217207367263 0.72517962078727793 0.77900411614020404 3.5731833421055921
decision_type=2 2 2 2 2 2 2 2 2 2 2 2 2 2 2
left_child=-1 5 -3 4 -4 6 -2 8 -8 14 11 12 -11 -13 -7
right_child=1 2 3 -5 -6 9 7 -9 -10 10 -12 13 -14 -15 -16
leaf_value=-0.006141786726756168 1.3039545492178752e-05 -0.013663785330961594 -0.021841167915866093 -0.0038172259063877128 0.043717747133994421 0.0050847816981053054 0.00028739355020628916 0.0029743847726003735 -0.0069942106225216912 -0.001248418524492973 -0.0042396769603288567 0.016911958188218695 -0.021257866828792171 0.0019105407854860491 -0.00067733346752179029
leaf_weight=2010.665181979537 476526.94051823486 805.21800830028951 61.16253162547946 1543.928295744583 109.28079291805625 2869.9720756765455 9009.9823695663363 24930.616491699591 2024.5448193531483 3250.2176173562184 12839.600143428892 478.78090418502688 346.44799805618823 2767.4368248526007 26072.050135118887
leaf_count=27419 2907013 8465 600 12287 1103 25008 61777 136538 13688 26284 82640 3205 2266 17473 167387
internal_value=-2.21817e-05 -3.51189e-07 -0.00533984 -0.00143019 0.0201923 2.36248e-05 0.000134239 0.00174009 -0.00104859 -0.00114222 -0.00266601 0.000286728 -0.00317582 0.00412308 -0.000105946
internal_weight=565647 563636 2519.59 1714.37 170.443 561117 512492 35965.1 11034.5 48624.5 19682.5 6842.88 3596.67 3246.22 28942
internal_count=3493153 3465734 22455 13990 1703 3443279 3119016 212003 75465 324263 131868 49228 28550 20678 192395
is_linear=0
shrinkage=0.0206149


Tree=294
num_leaves=16
num_cat=0
split_feature=23 0 9 21 21 16 5 21 0 16 21 17 5 22 23
split_gain=163.224 149.802 148.271 364.624 274.498 204.077 189.749 206.479 170.31 338.134 205.76 244.761 241.397 202.84 161.404
threshold=4.2967662464852454 10.500000000000002 0.018201666666666672 6.5331346371712611 9.4455548799437086 13.500000000000002 6.5000000000000009 8.498279917078472 2.5000000000000004 18.500000000000004 5.471224972653717 21.500000000000004 5.5000000000000009 0.69437267443369921 2.3599438266032329
decision_type=2 2 2 2 2 2 2 2 2 2 2 2 2 2 2
left_child=1 2 4 5 8 -4 -5 -8 10 -10 11 -1 14 -13 -12
right_child=-2 -3 3 6 -6 -7 7 -9 9 -11 12 13 -14 -15 -16
leaf_value=-0.00091736807716129277 0.00068054944804630852 -0.0034622005314232191 -0.0028985231381486571 -2.9152516886900684e-05 -0.0083238283777307184 -4.3350057783661025e-05 0.0032182622182683265 0.019644523320668045 -0.0003047879158637943 -0.0090804239748187906 0.00014899319316403627 -0.0011710465913937812 0.004090806194535359 0.001878949480581352 0.0022458293860617875
leaf_weight=59505.614608351141 123832.82633007132 5783.9507119450718 36182.403783459216 75349.855863310397 1625.5136153399944 15069.69063552469 2737.6715648435056 369.04557649791241 115046.62773385551 1896.6834106855094 44808.52897708118 12625.35445342958 11627.14492674917 34831.467036113143 23933.776971742511
leaf_count=336075 679545 115942 181048 395844 13990 69514 15835 1741 1013547 13654 208759 71793 73921 192983 106952
internal_value=1.9162e-05 -0.00016639 -0.000122629 -0.0007067 0.00012503 -0.00205901 0.000176705 0.00516953 0.000170166 -0.000447118 0.000555511 -3.67125e-05 0.00134369 0.00106753 0.000879042
internal_weight=565226 441393 435609 129709 305901 51252.1 78456.6 3106.72 304275 116943 187332 106962 80369.5 47456.8 68742.3
internal_count=3491143 2811598 2695656 663982 2031674 250562 413420 17576 2017684 1027201 990483 600851 389632 264776 315711
is_linear=0
shrinkage=0.0206149


Tree=295
num_leaves=16
num_cat=0
split_feature=21 22 21 21 10 10 26 24 9 0 21 21 22 9 22
split_gain=168.852 156.448 179.17 227.83 378.225 166.48 148.094 158.274 240.339 218.853 329.234 189.623 205.012 197.567 185.608
threshold=1.7031504040002887 2.2096224505731512 3.130131150631756 3.3200780557860594 5.5000000000000009 7.5000000000000009 0.15973877583050375 11.500000000000002 0.012128333333333336 1.0000000180025095e-35 7.3240639589123662 9.5532169979213961 0.41940530016134797 0.052281666666666671 1.2662565442107627
decision_type=2 2 2 2 2 2 2 2 2 2 2 2 2 2 2
left_child=-1 6 -3 4 -4 -6 7 8 -2 11 -11 13 -13 -9 -14
right_child=1 2 3 -5 5 -7 -8 9 -10 10 -12 12 14 -15 -16
leaf_value=-0.0059278943843082844 2.6002600598621508e-05 -0.013224213556443754 -0.021291392457122599 -0.0038430628602846161 0.096953369453562949 0.031697117317551357 0.0009780106494617722 0.0016063195754587654 -0.0012627254742464905 0.00045859732170923286 -0.0021662142094074984 -0.041319323967401483 0.0059268987156709321 -0.0002320504713072161 -0.0093140404987724513
leaf_weight=2020.2848752792925 201789.03197849169 789.65329307690263 58.0320496968925 1544.3348560351878 20.338472858071327 90.731662128120661 66603.098680746742 57826.196095712483 88456.644278723747 67747.354255029932 29001.795226749033 40.948445580899715 5411.4332089610398 43555.766588538885 362.30836802721024
leaf_count=27446 1512992 8418 580 12341 191 896 403771 271031 436235 368614 159030 310 61437 225557 2643
internal_value=2.11901e-05 4.25267e-05 -0.00509981 -0.0013556 0.0213612 0.0436464 6.54794e-05 -5.75041e-05 -0.000366756 0.000382608 -0.000328224 0.00102416 0.00464453 0.000816518 0.00497051
internal_weight=565318 563298 2503.09 1713.44 169.102 111.07 560795 494191 290246 203946 96749.1 107197 5814.69 101382 5773.74
internal_count=3491492 3464046 22426 14008 1667 1087 3441620 3037849 1949227 1088622 527644 560978 64390 496588 64080
is_linear=0
shrinkage=0.0206149


Tree=296
num_leaves=16
num_cat=0
split_feature=24 22 21 22 22 21 22 17 22 22 21 21 21 22 22
split_gain=172.133 134.19 179.488 289.38 215.681 240.328 311.668 321.727 270.411 286.804 315.879 393.102 233.547 448.928 232.337
threshold=1.5000000000000002 1.0826891910149083 5.3088215887213037 1.0799060789884305 0.69979295913637474 4.0087729150011508 0.78707233293550849 20.500000000000004 0.95623866694663084 0.94095192648319981 4.3567931817225665 4.4184860503935024 4.5403016220041019 1.05262577471673 1.0743767930881225
decision_type=2 2 2 2 2 2 2 2 2 2 2 2 2 2 2
left_child=-1 2 3 4 -2 -6 7 -7 9 10 -8 -12 13 -10 -14
right_child=1 -3 -4 -5 5 6 8 -9 12 -11 11 -13 14 -15 -16
leaf_value=-0.005560443692630904 -0.0011824763379553822 -0.00045315350393791107 0.00060629980103626784 0.013661829104163251 0.0018373384473606038 -0.00056716510638686688 -0.006269844294753202 0.0062795039644183573 0.0066445555912209653 -0.0087832054465927702 0.0080566983991852328 -0.0015464181788385266 -0.00043393924566889006 -0.0070835478882100341 -0.016906371155145695
leaf_weight=2351.3416769402102 71969.038361489773 170902.85036062635 231521.21782879904 629.2267914712429 29989.682786237448 6386.4687403701246 5265.8595899306238 5368.4417561963201 5157.5372594669461 2733.5790862683207 2006.3399779163301 18655.455772368237 10640.114759543911 1259.5404827743769 376.77069376409054
leaf_count=46661 559709 1035932 1297713 4101 192580 40513 34014 33610 31934 16283 11843 113067 64247 7602 2295
internal_value=5.63784e-06 2.889e-05 0.000239072 -0.00029086 -0.000345797 0.000339713 -0.000436661 0.00255969 -0.00120077 -0.00243222 -0.00176263 -0.000613919 0.000823711 0.00395001 -0.000997286
internal_weight=565213 562862 391959 160438 159809 87839.8 57850.1 11754.9 46095.2 28661.2 25927.7 20661.8 17434 6417.08 11016.9
internal_count=3492104 3445443 2409511 1111798 1107697 547988 355408 74123 281285 175207 158924 124910 106078 39536 66542
is_linear=0
shrinkage=0.0206149


Tree=297
num_leaves=16
num_cat=0
split_feature=23 22 8 0 9 9 23 23 21 16 21 21 21 9 21
split_gain=167.26 190.512 169.354 384.03 221.167 188.279 179.796 158.094 189.934 151.947 136.928 131.433 129.704 290.077 184.073
threshold=2.9063507024699908 1.0000000180025095e-35 0.024459995806857888 1.0000000180025095e-35 0.0040083333333333342 0.021621666666666668 0.98476789147101107 1.1852354768456854 5.471224972653717 20.500000000000004 6.7822277564004692 4.7808817780922057 8.498279917078472 0.21549000000000004 5.471224972653717
decision_type=2 2 2 2 2 2 2 2 2 2 2 2 2 2 2
left_child=1 -1 4 5 7 -4 -5 -3 -9 11 -7 -8 13 14 -2
right_child=12 2 3 6 -6 10 9 8 -10 -11 -12 -13 -14 -15 -16
leaf_value=-0.0062924350188713627 2.1816492917589316e-05 -0.00047162285293826807 0.0026630878084865483 -0.0069387047181868316 -0.0011009724866116815 -0.002376659616577969 -0.0040902035053524037 0.00047606123802721774 0.0027391333831104014 -0.0065322313415623195 0.00053432594385068131 -0.0011455963235510868 0.0024195094557922796 -0.0013440270113196735 0.0011888799019318533
leaf_weight=2288.4710701592267 132007.81610399857 42328.295839816332 12172.571350164711 3029.107762157917 48232.155767675489 9818.627358160913 7461.5837467238307 58461.925732776523 21577.35744554922 2729.260368110612 22844.361217647791 47136.745540842414 12208.391547679901 41328.040689535439 101665.04040442035
leaf_count=57717 825596 340440 60733 29971 241789 47715 64758 439986 132531 14504 136123 310949 93689 193971 502054
internal_value=-8.61278e-06 -0.000368989 -0.000319837 -0.000970394 8.12982e-05 0.000474789 -0.00204394 0.0005473 0.00108615 -0.00178531 -0.000340728 -0.00154802 0.000340309 0.000248005 0.000529576
internal_weight=565290 278080 275792 105192 170600 44835.6 60356.7 122368 80039.3 57327.6 32663 54598.3 287209 275001 233673
internal_count=3492526 1877216 1819499 664753 1154746 244571 420182 912957 572517 390211 183838 375707 1615310 1521621 1327650
is_linear=0
shrinkage=0.0206149


Tree=298
num_leaves=16
num_cat=0
split_feature=10 17 26 7 22 22 6 10 17 26 10 5 17 22 12
split_gain=150.789 217.622 255.735 191.011 185.5 161.627 235.378 163.933 313.451 217.321 242.503 192.585 158.347 302.738 241.374
threshold=11.500000000000002 30.500000000000004 0.0061755190013592512 1.0000000180025095e-35 1.0000000180025095e-35 1.4393531641324226 1.0000000180025095e-35 8.5000000000000018 18.500000000000004 0.0061755190013592512 2.5000000000000004 4.5000000000000009 22.500000000000004 0.022893803720027962 1.0000000180025095e-35
decision_type=2 2 2 2 2 2 2 2 2 2 2 2 2 2 2
left_child=1 5 -3 -4 -2 7 -7 9 -9 10 -1 -12 -6 -14 -15
right_child=4 2 3 -5 12 6 -8 8 -10 -11 11 -13 13 14 -16
leaf_value=-0.0013552241835698318 -0.014867787027711908 -0.0020914227226991053 0.00095811579727196811 0.0042691271141546633 7.7823222840650487e-06 0.00011620017456479317 -0.0034602742474009194 -0.0020854490235146482 0.00022305310219077848 7.6289182528994063e-05 0.00084680619840163396 0.0033908892083027754 0.039761759712412859 -0.0045369575418555156 6.3293977053527716e-05
leaf_weight=10944.648114244454 411.24927190970629 6384.6565943397582 16393.726261811331 13503.777926154435 28935.045480171219 18214.091874795035 13703.945499297231 38730.652862976305 70486.449831084348 277080.58460267819 27245.393125828356 23596.691415256821 72.163843560963869 11159.927118636668 8569.0484948512167
leaf_count=72547 11366 42612 102480 69164 188710 141585 74664 265055 440056 1622229 134344 196912 602 79559 50842
internal_value=1.04937e-05 0.000114361 0.0016538 0.0024536 -0.00108062 -2.00077e-06 -0.00141935 9.89603e-05 -0.00059559 0.000322814 0.00142835 0.00202756 -0.000964277 -0.00238473 -0.00253889
internal_weight=565432 516285 36282.2 29897.5 49147.4 480002 31918 448084 109217 338867 61786.7 50842.1 48736.2 19801.1 19729
internal_count=3492727 3161648 214256 171644 331079 2947392 216249 2731143 705111 2026032 403803 331256 319713 131003 130401
is_linear=0
shrinkage=0.0206149


Tree=299
num_leaves=16
num_cat=0
split_feature=21 23 8 1 26 8 9 24 10 23 23 26 5 23 9
split_gain=164.172 160.57 155.989 182.518 155.041 153.311 266.632 224.098 203.111 183.168 203.981 216.529 177.482 175.863 175.059
threshold=1.7031504040002887 0.52990666487863136 0.0043222490274877224 1.0000000180025095e-35 0.21617074311863679 0.012896569217747331 0.0036383333333333333 11.500000000000002 6.5000000000000009 2.3250492078427536 1.9690144509943079 0.062279165122422979 4.5000000000000009 3.5751398924020239 0.086371666666666666
decision_type=2 2 2 2 2 2 2 2 2 2 2 2 2 2 2
left_child=-1 2 -2 -4 5 6 -3 13 12 10 -10 -12 -9 -7 -15
right_child=1 4 3 -5 -6 7 -8 8 9 -11 11 -13 -14 14 -16
leaf_value=-0.0058976325528865663 -0.00040992693987142707 0.0010891700942142713 -0.0094263873346811054 -0.0017468007895283149 0.0012605486727417555 -0.0012407283265964411 -0.0011468684184455448 0.00064048194149942208 -0.00069879643500124532 0.00019534591785288672 -0.0065514821729684503 0.0041662956632550494 0.0032244665413502321 0.00044817099202401205 -0.0016264705737284132
leaf_weight=1997.2028782796115 8417.0074777053669 100904.35440598801 2225.9094063928351 3214.5193210579455 43431.064990309998 112056.33312830143 29227.201537385583 65269.770874831825 15924.046205313876 66348.136742338538 5611.7142394129187 934.45943265408278 13660.510861642659 73595.595490897074 22590.022520922124
leaf_count=27431 73130 734548 34657 18080 264478 752361 142282 331202 98411 339554 33303 5036 82875 450725 104672
internal_value=2.34513e-06 2.32596e-05 -0.00216835 -0.00488884 7.85229e-05 -2.29085e-05 0.000586962 -0.000233987 0.000326759 -0.000349462 -0.00195812 -0.00502153 0.00108769 -0.000685693 -3.90765e-05
internal_weight=565408 563411 13857.4 5440.43 549553 506122 130132 375991 167749 88818.4 22470.2 6546.17 78930.3 208242 96185.6
internal_count=3492745 3465314 125867 52737 3339447 3074969 876830 2198139 890381 476304 136750 38339 414077 1307758 555397
is_linear=0
shrinkage=0.0206149


Tree=300
num_leaves=16
num_cat=0
split_feature=23 22 26 26 23 23 26 17 18 17 17 26 26 17 20
split_gain=168.137 204.624 154.672 219.025 378.908 194.837 178.436 301.274 204.594 159.487 150.894 127.712 135.806 119.582 119.193
threshold=2.7960288739116739 0.0069134866388865148 0.27150770656593104 0.034363351888621267 3.8803755942346112 3.2171674801866783 0.074531526167949183 18.500000000000004 1.3333332645502682 23.500000000000004 23.500000000000004 0.44322031023649805 0.13405209485872879 28.500000000000004 0.59259156687420211
decision_type=2 2 2 2 2 2 2 2 2 2 2 2 2 2 2
left_child=1 14 3 9 5 -5 -7 -8 10 -2 -9 12 -3 -10 -1
right_child=2 11 -4 4 -6 6 7 8 13 -11 -12 -13 -14 -15 -16
leaf_value=-0.0097977414817343941 0.00030123630758916776 -0.00043186803356815907 0.0019177295290924803 -0.00073455040741246514 0.00034926663015856952 -0.0016437342224643729 -0.0013959248920513089 -0.031795382537489168 -0.0093930321229915778 0.0018338059791512809 -0.01094106057488004 -0.00514419393811989 0.001315004504656623 -0.0016165922349140886 -0.00083267190017059485
leaf_weight=1543.2709589190781 86262.547677133232 230937.23583114147 23821.173538539559 27859.936962193809 106962.47832886502 11159.897639576346 4107.8785747997463 266.58417909964919 3272.348574206233 43362.459425780922 329.94025143608451 2323.4728161450475 20599.860962184146 1130.7464624661952 1065.2649949546903
leaf_count=44420 498267 1529052 136198 161385 581524 63273 24940 1533 19853 244413 2033 21845 141287 6383 14806
internal_value=-2.22075e-06 -0.000392271 0.000322007 0.000188498 -0.000334229 -0.00185329 -0.00339113 -0.00553232 -0.00893093 0.000813915 -0.0202608 -0.000333246 -0.000288806 -0.00739599 -0.00613662
internal_weight=565005 256469 308536 284715 155090 48127.3 20267.4 9107.5 4999.62 129625 596.524 253861 251537 4403.1 2608.54
internal_count=3491212 1751410 1739802 1603604 860924 279400 118015 54742 29802 742680 3566 1692184 1670339 26236 59226
is_linear=0
shrinkage=0.0206149


Tree=301
num_leaves=16
num_cat=0
split_feature=18 22 26 9 18 8 23 0 23 16 23 22 0 22 22
split_gain=151.551 137.756 126.905 141.808 249.054 196.75 317.106 207.72 166.896 160.115 146.725 142.214 124.682 119.796 177.423
threshold=8.4166631527793054 2.2096224505731512 0.21617074311863679 0.018201666666666672 1.7303028940128671 0.10338398535370243 4.2967662464852454 1.5000000000000002 3.1731015993859155 19.500000000000004 1.2835357795323079 1.3014532366795726 8.5000000000000018 0.69979295913637474 0.78707233293550849
decision_type=2 2 2 2 2 2 2 2 2 2 2 2 2 2 2
left_child=1 2 3 5 11 10 7 -7 -6 -9 12 -5 -1 -12 -15
right_child=-2 -3 -4 4 8 6 -8 9 -10 -11 13 -13 -14 14 -16
leaf_value=-0.00029387491179525758 -0.0025045501293478475 -0.0048306745441669251 0.0011302628917534967 0.00047586169576958268 -0.0024624936588051737 0.0041236150159719787 0.0011118539086503972 -0.0030429272789875353 -0.00060644984129880472 -0.0122496261295802 -0.00010770731042592668 -0.0023293450003841806 -0.0046674893876703068 0.0027270149509857509 0.00068291321834761999
leaf_weight=55892.586391238496 10174.035925992765 2462.3825587201864 43095.697902207263 89205.213480178267 32070.482506271452 1675.68882997334 14650.112841105089 18502.982699132524 57508.425318729132 839.16798112913966 64484.150493809953 8403.7747779861093 2914.4671669248492 20663.182123675942 142435.67626258731
leaf_count=363880 169995 21318 257437 473292 155827 7761 93824 137357 275404 6565 453893 37356 57768 121469 858024
internal_value=-1.1293e-05 3.44286e-05 5.61176e-05 -3.47836e-05 -0.00048601 0.00022748 -0.00121633 -0.00283915 -0.00127094 -0.00344236 0.000407297 0.000234344 -0.00051063 0.000644488 0.000941883
internal_weight=564978 554804 552342 509246 187188 322058 35668 21017.8 89578.9 19342.2 286390 97609 58807.1 227583 163099
internal_count=3491170 3321175 3299857 3042420 941879 2100541 245507 151683 431231 143922 1855034 510648 421648 1433386 979493
is_linear=0
shrinkage=0.0206149


Tree=302
num_leaves=16
num_cat=0
split_feature=22 10 10 22 21 22 17 21 21 10 22 22 22 22 21
split_gain=142.648 143.938 276.644 217.725 227.301 211.679 200.066 176.835 238.325 165.191 277.716 569.882 550.294 217.236 236.253
threshold=2.2096224505731512 1.5000000000000002 3.5000000000000004 0.51652621535039245 8.6590924803699068 0.040684701404504774 12.500000000000002 6.4947418678038016 6.388635093565834 2.5000000000000004 0.69437267443369921 0.91640341703626516 0.91932682370059438 0.4907678936133586 5.0400040892973292
decision_type=2 2 2 2 2 2 2 2 2 2 2 2 2 2 2
left_child=1 3 7 5 -5 -1 -4 8 9 10 13 -12 -13 -3 -15
right_child=-2 2 6 4 -6 -7 -8 -9 -10 -11 11 12 -14 14 -16
leaf_value=-0.011665778093341381 -0.004770817782390132 0.00011823356189562897 -0.0021599031703322183 -0.0025842239073738168 0.0071474373908788497 0.0059616819678605512 -2.1971290551010076e-06 0.0025025909402127374 -0.004833752927584937 0.0019080767623871385 0.0061970863081742423 -0.028847094856537189 -0.00093775523357313118 -0.012199998127166265 -0.0019771981913146632
leaf_weight=327.3173579601571 2634.1241890303791 3200.4855388663709 19067.420956857502 21904.755141146481 1069.7857553735375 2506.2340700551867 432359.07590963691 28773.900302029215 3329.1330580487847 28807.345165479928 5912.5451314747334 308.63597572222352 11025.98703571409 1945.8158397972584 1897.6857347264886
leaf_count=6190 24311 24828 145435 135522 8235 16809 2666503 158076 16597 167773 33188 1635 64988 11796 10255
internal_value=1.52732e-05 3.76885e-05 0.000110011 -0.00146611 -0.00213108 0.00392545 -9.33346e-05 0.0011874 0.000516757 0.00085222 -0.000399941 0.00100872 -0.00169771 -0.00384905 -0.00715261
internal_weight=565070 562436 536628 25808.1 22974.5 2833.55 451426 85201.5 56427.6 53098.5 24291.2 17247.2 11334.6 7043.99 3843.5
internal_count=3492141 3467830 3301074 166756 143757 22999 2811938 489136 331060 314463 146690 99811 66623 46879 22051
is_linear=0
shrinkage=0.0206149


Tree=303
num_leaves=16
num_cat=0
split_feature=23 18 10 10 17 21 21 22 22 22 10 22 21 21 22
split_gain=156.813 157.039 162.073 270.607 200.365 183.827 219.647 181.046 446.193 282.228 282.766 181.038 206.882 196.204 220.343
threshold=1.3155780183151442 0.999999969223486 1.5000000000000002 3.5000000000000004 12.500000000000002 6.4947418678038016 6.3759348580802255 0.91640341703626516 0.91932682370059438 0.69437267443369921 2.5000000000000004 0.4907678936133586 5.0400040892973292 3.8279173554724397 0.040684701404504774
decision_type=2 2 2 2 2 2 2 2 2 2 2 2 2 2 2
left_child=-1 -2 -3 5 -5 6 7 9 -9 10 11 13 -13 -4 -15
right_child=1 2 3 4 -6 -7 -8 8 -10 -11 -12 12 -14 14 -16
leaf_value=-0.00087858397888975251 0.0035096992757943008 -0.0016250675112554193 -0.0077103474406940474 -0.0023045868738589262 5.6640847128955125e-05 0.0028231538563126646 -0.0047395047749295358 -0.024914377534265342 -0.00022181335655207786 0.0042561470226180525 0.0023471320448256142 -0.011559312901856873 -0.001355878926764541 -0.016880933339785648 0.006299834744692135
leaf_weight=74858.816939190961 5788.8413686715066 22234.725319378078 857.98258841969073 15924.963402621448 372694.54698997922 23598.255476765335 3056.400328990072 316.54971478134394 17719.317029006779 12825.2626410909 9726.194565590471 1705.5487543307245 1672.6994095854461 192.80811748839915 1811.7097325623035
leaf_count=566683 70665 137680 8542 114198 2201279 118516 14658 1661 99877 67295 59176 9991 8656 2099 10840
internal_value=2.08155e-07 0.000134429 9.40879e-05 0.000176808 -4.01182e-05 0.00132404 0.000614869 0.000964341 -0.000655196 0.00197884 0.000149625 -0.00327518 -0.0065072 0.00053916 0.00407015
internal_weight=564985 490126 484337 462102 388620 73482.7 49884.5 46828.1 18035.9 28792.2 15966.9 6240.75 3378.25 2862.5 2004.52
internal_count=3491816 2925133 2854468 2716788 2315477 401311 282795 268137 101538 166599 99304 40128 18647 21481 12939
is_linear=0
shrinkage=0.0206149


Tree=304
num_leaves=16
num_cat=0
split_feature=24 26 10 26 22 22 10 10 22 24 22 22 10 24 22
split_gain=140.449 143.08 132.864 217.747 144.688 195.198 131.028 210.181 206.791 185.547 180.021 164.706 146.874 421.577 213.599
threshold=1.5000000000000002 0.21617074311863679 10.500000000000002 0.0049045708830565849 0.58591735895920771 0.84159495736405832 1.5000000000000002 3.5000000000000004 0.51652621535039245 11.500000000000002 1.5619246861453255 1.0169175573950293 5.5000000000000009 9.5000000000000018 0.086009304569600015
decision_type=2 2 2 2 2 2 2 2 2 2 2 2 2 2 2
left_child=-1 2 6 -4 -5 -6 8 11 -2 -10 -11 -8 13 -9 -15
right_child=1 -3 3 4 5 -7 7 12 9 10 -12 -13 -14 14 -16
leaf_value=-0.0050530481164673385 0.0041396842741454262 0.001164121309957908 -0.0030922331002588197 -0.0025880950559073919 0.0017796904930885149 -0.00070128187133031096 0.0016515059065990668 -0.003050475720974962 -0.003692144991656899 0.00064500395548389058 -0.02000411175845768 -0.00053948394638501939 0.00020268168918635004 -0.024716542152315748 0.00015579561698925214
leaf_weight=2329.9469616571441 2548.9257552344352 42824.639112586156 14655.868963089772 10571.727074975148 18891.841734679416 47019.560312515125 59791.914603676647 25010.165539721958 12467.94895706512 8630.1783075742424 183.23366830870509 19283.660069322214 235921.5534927547 147.06582795083523 64795.545507069677
leaf_count=46637 19947 251227 113990 84669 114332 288623 340061 195208 85879 46773 956 111966 1452766 840 338094
internal_value=-2.13387e-06 1.87786e-05 -7.55608e-05 -0.000790357 -0.000349266 9.82631e-06 7.6372e-05 0.000163792 -0.00140916 -0.00207376 0.000215702 0.0011172 -6.75598e-05 -0.00077633 9.9471e-05
internal_weight=565074 562744 519919 91139 76483.1 65911.4 428780 404950 23830.3 21281.4 8813.41 79075.6 325874 89952.8 64942.6
internal_count=3491968 3445331 3194104 601614 487624 402955 2592490 2438935 153555 133608 47729 452027 1986908 534142 338934
is_linear=0
shrinkage=0.0206149


Tree=305
num_leaves=16
num_cat=0
split_feature=23 20 21 0 2 10 10 17 23 9 21 12 21 21 21
split_gain=141.679 161.382 148.719 147.657 138.829 140.631 181.898 214.712 160.793 161.102 161.976 153.459 137.391 224.458 175.665
threshold=1.0561487520021191 1.1111056018822223 9.5532169979213961 8.5000000000000018 5.5000000000000009 1.5000000000000002 3.5000000000000004 12.500000000000002 5.4798335682040404 0.11334833333333334 9.2144797882848355 1.0000000180025095e-35 6.4947418678038016 8.597185412435751 6.4040439531342512
decision_type=2 2 2 2 2 2 2 2 2 2 2 2 2 2 2
left_child=3 4 -3 -1 5 11 12 -8 9 10 -9 -2 14 -14 -7
right_child=1 2 -4 -5 -6 6 7 8 -10 -11 -12 -13 13 -15 -16
leaf_value=-0.00074979414111372273 -0.0030892901330448032 -0.00057889770457072759 0.0089776345092692014 -0.0052949506380557242 0.0024154916537087131 0.0010038131226314925 -0.0023792003022141779 0.00035267042844607628 0.0020466496660639078 -0.001246206514994962 -0.0057487652745803666 0.00087579452527001265 0.0035826894777629165 -0.0034145517807093735 -0.0050854922627170283
leaf_weight=46125.150425577536 10753.997412886471 127549.78033835068 695.81044027581811 3251.6422986593097 12945.465939126909 38412.965359143913 13887.743941497058 229080.75131922867 19618.514711523429 32525.986574575305 1864.094211967662 6752.8583383858204 17250.577577315271 2196.2874394319952 2124.675352293998
leaf_count=315337 74985 694434 4749 73836 130111 225862 107549 1453904 103644 151839 13213 36120 84172 12350 10333
internal_value=5.79978e-06 0.000106812 -0.000527048 -0.00104911 0.000316639 0.000244081 0.000332553 0.000123411 0.000246183 0.000112117 0.000303422 -0.00155985 0.001368 0.00279244 0.000684658
internal_weight=565036 515660 128246 49376.8 387414 374468 356962 296977 283089 263471 230945 17506.9 59984.5 19446.9 40537.6
internal_count=3492438 3103265 699183 389173 2404082 2273971 2162866 1830149 1722600 1618956 1467117 111105 332717 96522 236195
is_linear=0
shrinkage=0.0206149


Tree=306
num_leaves=16
num_cat=0
split_feature=22 21 21 21 21 0 21 10 17 0 27 21 17 12 10
split_gain=148.617 240.116 184.408 392.744 252.949 232.047 202.303 688.525 786.251 383.896 202.096 143.238 175.415 138.19 238.766
threshold=1.0000000180025095e-35 5.9818583011166453 4.042007623831303 4.085577326145029 3.4589410251358736 5.5000000000000009 3.2206059155603355 6.5000000000000009 16.500000000000004 2.5000000000000004 1.0000000180025095e-35 3.2839054031659582 22.500000000000004 1.0000000180025095e-35 1.5000000000000002
decision_type=2 2 2 2 2 2 2 2 2 2 2 2 2 2 2
left_child=1 2 4 -4 5 6 -1 -8 -9 -10 -7 12 -11 14 -2
right_child=13 -3 3 -5 -6 10 7 8 9 11 -12 -13 -14 -15 -16
leaf_value=0.00070980376170738061 -0.002615179258091902 -0.022463234795816286 0.059101476499914228 0.0023211060966838752 -0.013715065425979337 -0.0089440055611486168 -0.014795247655881073 0.11553465445336812 0.10284991995334686 0.11081870643271576 0.021567474111673712 -0.016998861325875938 -0.019792711450340457 0.0006453511628160128 -4.4316030287690135e-05
leaf_weight=1037.7016972415149 15932.941606542096 269.2495429860428 54.798716844990849 936.53400188684464 952.83210363611579 1410.6881557926536 127.33679204061627 51.641064707189798 17.876628771424294 9.3094362728297728 98.710874058306217 63.812190040946007 8.2356688119471055 122520.90813674033 421335.70284385048
leaf_count=16488 109127 6932 645 15750 19425 49858 1996 829 217 159 2812 915 129 686529 2580164
internal_value=1.73306e-06 -0.00352285 -0.00245362 0.0054598 -0.00452999 -0.00143234 0.00489504 0.0205055 0.050299 0.0163505 -0.00694863 -0.00265595 0.0495097 3.34583e-05 -0.000137992
internal_weight=564828 5038.73 4769.48 991.333 3778.14 2825.31 1315.91 278.212 150.875 99.2339 1509.4 81.3573 17.5451 559790 437269
internal_count=3491975 116155 109223 16395 92828 73403 20733 4245 2249 1420 52670 1203 288 3375820 2689291
is_linear=0
shrinkage=0.0206149


Tree=307
num_leaves=16
num_cat=0
split_feature=23 10 0 18 17 22 26 10 23 20 17 10 22 21 22
split_gain=143.115 240.237 205.252 201.828 170.319 212.583 166.595 230.947 332.984 326.941 181.31 179.44 165.612 137.814 269.806
threshold=2.4005994537975353 6.5000000000000009 6.5000000000000009 2.2857140408163561 28.500000000000004 1.0826891910149083 0.0053695434917323719 2.5000000000000004 1.4533169011540126 0.59259156687420211 14.500000000000002 3.5000000000000004 0.73564859341304678 7.9540999683346358 0.44138391047414033
decision_type=2 2 2 2 2 2 2 2 2 2 2 2 2 2 2
left_child=1 6 -3 -4 13 -6 7 -1 -9 -10 -8 -12 -13 -2 -15
right_child=4 2 3 -5 5 -7 10 8 9 -11 11 12 -14 14 -16
leaf_value=-0.0016084561832526826 -8.4584289673160637e-05 -0.00082738983957437757 -0.01479204439241392 -0.003165921528345383 0.0021433504851184016 -0.00052396084901007434 -0.0020995601337348954 0.00048955575399526479 0.010863377284790716 0.0027979085055545205 0.0020663949167571034 -0.0038414863913968753 0.00024425850990979805 0.011860877861440211 0.0010518622275945534
leaf_weight=7183.7114831916988 287180.38302827347 97443.526768289506 683.87487685773522 8799.8505256790668 38641.377671198919 18913.480527713895 16782.430220950395 12926.079178288579 3260.9871102962643 6190.391759134829 16935.413672382012 5518.516111488454 17864.146820385009 1020.5578661486506 25568.737158555537
leaf_count=49642 1638082 617815 12051 161691 217264 104044 111401 90196 24204 33327 112260 42387 112142 5244 160906
internal_value=-9.49087e-07 -0.000455381 -0.00110916 -0.00400429 0.000235968 0.00126683 0.00035128 0.00160747 0.00263987 0.00558072 -0.000299057 0.000450404 -0.000720014 4.68769e-05 0.00146674
internal_weight=564913 193589 106927 9483.73 371325 57554.9 86661.7 29561.2 22377.5 9451.38 57100.5 40318.1 23382.7 313770 26589.3
internal_count=3492656 1367116 791557 173742 2125540 321308 575559 197369 147727 57531 378190 266789 154529 1804232 166150
is_linear=0
shrinkage=0.0206149


Tree=308
num_leaves=16
num_cat=0
split_feature=23 21 10 21 21 24 23 17 0 21 10 10 10 21 21
split_gain=149.925 131.51 124.948 217.824 370.157 229.086 179.762 153.215 137.178 136.567 334.174 404.55 312.702 267.923 247.855
threshold=5.879961974833237 1.7031504040002887 10.500000000000002 5.0180116144158413 5.1531358940652039 11.500000000000002 2.2391204743999018 22.500000000000004 1.0000000180025095e-35 4.5114119294954493 5.5000000000000009 6.5000000000000009 4.5000000000000009 4.4383656099313997 3.0521218154971899
decision_type=2 2 2 2 2 2 2 2 2 2 2 2 2 2 2
left_child=1 -1 9 5 -5 -4 7 -6 -9 10 12 14 -3 -13 -12
right_child=-2 2 3 4 6 -7 -8 8 -10 -11 11 13 -14 -15 -16
leaf_value=-0.0054325063805693132 0.0016523179059488512 -0.00088765257463069541 -0.00021063754787963826 -0.0087549946757875009 -0.0011224972601294495 0.0041344733254308043 -0.00029098710994446443 -0.0016792645870292435 -0.0070335708867769638 0.00030559430400114469 -0.0024019548278470231 1.7859629302653522e-05 -0.0047874782738064952 -0.0064826221972254195 0.0052431966454568515
leaf_weight=1933.3566342759877 22485.686060275882 36142.161201698706 30137.707243666053 2840.9890042841434 10784.845215911046 6220.9352656323463 37118.805463011377 3449.6846668720245 4953.2742415061221 335139.16219448391 2204.0663861148059 47142.127663677558 11523.809089757502 2857.8631704021245 9882.361002413556
leaf_count=26604 119511 251665 241228 20590 76589 32776 203476 18204 42052 1914282 18411 358838 81500 18809 67117
internal_value=2.85436e-06 -6.55343e-05 -4.63332e-05 -0.000722883 -0.00149477 0.000532808 -0.00112845 -0.00274852 -0.00483546 9.8904e-05 -0.000532244 0.000464459 -0.00183048 -0.00035369 0.00384904
internal_weight=564817 542331 540398 95506.2 59147.6 36358.6 56306.6 19187.8 8402.96 444892 109752 62086.4 47666 50000 12086.4
internal_count=3491652 3372141 3345537 634915 360911 274004 340321 136845 60256 2710622 796340 463175 333165 377647 85528
is_linear=0
shrinkage=0.0206149


Tree=309
num_leaves=16
num_cat=0
split_feature=24 26 24 9 0 21 5 21 21 9 21 22 22 21 10
split_gain=151.354 143.863 137.854 209.844 189.604 359.431 335.738 187.125 174.116 188.333 170.842 168.819 162.632 178.41 202.358
threshold=1.5000000000000002 0.15973877583050375 11.500000000000002 0.018201666666666672 1.0000000180025095e-35 7.3240639589123662 5.5000000000000009 8.498279917078472 9.4455548799437086 0.06093500000000001 9.5532169979213961 0.41940530016134797 1.2662565442107627 10.165688380836885 8.5000000000000018
decision_type=2 2 2 2 2 2 2 2 2 2 2 2 2 2 2
left_child=-1 2 3 -2 6 -6 8 -8 9 -4 -7 -10 -13 -14 -15
right_child=1 -3 4 -5 5 10 7 -9 11 -11 -12 12 13 14 -16
leaf_value=-0.0052958846769537559 -9.7707060777421607e-05 0.00090032001160026114 0.0011130594399024762 -0.0013826860542824374 0.00044723330068488585 -0.0018439257092244606 0.0043564112004760031 0.018255845980977094 -0.036553843127046473 -0.00077210262892970659 -0.0078477882581551913 0.0049294218752244422 0.0037950349574882619 -0.045900269060406534 -0.001002751248560411
leaf_weight=2306.9577568657696 220967.97836695146 65885.838970220648 55614.80733820051 71480.038264188915 67794.318452263251 26841.642953589559 6664.7403170466423 438.71798400580883 43.678421296179295 37847.444821596146 2177.562499480322 6079.6498469822109 209.42719884961843 89.844523891806602 81.234929621219635
leaf_count=46536 1619947 385868 258769 348882 368931 144285 33336 1910 323 195928 15136 68024 1894 456 449
internal_value=-2.63954e-05 -4.77296e-06 -0.00012492 -0.000411781 0.000286551 -0.000374567 0.000884341 0.00521486 0.00057662 0.000349665 -0.00229445 0.00383804 0.00411114 -0.00896321 -0.0245812
internal_weight=564524 562217 496331 292448 203883 96813.5 107070 7103.46 99966.1 93462.3 29019.2 6503.83 6460.16 380.507 171.079
internal_count=3490674 3444138 3058270 1968829 1089441 528352 561089 35246 525843 454697 159421 71146 70823 2799 905
is_linear=0
shrinkage=0.0206149


Tree=310
num_leaves=16
num_cat=0
split_feature=24 26 24 10 10 10 21 10 21 0 21 21 22 22 21
split_gain=145.706 135.858 127.987 162.357 154.21 320.138 388.103 262.957 207.323 204.445 203.182 422.043 343.178 328.714 215.667
threshold=1.5000000000000002 0.17322368780859002 10.500000000000002 1.5000000000000002 3.5000000000000004 5.5000000000000009 4.9963322761858935 6.5000000000000009 2.795535893345229 1.0000000180025095e-35 4.085577326145029 4.042007623831303 0.58591735895920771 1.0000000180025095e-35 4.185652929013421
decision_type=2 2 2 2 2 2 2 2 2 2 2 2 2 2 2
left_child=-1 2 3 -2 -5 6 8 9 -6 -7 11 13 -13 -11 -12
right_child=1 -3 -4 4 5 7 -8 -9 -10 10 14 12 -14 -15 -16
leaf_value=-0.005181337137220546 -0.003143834979209541 0.00095028905140233963 0.00017520433929138601 0.00098275000957114196 0.0019824532568285232 -0.0017088474528451001 0.00017458627009050938 -0.000528244816220156 -0.0050051680510514044 -0.017367801240431312 -0.01533833873233559 0.071318622347574842 0.018144817500400499 0.006896581566337134 0.0022379967408182773
leaf_weight=2302.3393863802776 9379.5535677419975 59102.127086311579 300827.90360746719 30341.657322396524 2011.0565550755709 4449.0535675734282 14361.302976569161 110499.0932429675 17566.499526163563 252.68899492546916 306.58857327699661 70.277327667921782 193.88028671778738 3888.2169083189219 9180.3943141680211
leaf_count=46633 74988 345828 1597689 199434 18965 23652 90775 853088 133455 5997 2222 549 1351 31383 66089
internal_value=-5.8981e-06 1.52878e-05 -9.45025e-05 -0.00049517 -0.000366529 -0.000618032 -0.00239929 -0.000148816 -0.00428738 0.00213712 0.00336883 0.00702754 0.0322913 0.0054159 0.00166999
internal_weight=564733 562430 503328 202500 193121 162779 33938.9 128840 19577.6 18341.1 13892 4405.06 264.158 4140.91 9486.98
internal_count=3492098 3445465 3099637 1501948 1426960 1227526 243195 984331 152420 131243 107591 39280 1900 37380 68311
is_linear=0
shrinkage=0.0206149


Tree=311
num_leaves=16
num_cat=0
split_feature=18 15 9 8 9 21 21 9 8 18 8 1 9 0 22
split_gain=140.533 116.79 125.87 321.661 279.039 356.194 268.787 204.905 183.854 171.565 167.859 158.751 167.697 132.283 120.892
threshold=9.8333292222240107 23.500000000000004 0.035238333333333337 0.18934246844229827 0.21549000000000004 9.5532169979213961 9.4455548799437086 0.12086833333333334 0.63390308976894216 1.5555554259259381 0.070009947492543786 1.5000000000000002 0.49961666666666665 1.0000000180025095e-35 0.040684701404504774
decision_type=2 2 2 2 2 2 2 2 2 2 2 2 2 2 2
left_child=1 2 6 7 -5 8 14 9 11 10 -4 -6 -13 -8 -1
right_child=-2 -3 3 4 5 -7 13 -9 -10 -11 -12 12 -14 -15 -16
leaf_value=-0.0021506557658352034 -0.0031523223655726788 0.0048279691797411392 -0.0019322464592804846 0.0018102111521613696 -0.0070260573639914286 0.0052453152405464816 0.0013233620330856187 -0.0044803839261602198 -7.0814519665573692e-05 -0.0019423456420815082 0.0016692583023725641 -0.00091000704951303528 -0.0066845328998420802 -0.010157353630554073 0.00031562856721552827
leaf_weight=8635.0511644603685 5905.2844510264695 2160.8081849738955 8867.382835034281 34482.485946249217 2963.3094703033566 4149.0312173701823 585.6292184330523 8641.6298638992012 31352.153553437442 38134.17031467706 14480.995912905782 13410.325948961079 2542.446864284575 1569.733697174117 386634.37699448317
leaf_count=137549 106312 26669 45367 164555 13403 43886 4565 43717 153836 180122 71893 65545 13219 13983 2406768
internal_value=1.11686e-05 4.46112e-05 2.60364e-05 -0.00046411 0.000359331 -0.000560046 0.000222162 -0.00150802 -0.00103921 -0.00109025 0.000301458 -0.00264425 -0.00183031 -0.00703795 0.00026175
internal_weight=564515 558610 556449 159024 88899.8 54417.3 397425 70124.2 50268.2 61482.5 23348.4 18916.1 15952.8 2155.36 395269
internal_count=3491389 3385077 3358408 795543 454444 289889 2562865 341099 246003 297382 117260 92167 78764 18548 2544317
is_linear=0
shrinkage=0.0206149


Tree=312
num_leaves=16
num_cat=0
split_feature=24 26 10 26 5 24 10 10 22 17 17 9 18 9 22
split_gain=145.933 137.104 125.126 228.861 147.665 149.641 190.065 134.34 134.282 200.085 133.286 126.274 125.903 216.017 126.183
threshold=2.5000000000000004 0.15552466227440476 10.500000000000002 0.0049045708830565849 5.5000000000000009 9.5000000000000018 7.5000000000000009 2.5000000000000004 1.0826891910149083 30.500000000000004 20.500000000000004 0.093345000000000025 1.6249998476562661 0.056060000000000006 0.06081292421828445
decision_type=2 2 2 2 2 2 2 2 2 2 2 2 2 2 2
left_child=-1 2 4 -4 8 -6 7 -7 9 12 -5 -10 14 -14 -2
right_child=1 -3 3 10 5 6 -8 -9 11 -11 -12 -13 13 -15 -16
leaf_value=-0.0029379685677421233 -0.016772305506600759 0.00091079966885279423 -0.0031609109220616951 -0.0015868022760726365 -4.2762303549065497e-05 -0.00024431466855088829 -0.00028341895809104174 0.0031336226323068501 -0.00045088332575911311 0.0029439193520818794 0.00030368833533826365 -0.0024060911015915325 -4.1912301830255472e-05 -0.002362633805871016 0.00075529046177068727
leaf_weight=7138.8061161059886 174.99961253255606 65959.305492478423 14551.13062367402 23735.020582495257 48347.887802235782 6190.0553040616214 15627.957661276683 26099.322200551629 74136.17229603231 10166.425083268434 47699.68188279029 17316.213942561299 119853.17301304452 19871.255928181112 67728.689349167049
leaf_count=122146 956 368430 113539 160614 501514 49255 126849 191111 371502 52772 290407 84763 614049 85557 358131
internal_value=-9.22327e-06 2.82823e-05 -9.0152e-05 -0.000804455 6.13107e-05 0.000766387 0.00158281 0.00248605 -0.000158172 0.000120191 -0.000324449 -0.000821096 -1.80714e-05 -0.000371959 0.000710119
internal_weight=564596 557457 491498 85985.8 405512 96265.2 47917.3 32289.4 309247 217795 71434.7 91452.4 207628 139724 67903.7
internal_count=3491595 3369449 3001019 564560 2436459 868729 367215 240366 1567730 1111465 451021 456265 1058693 699606 359087
is_linear=0
shrinkage=0.0206149


Tree=313
num_leaves=16
num_cat=0
split_feature=23 0 18 9 18 23 24 23 22 18 22 22 10 17 0
split_gain=138.363 135.621 130.944 167.583 146.837 129.736 149.153 114.07 109.798 105.359 104.829 97.7202 121.487 141.307 95.6774
threshold=1.2835357795323079 8.5000000000000018 1.0363756236763753 0.035238333333333337 1.7999998500000134 4.077600594023127 9.5000000000000018 3.1731015993859155 1.0826891910149083 3.8452375002835395 1.401039533391889 0.59218928225173861 10.500000000000002 31.500000000000004 1.0000000180025095e-35
decision_type=2 2 2 2 2 2 2 2 2 2 2 2 2 2 2
left_child=1 -1 10 5 8 6 11 -6 -5 -3 -2 12 13 -4 -13
right_child=2 9 3 4 7 -7 -8 -9 -10 -11 -12 14 -14 -15 -16
leaf_value=-0.00062391958515571329 0.0033507241408488983 -0.010481056074677267 -0.0011525949080250716 0.00053577858364538896 -0.0027220256458681804 0.0011813447407789622 0.00050873699743991048 -0.00072686830276591573 -0.0010497129022997258 -0.0026889517420600308 -0.013465986286938944 -0.0013860056162133818 -0.0048214623656651417 0.013990105361641181 0.00032620679826800823
leaf_weight=66382.886186772026 6678.0639251694083 945.17391736153513 21394.195250513963 61664.730400074273 16395.464166555554 63099.288024226204 173035.87355549447 47343.41167261079 26556.01879542321 3355.1205967888236 161.33453445136547 18608.599229011685 4139.7628549830988 265.13520018570125 54457.337672196329
leaf_count=446441 80468 19373 208342 298057 79857 393510 923717 228405 121341 73649 1364 112141 46484 2460 455782
internal_value=-6.8307e-07 -0.00085375 0.000121426 8.1642e-05 -0.000486174 0.000339209 0.000143777 -0.00124008 5.85174e-05 -0.0044016 0.00295403 -0.000494983 -0.00158569 -0.000967231 -0.000109863
internal_weight=564482 70683.2 493799 486960 151960 335000 271901 63738.9 88220.7 4300.29 6839.4 98865 25799.1 21659.3 73065.9
internal_count=3491391 539463 2951928 2870096 727660 2142436 1748926 308262 419398 93022 81832 825209 257286 210802 567923
is_linear=0
shrinkage=0.0206149


Tree=314
num_leaves=16
num_cat=0
split_feature=21 7 21 21 9 3 8 9 8 9 21 0 10 26 25
split_gain=128.857 119.976 206.904 165.368 197.953 169.026 163.987 151.464 148.683 170.733 147.073 137.95 126.375 177.927 131.862
threshold=1.7031504040002887 1.0000000180025095e-35 9.4455548799437086 7.9721794323999591 0.056060000000000006 3.5000000000000004 0.14594494527064783 0.21549000000000004 0.0079799978720006045 0.0011483333333333335 5.471224972653717 1.5000000000000002 6.5000000000000009 0.020823132812188394 1.0000000180025095e-35
decision_type=2 2 2 2 2 2 2 2 2 2 2 2 2 2 2
left_child=-1 2 8 4 -3 -5 -6 -8 9 -2 -10 -4 14 -14 -12
right_child=1 3 11 5 6 -7 7 -9 10 -11 12 -13 13 -15 -16
leaf_value=-0.0052540944391024228 0.0013876429835831194 0.00059692888138927053 0.00059295289384230182 0.011988566246914127 -0.0025438816215115232 0.0015308564427467136 0.0012243082131412147 -0.0012240961405470892 -0.0009023327861463282 -0.00092057113075568592 -0.0016799648716004265 -0.0094128593858319488 -0.001651371431697639 0.00040070076485062569 0.0010801940917390227
leaf_weight=1971.9536145115271 45862.373098431155 136568.08076190576 887.57985720038414 670.5735195428133 16893.491737030447 32006.012768410146 19106.985309999436 24513.300001651049 127120.50411227904 19370.294644143432 8441.8812109166756 1720.9292922653258 32673.760296856053 39864.158029816113 57158.59038118273
leaf_count=27426 424083 680414 5091 3636 79200 216018 88914 115890 929541 107415 60308 14697 215719 224992 299967
internal_value=6.40241e-06 2.48324e-05 -0.000225131 0.000387226 0.000162027 0.00174546 -0.000819464 -0.000151622 -0.000179486 0.000702238 -0.000396321 -0.00600825 6.93319e-05 -0.000523628 0.000724999
internal_weight=564830 562859 333100 229758 197082 32676.6 60513.8 43620.3 330492 65232.7 265259 2608.51 138138 72537.9 65600.5
internal_count=3493311 3465885 2281813 1184072 964418 219654 284004 204804 2262025 531498 1730527 19788 800986 440711 360275
is_linear=0
shrinkage=0.0206149


Tree=315
num_leaves=16
num_cat=0
split_feature=23 10 0 10 10 12 26 10 10 24 23 5 18 12 23
split_gain=128.928 133.839 184.736 142.646 246.402 153.736 132.934 253.585 238.305 223.291 173.106 213.458 157.505 140.559 128.859
threshold=5.441096092289925 10.500000000000002 4.5000000000000009 1.5000000000000002 3.5000000000000004 1.0000000180025095e-35 0.0093378829163227647 8.5000000000000018 5.5000000000000009 9.5000000000000018 1.0763290301886912 4.5000000000000009 3.4999992708334915 1.0000000180025095e-35 0.17440943309975129
decision_type=2 2 2 2 2 2 2 2 2 2 2 2 2 2 2
left_child=1 3 -3 5 14 -1 7 10 9 -8 -6 13 -13 -12 -5
right_child=-2 2 -4 4 6 -7 8 -9 -10 -11 11 12 -14 -15 -16
leaf_value=-0.002739139214721254 0.0011726171652110095 -0.00041583383061488189 -0.0030480296517270073 -0.013266944965245888 -0.00079118351824575414 0.00065541948858293677 -0.0029857443735786084 -0.0011371352880165397 6.4135807224876727e-05 -0.00049491900337574751 0.001494584715107077 0.005357537880059199 0.0018440842260067584 -0.0019963999112685509 0.0012397501400564547
leaf_weight=15117.943156125024 37402.963148776442 79871.61406455934 13204.547499466687 261.07499578595161 13013.637000732124 9072.3387729972601 23756.034238571301 25131.313359636813 176694.50576993544 42942.946906426921 20047.909501839429 9667.0051907757297 12349.037768810987 6487.5395081751049 79386.820407189429
leaf_count=107229 201039 454053 171926 2556 98262 51507 179477 173358 1076932 213497 97591 56559 116567 32670 458506
internal_value=3.08608e-06 -7.99188e-05 -0.000789259 7.22323e-05 0.00016305 -0.00146604 -8.52755e-05 0.000607888 -0.000332179 -0.00138207 0.00132022 0.00188615 0.0033868 0.000641089 0.0011922
internal_weight=564407 527004 93076.2 433928 409738 24190.3 330090 86696.4 243393 66699 61565.1 48551.5 22016 26535.4 79647.9
internal_count=3491729 3290690 625979 2664711 2505975 158736 2044913 575007 1469906 392974 401649 303387 173126 130261 461062
is_linear=0
shrinkage=0.0206149


Tree=316
num_leaves=16
num_cat=0
split_feature=23 8 0 23 8 17 21 21 22 15 21 22 17 21 26
split_gain=127.458 154.552 422.559 186.932 163.606 161.733 153.43 151.113 141.164 141.029 133.672 130.961 168.512 127.384 120.173
threshold=3.5490462465796981 0.024459995806857888 1.0000000180025095e-35 0.95409601915045117 0.080620702768471053 18.500000000000004 4.7808817780922057 6.6685963087342861 1.9239106649618556 8.5000000000000018 1.7031504040002887 0.44138391047414033 26.500000000000004 2.658904422559472 0.086661983222355424
decision_type=2 2 2 2 2 2 2 2 2 2 2 2 2 2 2
left_child=1 8 7 -4 6 -6 -5 9 10 -3 -1 12 -9 -10 -7
right_child=-2 2 3 4 5 14 -8 11 13 -11 -12 -13 -14 -15 -16
leaf_value=-0.0062043273381863582 0.00042197729532053287 -0.0023594848488056649 -0.0068586820102914149 -0.0026625266484343198 -0.00077361282326044258 -0.0028135402096253286 -9.3804146061313514e-05 0.011041426307367633 -0.013453715235542729 0.00051728377028015249 0.00025416559535106954 0.0011133271146072106 -0.02923852119448047 -0.0022797470776103525 -0.0066579566509478482
leaf_weight=1371.1966057987884 188824.13380147982 11980.209343817085 2766.5409097839147 12897.008723564446 15483.789567939006 20474.217964027077 42267.62448301632 868.89378522336483 545.16117061115801 18310.923714838922 200431.46607368253 41954.886119917035 46.500253804028034 2118.190397888422 4157.0648381859064
leaf_count=18362 1050361 65136 28588 107439 96174 129153 261560 4506 5925 83457 1356681 238306 300 18799 28273
internal_value=-1.49501e-05 -0.000234562 -0.000691504 -0.00157619 -0.00142281 -0.00242455 -0.000694349 0.000494093 0.000148054 -0.000620485 0.000210282 0.00128163 0.00899528 -0.00456695 -0.00346237
internal_weight=564498 375674 171208 98046.2 95279.7 40115.1 55164.6 73161.4 204466 30291.1 201803 42870.3 915.394 2663.35 24631.3
internal_count=3493020 2442659 1042892 651187 622599 253600 368999 391705 1399767 148593 1375043 243112 4806 24724 157426
is_linear=0
shrinkage=0.0206149


Tree=317
num_leaves=16
num_cat=0
split_feature=0 22 21 21 10 10 10 21 23 9 21 5 8 21 9
split_gain=132.796 122.978 151.71 175.789 339.809 157.955 127.808 123.444 117.634 134.066 343.557 244.423 217.585 183.095 165.167
threshold=10.500000000000002 2.2096224505731512 3.130131150631756 3.3200780557860594 5.5000000000000009 7.5000000000000009 2.5000000000000004 4.6411732272594604 6.4164853367658425 0.056060000000000006 7.9721794323999591 8.5000000000000018 0.10080396471921461 9.5532169979213961 0.2329866666666667
decision_type=2 2 2 2 2 2 2 2 2 2 2 2 2 2 2
left_child=1 8 -3 4 -4 -6 7 -5 9 13 12 -12 -11 -1 -14
right_child=-2 2 3 6 5 -7 -8 -9 -10 10 11 -13 14 -15 -16
leaf_value=0.00021984671679163247 -0.0029329721439987763 -0.011307366028385731 -0.021151908365263258 0.021806496881689043 0.089561159291678974 0.028215251362259872 -0.005682944925586071 -0.0080801642807378799 0.0025953440449506928 -0.0039258630965866822 0.0011868949729550865 0.024957389259341416 -7.7116794796141958e-05 -0.0057436578488593753 -0.0019881046947386066
leaf_weight=424495.2498067487 6494.115829192102 897.23420744389296 56.77501230314374 154.90664206817746 22.690453812479973 83.390721689909697 1251.7473613712937 94.598900284618139 7627.1181896422058 11067.298905074596 29571.140709117055 184.98405662924051 48017.972177997231 2199.2691221516579 32049.527401901782
leaf_count=2657780 128960 9996 558 1076 197 776 10095 647 39254 51519 197742 958 224239 18537 149626
internal_value=-2.08443e-06 3.20397e-05 -0.00447468 -0.000790718 0.0195521 0.041337 -0.00299751 0.0104751 5.28304e-05 1.74166e-05 -0.000588588 0.00133467 -0.00121654 0.00018911 -0.00084205
internal_weight=564268 557774 2561.34 1664.11 162.856 106.081 1501.25 249.506 555213 547585 120891 29756.1 91134.8 426695 80067.5
internal_count=3491960 3363000 23345 13349 1531 973 11818 1723 3339655 3300401 624084 198700 425384 2676317 373865
is_linear=0
shrinkage=0.0206149


Tree=318
num_leaves=16
num_cat=0
split_feature=23 22 17 10 10 10 22 26 26 9 1 22 22 22 22
split_gain=121.546 156.945 143.703 157.075 177.833 580.088 211.28 187.828 133.466 120.11 158.479 119.757 132.941 191.515 123.456
threshold=2.9063507024699908 0.0069134866388865148 23.500000000000004 11.500000000000002 8.5000000000000018 7.5000000000000009 1.2043680941020201 0.034922082453518251 0.48650960078734157 0.01796833333333334 2.5000000000000004 0.89724368588440628 0.75265217207367263 0.72517962078727793 0.78342795478572269
decision_type=2 2 2 2 2 2 2 2 2 2 2 2 2 2 2
left_child=1 -1 -2 4 5 7 -7 -4 9 -3 -11 12 13 -5 -14
right_child=2 8 3 11 -6 6 -8 -9 -10 10 -12 -13 14 -15 -16
leaf_value=-0.0051640993202936927 -3.9312786149503899e-05 7.2143345485763492e-06 0.0029874305008146039 -0.00019942405343466427 0.002494040065216968 -0.0024223435659048993 -0.0097410210420275888 0.00044219202881196681 -0.0055460587543697025 -0.0018218673938227884 0.00048564643798682113 -0.003323924756673877 0.018076656210172095 -0.023345027730139419 0.0031566147425965948
leaf_weight=2795.0007900577039 185772.12535039242 215658.39119571447 20282.114340148866 1720.2723569693044 29888.733544904739 8002.4906774051487 2120.5049416422844 31392.900943126529 2010.6941436007619 38129.911428533494 18927.378041446209 6107.6727002859116 287.19566270709038 166.64136301726103 1314.0748639293015
leaf_count=63916 1054713 1491506 111434 12295 168060 44117 11978 168684 19599 181886 120698 35111 1542 925 7110
internal_value=3.84861e-06 -0.000303778 0.000301259 0.000925933 0.00118857 0.000557177 -0.00395542 0.00144118 -0.00025433 -0.000215315 -0.00105641 -0.00158352 0.00146387 -0.00224351 0.0058326
internal_weight=564576 277521 287055 101283 91686.7 61798 10123 51675 274726 272716 57057.3 9595.86 3488.18 1886.91 1601.27
internal_count=3493574 1877605 1615969 561256 504273 336213 56095 280118 1813689 1794090 302584 56983 21872 13220 8652
is_linear=0
shrinkage=0.0206149


Tree=319
num_leaves=16
num_cat=0
split_feature=23 17 22 23 17 17 17 5 22 21 18 22 23 9 24
split_gain=146.927 195.405 179.681 153.221 249.587 157.776 163.35 140.377 170.515 155.952 139.83 138.335 128.825 128.318 114.604
threshold=2.293365257297483 30.500000000000004 0.040684701404504774 2.088178986861442 26.500000000000004 20.500000000000004 31.500000000000004 4.5000000000000009 1.338999309490952 10.165688380836885 0.999999969223486 1.0131136513533094 1.5861051412827256 1.0000000180025095e-35 7.5000000000000009
decision_type=2 2 2 2 2 2 2 2 2 2 2 2 2 2 2
left_child=2 7 -1 5 -5 -4 12 8 10 -10 -2 -3 -7 -8 -9
right_child=1 11 3 4 -6 6 13 14 9 -11 -12 -13 -14 -15 -16
leaf_value=-0.0059570953338461633 0.0037413035625355768 0.0028047517534158192 -0.00081920715331969176 -0.00071705455597427775 -0.0057488727048400669 0.00018632165101397928 -0.0061051391502239538 -0.00022999207261306396 -0.001806762970449441 -0.032086082031816711 -8.2970688403135521e-05 0.00019668139492799204 0.0020630531693223504 -0.00060847145009443294 0.0011833038920653104
leaf_weight=2501.8679680842906 4142.2760594785213 20418.848139409907 78601.262712012976 16367.408133640885 5630.2808714359999 45086.45090505667 2479.13213856332 36805.780943740159 22161.313390281051 72.523331642150879 212763.63666228205 14986.097480054945 23722.257902037352 6636.3172606602311 72244.481902982108
leaf_count=50169 52634 115802 553624 107506 37634 316657 28600 375962 106652 381 1004720 82213 155230 35625 470078
internal_value=1.32572e-05 0.000241704 -0.000470826 -0.00039394 -0.00200494 -0.000167534 0.000489802 9.33378e-05 -0.000186179 -0.00190553 -9.9381e-06 0.00170082 0.000833337 -0.0021034 0.000706299
internal_weight=564620 383595 181025 178523 21997.7 156525 77924.2 348190 239140 22233.8 216906 35404.9 68808.7 9115.45 109050
internal_count=3493487 2208442 1285045 1234876 145140 1089736 536112 2010427 1164387 107033 1057354 198015 471887 64225 846040
is_linear=0
shrinkage=0.0206149


Tree=320
num_leaves=16
num_cat=0
split_feature=23 0 9 21 21 21 18 22 0 0 9 8 8 21 9
split_gain=127.657 123.329 130.508 306.485 188.551 156.248 159.388 171.208 162.483 130.71 120.48 180.649 155.957 119.804 201.407
threshold=4.7410666616344299 10.500000000000002 0.046043333333333339 6.5331346371712611 9.2144797882848355 9.5532169979213961 1.2727271859504199 0.94991820423875051 1.0000000180025095e-35 1.5000000000000002 0.18349666666666672 0.23668794674516216 0.25625745729042382 6.2821665072571253 0.19169666666666671
decision_type=2 2 2 2 2 2 2 2 2 2 2 2 2 2 2
left_child=1 2 4 -4 -1 10 7 -7 -9 -6 11 -5 -12 14 -2
right_child=13 -3 3 5 9 6 -8 8 -10 -11 12 -13 -14 -15 -16
leaf_value=0.00013504426061069464 0.00071106684123553284 -0.0030616065709354102 -0.0025685964348730671 -0.00034666421922188538 -0.00031315761127045564 0.0054488569452880433 0.01164144796588632 -0.0001437692720035133 -0.0165838895927196 -0.0085318937166743106 -0.0056124059202915608 0.0032399368639727906 -0.00076217896201937233 0.0018140054565621072 -0.0027881369377363214
leaf_weight=378740.54221560992 46615.018610268831 5951.7265827236697 28062.532596167177 25056.500659823418 1506.0098236873746 2686.4333228841424 818.6650600656867 2174.8973127491772 289.48684753477573 1811.5555246509612 3239.0337451249361 7833.9448691755533 21641.345440816134 29585.426700759679 8223.497100032866
leaf_count=2403223 271962 120542 133270 121027 10081 30788 3993 25118 1317 15877 17245 36118 111427 150802 39050
internal_value=1.75088e-05 -0.000112559 -7.55186e-05 -0.000773445 9.21826e-05 1.68948e-05 0.00319206 0.00184912 -0.00207496 -0.004801 -0.000311196 0.000507603 -0.0013936 0.000756732 0.000186332
internal_weight=564237 479813 473861 91802.8 382058 63740.3 5969.48 5150.82 2464.38 3317.57 57770.8 32890.4 24880.4 84423.9 54838.5
internal_count=3491840 3030026 2909484 480303 2429181 347033 61216 57223 26435 25958 285817 157145 128672 461814 311012
is_linear=0
shrinkage=0.0206149


Tree=321
num_leaves=16
num_cat=0
split_feature=23 0 23 9 21 21 21 5 9 23 0 18 5 16 17
split_gain=136.851 122.891 117.682 132.099 355.987 224.758 175.862 201.942 146.571 172.373 128.443 125.167 123.357 116.856 144.837
threshold=0.52990666487863136 9.5000000000000018 6.4164853367658425 0.035238333333333337 6.5331346371712611 9.5532169979213961 9.5532169979213961 2.5000000000000004 0.24384500000000001 2.934643528297578 1.0000000180025095e-35 9.1666636111121296 6.5000000000000009 24.500000000000004 15.500000000000002
decision_type=2 2 2 2 2 2 2 2 2 2 2 2 2 2 2
left_child=1 -1 3 5 8 11 12 10 9 -5 -8 -2 13 14 -6
right_child=2 -3 -4 4 6 -7 7 -9 -10 -11 -12 -13 -14 -15 -16
leaf_value=-0.0015328380901101638 0.00028762395254775458 -0.009599970659822812 0.0025657957314557532 -0.0042519665904275222 0.0012649131989195723 -0.0079287518994347241 0.0037103238008735604 0.014985607285715569 -0.0039180600961776909 -0.00079439514579921389 -0.0043554643232990896 -0.0025897546425125901 0.0042814999550446278 0.0028787845760814426 -0.00081127983930768784
leaf_weight=13065.958496754989 379880.40835971292 855.00616649072617 7737.1139480639249 7039.1177341602743 19132.19647333771 1437.1021216213703 5235.3387451060116 595.19703836739063 10356.188096962869 47318.246936988086 999.16000834107399 6535.2730136383325 2857.9546520635486 5311.9270913898945 56294.273484475911
leaf_count=101942 2408570 25493 40130 35192 93233 12434 64305 2951 48906 226534 4576 112392 15615 36312 264683
internal_value=-9.71491e-06 -0.00202831 4.13098e-05 5.33829e-06 -0.000503062 0.000208697 0.000332324 0.00351295 -0.00167037 -0.00124214 0.00241768 0.00023896 7.24719e-05 -7.65181e-05 -0.000284646
internal_weight=564650 13921 550729 542992 155140 387853 90426 6829.7 64713.6 54357.4 6234.5 386416 83596.4 80738.4 75426.5
internal_count=3493268 127435 3365833 3325703 792307 2533396 481675 71832 310632 261726 68881 2520962 409843 394228 357916
is_linear=0
shrinkage=0.0206149


Tree=322
num_leaves=16
num_cat=0
split_feature=23 21 9 5 10 22 21 21 9 10 10 10 21 16 22
split_gain=127.112 152.471 253.557 187.365 300.316 180.444 227.307 175.43 221.351 158.002 353.768 223.632 363.386 236.374 249.09
threshold=1.0561487520021191 5.471224972653717 0.046675000000000015 5.5000000000000009 7.5000000000000009 0.94991820423875051 5.5646199805475005 9.5532169979213961 0.022321666666666674 5.5000000000000009 3.5000000000000004 6.5000000000000009 5.251073917709717 8.5000000000000018 0.06081292421828445
decision_type=2 2 2 2 2 2 2 2 2 2 2 2 2 2 2
left_child=-1 2 9 5 -5 6 -3 -8 -9 10 -2 12 -11 -13 -15
right_child=1 3 -4 4 -6 -7 7 8 -10 11 -12 13 -14 14 -16
leaf_value=-0.00099124306767914196 0.00048316947232617354 0.0057740618357108153 -0.0023406888791792885 0.0032217541541710889 -0.00031856788321436695 -0.00039526865426691956 0.0004550855404327813 -0.010277672249711614 0.0067309100725898557 0.0032461972177721963 -0.0022980952336198947 -0.00069631751995008191 -0.0069207191165879629 -0.0087611288067513428 0.0014420153004126989
leaf_weight=49221.877971051261 42207.348671196029 3711.7862905114889 22862.829062532634 23842.599415462464 17772.744027855806 110859.09529054165 116530.86309206113 360.88987738639116 3284.9764977097511 17979.224613061175 36023.353602865711 73348.411631193012 1629.396455436945 1041.0449198577553 43717.312176275998
leaf_count=388779 274248 17974 112935 173919 152417 550740 560502 2393 37246 121050 242217 621220 9784 10532 215745
internal_value=9.63164e-06 0.00010526 -0.000276257 0.000434933 0.00170978 0.000208932 0.000749588 0.000594402 0.0050473 -5.76892e-05 -0.000797536 0.000362589 0.00240137 2.41012e-05 0.0012047
internal_weight=564394 515172 238809 276363 41615.3 234748 123889 120177 3645.87 215946 78230.7 137715 19608.6 118107 44758.4
internal_count=3491701 3102922 1607731 1495191 326336 1168855 618115 600141 39639 1494796 516465 978331 130834 847497 226277
is_linear=0
shrinkage=0.0206149


Tree=323
num_leaves=16
num_cat=0
split_feature=23 10 23 17 17 10 0 18 4 5 22 21 22 22 22
split_gain=126.606 264.612 251.161 248.266 223.205 193.771 157.984 153.377 149.283 131.733 151.658 139.362 123.941 123.827 130.882
threshold=2.293365257297483 6.5000000000000009 1.9878954316411059 22.500000000000004 30.500000000000004 11.500000000000002 6.5000000000000009 2.3923073605917717 1.1454544358677794 4.5000000000000009 1.338999309490952 10.165688380836885 0.0069134866388865148 0.89724368588440628 0.8843393036526227
decision_type=2 2 2 2 2 2 2 2 2 2 2 2 2 2 2
left_child=1 12 6 -4 9 8 -3 -8 -6 10 -2 -12 -1 14 -7
right_child=4 2 3 -5 5 13 7 -9 -10 -11 11 -13 -14 -15 -16
leaf_value=-0.00817475707597657 -6.9635694385774703e-05 -0.00040564273419665514 -0.0012148949581540702 -0.0060625033078957457 0.0087658807214562439 0.0013600693655761355 -0.01343720522583595 -0.002679401646420504 0.0023129992166953123 0.00062878984112252324 -0.0017639765491512186 -0.030425409905151527 0.00047598924074477455 -0.0022705858596053863 0.016516632346697528
leaf_weight=710.00294173508883 216703.96028439328 73639.663328595459 10081.026648816653 8095.0071367546916 1629.4226225279272 3392.840958032757 615.12512477952987 6673.9654080234468 23453.550849581137 109002.0709292097 22167.795827418566 72.330821454524994 80959.467720832676 6744.4874847941101 260.73144501820207
leaf_count=16351 1056421 470342 71657 59484 13932 21121 11406 126645 123802 845691 106780 377 528087 38189 1364
internal_value=-1.83048e-05 -0.000468047 -0.00118403 -0.00337386 0.000193735 0.00175131 -0.000692204 -0.00358725 0.00273219 3.49045e-05 -0.000236015 -0.00185719 0.000400783 -0.000614829 0.00244169
internal_weight=564201 180774 99104.8 18176 383427 35481 80928.8 7289.09 25083 347946 238944 22240.1 81669.5 10398.1 3653.57
internal_count=3491649 1283972 739534 131141 2207677 198408 608393 138051 137734 2009269 1163578 107157 544438 60674 22485
is_linear=0
shrinkage=0.0206149


Tree=324
num_leaves=16
num_cat=0
split_feature=24 26 9 21 21 5 21 8 0 17 10 22 16 21 22
split_gain=123.285 124.138 114.581 316.478 229.338 196.72 220.021 161.945 177.379 155.918 135.031 172.993 122.088 121.622 139.825
threshold=1.5000000000000002 0.20865326735742121 0.018201666666666672 6.5331346371712611 9.4455548799437086 5.5000000000000009 8.498279917078472 0.10080396471921461 1.5000000000000002 12.500000000000002 3.5000000000000004 1.2407455018199132 13.500000000000002 9.5532169979213961 0.99549093955777712
decision_type=2 2 2 2 2 2 2 2 2 2 2 2 2 2 2
left_child=-1 2 4 12 7 10 -7 9 -9 -2 11 -5 -4 -12 -15
right_child=1 -3 3 5 -6 6 -8 8 -10 -11 13 -13 -14 14 -16
leaf_value=-0.004812691666447903 -0.0013555979888331992 0.0010425829463898556 -0.001870385392232902 0.0021754290893531503 -0.0075869776033198047 0.0025279863930316956 0.015268023769644121 0.0043406670700070109 -0.001497129799667176 0.00047902158955998806 -0.0005498073092554919 -0.0064441955560090485 -0.00013381942714759529 0.0053607123689333389 -0.0015162298663239518
leaf_weight=2264.730187240988 21226.901087108999 45215.403274337761 63474.143809031695 16881.268022906035 1621.5288490001112 5709.4157568588853 640.73289989680052 2366.5704629048705 33843.964662217535 271266.70125326887 69707.068112716079 1051.1041830033064 23602.430168971419 3237.8990380913019 2053.2466496303678
leaf_count=46623 155043 265001 314763 93210 15056 30174 2931 10943 242669 1813679 334569 5169 107776 34614 19223
internal_value=-1.25571e-05 6.78985e-06 -8.38534e-05 -0.000492571 0.00014673 0.000303033 0.00381346 0.000184881 -0.0011156 0.000345879 6.31576e-05 0.00167019 -0.00139968 -0.00032109 0.00269209
internal_weight=564163 561898 516683 186357 330326 99280.7 6350.15 328704 36210.5 292494 92930.6 17932.4 87076.6 74998.2 5291.15
internal_count=3491443 3444820 3179819 942429 2237390 519890 33105 2222334 253612 1968722 486785 98379 422539 388406 53837
is_linear=0
shrinkage=0.0206149


Tree=325
num_leaves=16
num_cat=0
split_feature=24 26 12 10 10 26 26 23 17 9 23 10 23 17 10
split_gain=122.266 135.93 110.199 213.895 210.605 232.761 209.388 204.346 177.53 165.903 160.215 158.96 148.372 243.342 287.586
threshold=2.5000000000000004 0.17322368780859002 1.0000000180025095e-35 1.5000000000000002 8.5000000000000018 0.0061755190013592512 0.0020407996850353061 1.0763290301886912 18.500000000000004 0.022751666666666674 3.8510528580325971 11.500000000000002 2.4853520910802467 18.500000000000004 7.5000000000000009
decision_type=2 2 2 2 2 2 2 2 2 2 2 2 2 2 2
left_child=-1 2 3 -2 5 7 -6 -5 -8 -10 -11 -12 -7 14 -14
right_child=1 -3 -4 4 6 12 8 -9 9 10 11 -13 13 -15 -16
leaf_value=-0.0027001169096345107 -0.002732006629377965 0.00098073507131650126 0.00049796726107195343 -0.00077624901941884545 -0.0034433920572056625 -0.001012366802401049 -0.0016685797073311627 0.0023172204479053678 0.00060883032745143184 -0.0026168418109075013 0.0016759360395995555 -0.0030373605509096025 0.00036155399884613956 -0.0010237635859225247 0.003503962374234552
leaf_weight=7074.4093233719468 14143.258281533606 57026.662413704209 109049.25620896555 12221.852273557335 11468.105592940934 53552.25150491111 40849.809701096267 35242.541658977978 59456.821628317237 16810.345924276859 10583.660689089447 4266.8134371526539 75819.093961270526 42000.918620690703 14791.179040236399
leaf_count=122149 97489 317854 619128 92459 92455 352508 277136 222294 405916 86428 52238 21397 409611 241885 81898
internal_value=-7.03336e-06 2.71539e-05 -8.15495e-05 -0.00024309 -0.000149734 0.000232012 -0.000771521 0.00152067 -0.000539333 -3.30695e-05 -0.00123851 0.00032172 -9.65447e-05 0.000273291 0.000874519
internal_weight=564357 557283 500256 391207 377063 233628 143436 47464.4 131967 91117.6 31660.8 14850.5 186163 132611 90610.3
internal_count=3492845 3370696 3052842 2433714 2336225 1400655 935570 314753 843115 565979 160063 73635 1085902 733394 491509
is_linear=0
shrinkage=0.0206149


Tree=326
num_leaves=16
num_cat=0
split_feature=22 21 21 17 21 23 9 21 0 9 21 5 18 21 24
split_gain=131.606 144.024 212.259 282.481 118.819 117.322 137.008 255.879 118.415 132.328 268.43 220.846 202.035 188.368 151.231
threshold=2.2096224505731512 3.130131150631756 3.3200780557860594 13.500000000000002 3.6045594171419229 3.5751398924020239 0.042740000000000007 6.2821665072571253 10.500000000000002 0.018201666666666672 7.9721794323999591 6.5000000000000009 1.7999998500000134 9.5532169979213961 9.5000000000000018
decision_type=2 2 2 2 2 2 2 2 2 2 2 2 2 2 2
left_child=5 -2 3 -3 -4 8 -7 -8 9 13 12 -12 -11 14 -1
right_child=1 2 4 -5 -6 6 7 -9 -10 10 11 -13 -14 -15 -16
leaf_value=-0.00051877044913876762 -0.011239429212411877 -0.018176993120089382 -0.023195803673161573 0.038165704522786552 -0.0018613412366646903 0.00098834461572917462 -0.0014115128152271937 0.00080790311463689775 -0.0033065059440602197 -0.00039740944880804497 0.00072901471526529583 0.012947447212674807 -0.002587606554181502 -0.0077577791096117964 0.00048763181767744846
leaf_weight=100133.59974692296 910.40470372140408 55.216588227078319 120.47099024802446 119.99948843196034 1402.0761978309602 95024.134518951178 38314.191881023347 52088.121655337512 5116.6546607203782 37460.40469122678 24032.908297564834 645.55317565798759 34275.917638178915 1296.3646147288382 173225.42352663074
leaf_count=850078 10367 529 1006 1168 11301 580699 183524 264087 107167 172799 152471 3189 171687 11699 970280
internal_value=-4.06756e-06 -0.00462409 -0.00107669 0.0204102 -0.00354942 1.73881e-05 0.00044178 -0.000132727 -0.000191799 -0.000148851 -0.000805904 0.00104863 -0.00144389 8.18006e-05 0.000118979
internal_weight=564221 2608.17 1697.76 175.216 1522.55 561613 185426 90402.3 376187 371070 96414.8 24678.5 71736.3 274655 273359
internal_count=3492051 24371 14004 1697 12307 3467680 1028310 447611 2439370 2332203 500146 155660 344486 1832057 1820358
is_linear=0
shrinkage=0.0206149


Tree=327
num_leaves=16
num_cat=0
split_feature=7 21 21 5 22 9 8 9 8 9 8 21 9 17 22
split_gain=123.002 153.473 144.661 195.06 196.132 188.838 168.911 156.886 143.782 165.907 129.025 125.306 216.923 183.192 182.704
threshold=1.0000000180025095e-35 9.4455548799437086 7.9721794323999591 4.5000000000000009 0.80477041176059882 0.056060000000000006 0.14594494527064783 0.21549000000000004 0.056964978638133906 0.011611666666666668 0.29836988811129667 5.471224972653717 0.0052983333333333346 27.500000000000004 0.086009304569600015
decision_type=2 2 2 2 2 2 2 2 2 2 2 2 2 2 2
left_child=1 11 5 4 -4 8 -7 10 9 -2 -8 12 -1 -14 -13
right_child=2 -3 3 -5 -6 6 7 -9 -10 -11 -12 14 13 -15 -16
leaf_value=-0.00013886653051481507 0.00083534686532311573 -0.0052882304575047299 0.00442891714645865 0.0078541155765784361 0.00037279894912998005 -0.0025615632467852665 0.00019320136798202869 -0.0012265486776348771 0.0019920591758741755 -0.00083189479460607908 0.0039387568117886795 -0.0070453872329146782 -0.0023389980760486037 0.00080069594120706024 0.00027581024934287402
leaf_weight=126068.06679768302 73185.917748678476 2561.2608869932592 6407.1127029210329 2008.0153676643968 24208.997910108417 16887.873667821288 13652.767888318747 24470.24805046618 24807.682253189385 38818.26826044172 5476.0693709179759 1462.4387349290773 41017.892595697194 9780.759707711637 152997.35793219134
leaf_count=1092228 376603 19784 42285 9224 168534 79158 63637 115730 120646 185335 25370 16695 222859 51683 900304
internal_value=-8.68781e-06 -0.000261362 0.000358239 0.00162986 0.00122163 0.000147972 -0.000811194 -0.000133198 0.000572036 0.000257516 0.00126545 -0.000222503 -0.00059715 -0.00173448 0.000206493
internal_weight=563811 333888 229923 32624.1 30616.1 197299 60487 43599.1 136812 112004 19128.8 331327 176867 50798.7 154460
internal_count=3490075 2303553 1186522 220043 210819 966479 283895 204737 682584 561938 89007 2283769 1366770 274542 916999
is_linear=0
shrinkage=0.0206149


Tree=328
num_leaves=16
num_cat=0
split_feature=23 26 26 9 21 21 24 22 10 21 5 9 10 25 22
split_gain=135.65 132.48 155.493 153.791 321.938 186.874 184.708 150.08 141.286 137.678 204.995 142.786 126.638 158.036 214.534
threshold=4.7410666616344299 0.68811762005909882 0.21617074311863679 0.035238333333333337 6.5331346371712611 9.4455548799437086 9.5000000000000018 0.59218928225173861 11.500000000000002 9.5532169979213961 3.5000000000000004 0.2613983333333334 1.5000000000000002 1.0000000180025095e-35 1.4393531641324226
decision_type=2 2 2 2 2 2 2 2 2 2 2 2 2 2 2
left_child=1 2 3 5 -5 6 7 8 -1 11 -11 -6 -9 -14 -15
right_child=-2 -3 -4 4 9 -7 -8 12 -10 10 -12 -13 13 14 -16
leaf_value=-0.0014206402654431747 0.00076864150124128549 -0.0050414094002587256 0.0014093640868741524 -0.0026043539028973929 0.00021302667742547469 -0.0062710170693670861 0.00038763935160673354 -0.0036612490259669145 -0.0064960050612939933 0.0020080569687284818 0.019095113851638295 -0.0020564891636035013 0.0011631718484719051 -0.00011313199578483873 -0.0036770074898143084
leaf_weight=29239.457410294563 84457.703272903338 2320.1563666081056 27227.821897688322 32238.922059454024 44728.013705093414 2003.415892560035 228610.97767440043 4217.984145257622 2532.8173339683563 5505.855404984206 315.47613604366779 15993.548506524414 31263.032117195427 45025.36133312434 8539.5769337583333
leaf_count=294571 462118 18905 176598 155084 214350 18046 1262950 37660 29151 57879 1472 84167 276990 330610 72268
internal_value=6.80854e-06 -0.000127305 -0.000103425 -0.000194914 -0.000913566 7.08671e-06 4.30816e-05 -0.000608887 -0.00182524 -9.44079e-05 0.00293406 -0.000384745 -0.000174884 -1.52802e-06 -0.000681302
internal_weight=564220 479762 477442 450214 98781.8 351433 349429 120818 31772.3 66542.9 5821.33 60721.6 89046 84828 53564.9
internal_count=3492819 3030701 3011796 2835198 512952 2322246 2304200 1041250 323722 357868 59351 298517 717528 679868 402878
is_linear=0
shrinkage=0.0206149


Tree=329
num_leaves=16
num_cat=0
split_feature=18 12 10 10 17 21 10 22 10 10 10 22 22 21 22
split_gain=116.529 107.04 200.503 175.478 258.105 224.242 222.738 249.35 219.85 314.484 302.763 429.634 318.953 285.623 242.146
threshold=9.8333292222240107 1.0000000180025095e-35 1.5000000000000002 8.5000000000000018 19.500000000000004 5.7850056412932913 9.5000000000000018 0.086009304569600015 5.5000000000000009 3.5000000000000004 6.5000000000000009 1.1345824426559739 1.1217870567948771 4.4549615806711609 0.45223806991413812
decision_type=2 2 2 2 2 2 2 2 2 2 2 2 2 2 2
left_child=1 2 -1 5 -5 8 7 -6 9 -4 13 12 14 -10 -12
right_child=-2 -3 3 4 6 -7 -8 -9 10 -11 11 -13 -14 -15 -16
leaf_value=-0.0024048788733933759 -0.0028944650216599626 0.00057214141580349002 0.00041959632316848031 -0.0014902185887611255 0.025376767086547351 0.0009449954514665213 -0.0002318810406887902 0.0024060083053464628 0.0051927499472645472 -0.0023001020626154055 -0.0032090728908878699 -0.0035162701609795862 0.01875802011717782 0.00042862695793110416 0.0015592185373057513
leaf_weight=15691.513497433625 5832.4701461261138 122801.26040010713 33462.826925744303 71458.241781523451 204.3387168450281 121598.1614258429 76683.082038364373 11682.435295954347 9820.1684320904315 39274.873584099114 5527.7806350830942 13075.591453798115 421.17803706601262 11743.216109022498 24973.972061567008
leaf_count=107803 106224 697128 200643 473762 3265 652128 482480 75471 69326 254425 53857 86657 2547 69687 156983
internal_value=4.3081e-06 3.45847e-05 -0.000116953 -3.14598e-05 -0.000568502 0.000299216 0.00017514 0.00280089 -0.000268578 -0.00104891 0.000597163 -0.000383559 0.000941091 0.00259825 0.000695069
internal_weight=564251 558419 435617 419926 160028 259898 88569.9 11886.8 138300 72737.7 65561.9 43998.5 30922.9 21563.4 30501.8
internal_count=3492386 3386162 2689034 2581231 1034978 1546253 561216 78736 894125 455068 439057 300044 213387 139013 210840
is_linear=0
shrinkage=0.0206149


Tree=330
num_leaves=16
num_cat=0
split_feature=23 21 22 26 26 24 5 17 5 21 22 23 21 21 21
split_gain=125.903 117.962 147.291 114.989 119.674 128.576 102.148 84.0494 83.5311 81.1915 96.3388 76.9734 75.9603 75.6156 170.657
threshold=4.7410666616344299 6.2821665072571253 0.06081292421828445 0.68811762005909882 0.21617074311863679 6.5000000000000009 6.5000000000000009 15.500000000000002 5.5000000000000009 4.6411732272594604 1.7432476229411489 0.52990666487863136 3.130131150631756 3.8704383230873964 3.7734643297737231
decision_type=2 2 2 2 2 2 2 2 2 2 2 2 2 2 2
left_child=3 8 -3 4 5 9 7 -4 -2 -1 -11 -6 -10 14 -7
right_child=1 2 6 -5 11 13 -8 -9 12 10 -12 -13 -14 -15 -16
leaf_value=-0.001899254415989338 -0.00026985854290706998 -0.025812648453904751 0.0036071250088278574 -0.0047313885823192904 -0.0079629943327059385 0.00019044773578246203 0.0074473110932495928 0.00096171046234867785 -0.0024999687639680316 -0.00032514155647255541 0.0091911838326786573 0.0013425622143156395 0.0023040773152588996 -0.00017818620893889471 0.0038066255179301685
leaf_weight=28717.135265681893 42643.760080583394 82.021419119089842 6688.3514558039606 2303.6328703444451 383.14597481954843 37233.412897316739 1323.893568713218 21546.090569384396 1612.563560122624 14590.59927174449 466.54465247504413 26877.78900689818 10548.099761581048 362460.88262778893 6516.7997003849596
leaf_count=335350 207409 1005 33627 18838 4798 231634 8442 108120 20951 149676 5145 171837 82295 2074018 38611
internal_value=-7.44023e-06 0.000726553 0.00177424 -0.00013669 -0.000114512 -0.000194861 0.00185079 0.00158837 0.000159923 -0.00125638 -3.02788e-05 0.00121177 0.00166704 -8.04692e-05 0.000729094
internal_weight=563995 84444.8 29640.4 479550 477246 449985 29558.3 28234.4 54804.4 43774.3 15057.1 27260.9 12160.7 406211 43750.2
internal_count=3491756 461849 151194 3029907 3011069 2834434 150189 141747 310655 490171 154821 176635 103246 2344263 270245
is_linear=0
shrinkage=0.0206149


Tree=331
num_leaves=16
num_cat=0
split_feature=23 9 21 21 7 21 5 9 23 21 9 10 16 1 21
split_gain=117.424 145.209 291.749 146.41 138.864 210.526 136.598 130.321 144.584 117.757 176.38 162.752 155.7 151.565 170.182
threshold=5.441096092289925 0.11334833333333334 8.498279917078472 6.5167053673724 1.0000000180025095e-35 9.2144797882848355 5.5000000000000009 2.0273033333333337 3.8510528580325971 5.471224972653717 0.0052983333333333346 6.5000000000000009 12.500000000000002 1.0000000180025095e-35 6.4040439531342512
decision_type=2 2 2 2 2 2 2 2 2 2 2 2 2 2 2
left_child=1 4 3 -3 5 9 -4 8 -5 10 -1 -11 -12 14 -13
right_child=-2 2 6 7 -6 -7 -8 -9 -10 11 12 13 -14 -15 -16
leaf_value=-0.00010865364674082118 0.0011435280382390816 -0.0033445593454879152 0.0013117776596268244 -0.0021850462170366998 0.00055328441443707854 -0.0060557727671193802 0.013798028638010638 -0.0078059431937884203 0.00046580882485807449 0.0010952222168439769 -0.0022055258605151438 0.0002742350090565332 0.0012185428437860623 0.00048842645592704821 -0.0028781058015008641
leaf_weight=120900.57075162232 37296.766452997923 15594.89089378342 14003.659998487681 15991.30657376349 166020.46388250217 2579.5672105755657 382.51179139316082 1143.7829795628786 19293.766555719078 61219.893173238263 35335.506068497896 13067.785396689549 6716.4364550560713 37968.367111101747 16426.355132244527
leaf_count=1052320 200618 73657 113546 76312 830923 21037 1705 5589 89312 355017 201053 113165 28963 188651 140027
internal_value=2.57251e-05 -5.34372e-05 -0.000954576 -0.0016731 7.65932e-05 -0.000192396 0.00164377 -0.000957561 -0.000735567 -0.000140533 -0.000508648 0.000325616 -0.00165864 -0.000372776 -0.00148142
internal_weight=563942 526645 66409.9 52023.7 460235 294214 14386.2 36428.9 35285.1 291635 162953 128682 42051.9 67462.5 29494.1
internal_count=3491895 3291277 360121 244870 2931156 2100233 115251 171213 165624 2079196 1282336 796860 230016 441843 253192
is_linear=0
shrinkage=0.0206149


Tree=332
num_leaves=16
num_cat=0
split_feature=7 8 9 5 16 26 26 9 8 9 6 17 22 22 25
split_gain=119.283 156.558 187.347 142.976 135.557 110.414 93.7356 93.6028 152.736 100.23 90.0723 89.7666 96.5591 89.3842 146.815
threshold=1.0000000180025095e-35 0.0079799978720006045 0.001271666666666667 4.5000000000000009 18.500000000000004 0.16844928409187512 0.48650960078734157 0.0095916666666666702 0.028225821572643989 0.025671666666666672 1.0000000180025095e-35 18.500000000000004 1.3766996271972387 0.8870766968316165 1.0000000180025095e-35
decision_type=2 2 2 2 2 2 2 2 2 2 2 2 2 2 2
left_child=1 2 6 4 7 13 -1 -2 -9 -10 -5 -11 -13 14 -3
right_child=3 5 -4 10 -6 -7 -8 8 9 11 -12 12 -14 -15 -16
leaf_value=0.0014484681774076479 0.00065252582131086062 -0.0013871392996996829 -0.0010770908167221681 0.00087380202149873402 0.0012580229587420574 0.00070110841098734668 -0.0075778937645643585 -0.0023693100782420343 0.0014167989537137904 0.00021172305456998046 0.0030103083443818296 -0.00088231794079964628 -0.004785863803931702 -0.0010208910894306308 0.00021763706514010361
leaf_weight=46957.796101067215 44865.93077801168 33286.185605745763 18801.174218196422 30073.618372887373 36776.650063112378 31044.505332767032 494.06701406557113 15393.038601577282 14588.966031290591 40879.36183295399 11628.234551623464 32724.898762963712 2934.4825877249241 114322.16506023146 89019.739886101335
leaf_count=435693 205488 301924 104666 194901 221627 203991 7183 70042 65952 214286 56164 144422 13530 737080 514222
internal_value=1.60341e-05 -0.00023275 0.000664457 0.000377443 0.000135404 -0.000454822 0.00135449 -0.000137316 -0.000469992 -0.000149165 0.00146955 -0.000447652 -0.00120355 -0.000606475 -0.000219111
internal_weight=563791 333926 66253 229865 188163 267673 47451.9 151387 106521 91127.7 41701.9 76538.7 35659.4 236628 122306
internal_count=3491171 2304759 547542 1186412 935347 1757217 442876 713720 508232 438190 251065 372238 157952 1553226 816146
is_linear=0
shrinkage=0.0206149


Tree=333
num_leaves=16
num_cat=0
split_feature=23 0 9 21 21 21 18 0 23 21 24 15 23 9 21
split_gain=122.846 129.162 108.466 288.314 172.12 151.388 138.875 169.378 135.876 143.002 130.333 129.946 125.176 137.918 118.571
threshold=0.52990666487863136 6.5000000000000009 0.052281666666666671 6.5331346371712611 9.2144797882848355 9.5532169979213961 1.2727271859504199 1.0000000180025095e-35 3.5751398924020239 3.6477291443257451 9.5000000000000018 22.500000000000004 4.7410666616344299 0.19830500000000004 5.625741984822656
decision_type=2 2 2 2 2 2 2 2 2 2 2 2 2 2 2
left_child=1 -1 4 -4 8 11 7 -7 10 -10 14 12 13 -5 -2
right_child=2 -3 3 5 -6 6 -8 -9 9 -11 -12 -13 -14 -15 -16
leaf_value=-0.0010920829634231295 -0.00090819320710526237 -0.0067454965525231697 -0.0016899404715116171 0.00027524392434269179 -0.0046674414442536092 0.0036302646281558648 0.011334610650763617 -0.006558243356140107 -0.00090150929266853588 0.0012318634406933066 0.00033958203430828218 0.0054133268147014222 0.0013315196004771415 -0.0018470379617885173 0.00076686755687151349
leaf_weight=11861.215572508052 83520.132500048727 2008.1819258714095 50253.447070248425 31030.704041939229 3045.3412398640066 4882.7863242216408 804.33396182209253 808.19593876600266 15784.637334100902 86669.079667041078 207245.2974177599 1861.1652377098799 19049.330440871418 22411.33391918987 22878.266547211446
leaf_count=79851 747508 47502 237655 146008 23936 62458 3987 3783 128800 490647 1127510 18815 90598 111384 172473
internal_value=5.48274e-06 -0.00191065 5.37807e-05 -0.00046374 0.000215653 0.000298442 0.00331659 0.00218336 0.000251392 0.000903183 3.84799e-05 3.47813e-05 -0.000103309 -0.000614751 -0.000548014
internal_weight=564113 13869.4 550244 131101 419143 80847.8 6495.32 5690.98 416097 102454 313644 74352.5 72491.4 53442 106398
internal_count=3492915 127353 3365562 674688 2690874 437033 70228 66241 2666938 619447 2047491 366805 347990 257392 919981
is_linear=0
shrinkage=0.0206149


Tree=334
num_leaves=16
num_cat=0
split_feature=17 20 22 22 22 3 10 22 7 16 9 22 20 24 27
split_gain=113.775 122.437 116.779 252.023 246.184 246.819 217.652 195.941 116.716 122.571 181.923 90.7444 196.155 175.932 150.898
threshold=12.500000000000002 1.124994346385781 0.87036932885117657 0.63661791176003579 0.87728291896995769 9.5000000000000018 3.5000000000000004 0.87369843975750316 1.0000000180025095e-35 20.500000000000004 0.00019500000000000005 1.0000000180025095e-35 0.52380830896005015 5.5000000000000009 1.0000000180025095e-35
decision_type=2 2 2 2 2 2 2 2 2 2 2 2 2 2 2
left_child=2 8 3 -1 5 -4 -5 -7 9 11 -11 12 14 -14 -2
right_child=1 -3 4 6 -6 7 -8 -9 -10 10 -12 -13 13 -15 -16
leaf_value=-0.0025772502071521237 -0.0082358025139837709 -0.00048894095499198273 -0.0083096289548333403 0.0055785381961894701 -0.0017622948668878948 -0.014014132924596898 -0.00070500708567421448 -0.066634326607336938 0.00071604137425700695 -0.0092076288258817317 -0.0010587830918038293 0.00011070090836821926 0.0085314845788332146 -0.0058262769302478042 0.0085192351646640498
leaf_weight=7746.9549565920606 2258.9935523169115 127412.39773511514 398.667146416381 4702.3894087504596 20812.344928136095 56.644592545926571 4668.4644092675298 64.110416121780872 143266.63408721983 1435.5325393248349 6161.6158430352807 243149.97177776136 916.04261299967766 600.40702158398926 254.12749831657857
leaf_count=64065 68419 714222 2151 24953 132815 380 32614 431 754405 11405 28710 1630329 14406 6490 5545
internal_value=-1.1953e-05 6.72566e-05 -0.00109444 0.000173814 -0.00211216 -0.0161305 0.00244814 -0.0419509 0.000245294 -1.94183e-05 -0.00259856 5.98526e-05 -0.00300841 0.00284682 -0.00654153
internal_weight=563905 525456 38449.6 17117.8 21331.8 519.422 9370.85 120.755 398043 254777 7597.15 247180 4029.57 1516.45 2513.12
internal_count=3491340 3233931 257409 121632 135777 2962 57567 811 2519709 1765304 40115 1725189 94860 20896 73964
is_linear=0
shrinkage=0.0206149


Tree=335
num_leaves=16
num_cat=0
split_feature=21 22 21 21 21 23 8 9 21 22 9 22 0 21 23
split_gain=114.718 109.569 178.001 188.704 114.027 109.133 148.366 292.69 158.639 486.8 239.839 228.001 227.701 245.993 203.659
threshold=1.7031504040002887 2.2096224505731512 3.130131150631756 3.3200780557860594 3.6045594171419229 1.2835357795323079 0.012149994937502193 0.0023400000000000005 6.5331346371712611 0.06081292421828445 0.10548666666666669 0.43193155665818644 1.0000000180025095e-35 9.5532169979213961 3.5490462465796981
decision_type=2 2 2 2 2 2 2 2 2 2 2 2 2 2 2
left_child=-1 5 -3 -4 -5 -2 7 -7 10 -10 14 -11 13 -13 -8
right_child=1 2 3 4 -6 6 8 -9 9 11 -12 12 -14 -15 -16
leaf_value=-0.0050087346536978449 -0.0007276240401757043 -0.012646430315125677 0.019677125024606449 -0.022473437598835938 -0.001318822105012643 0.0018057816747304217 -0.00069041804080467045 -0.00060453044037021668 -0.024484144751906155 0.0053562936809221024 -0.0021819722093390651 0.00088302779614458059 -0.00046007053884024855 0.0055829927223101884 0.00055384187876156353
leaf_weight=1938.8968598358333 70063.820362500846 756.89425682276487 174.58076738193631 117.35575790889561 1400.561330517754 56553.272194934078 122550.30043900665 34454.22912312299 330.3924226751551 4105.9379675872624 26908.888861130923 71100.771988786757 65750.877062648535 5070.0047873258591 102796.7765874546
leaf_count=27367 532530 8394 1666 1000 11347 428312 783445 175134 5367 20847 126031 358090 350724 61427 601011
internal_value=-2.95675e-06 1.4309e-05 -0.00433628 -0.00061993 -0.00295436 3.33488e-05 0.000142242 0.00089327 -2.92245e-05 0.000510686 -0.000342478 0.000567237 0.000428685 0.00119586 -0.000122823
internal_weight=564074 562135 2449.39 1692.5 1517.92 559685 489621 91007.5 398614 146358 252256 146028 141922 76170.8 225347
internal_count=3492692 3465325 22407 14013 12347 3442918 2910388 603446 2306942 796455 1510487 791088 770241 419517 1384456
is_linear=0
shrinkage=0.0206149


Tree=336
num_leaves=16
num_cat=0
split_feature=24 26 8 9 23 0 17 23 26 17 24 5 26 26 8
split_gain=110.944 118.13 105.12 195.239 176.694 327.25 241.261 197.861 175.466 126.172 120.366 173.357 118.716 173.782 129.323
threshold=1.5000000000000002 0.14406239135288282 0.0075999977833339947 0.001021666666666667 2.293365257297483 1.0000000180025095e-35 30.500000000000004 0.59980807237670752 0.017784484182535601 30.500000000000004 11.500000000000002 6.5000000000000009 0.0037425970197219583 0.057253584428526412 0.030579977065019116
decision_type=2 2 2 2 2 2 2 2 2 2 2 2 2 2 2
left_child=-1 2 3 -2 5 10 7 -7 -8 -6 -4 -12 -9 14 -14
right_child=1 -3 4 -5 9 6 8 12 -10 -11 11 -13 13 -15 -16
leaf_value=-0.0045964783451139619 0.0013876278235410485 0.00075889258221737983 -0.0011568210964336789 -0.00055110178947591001 -0.00015049942728903378 -0.0074386090670444304 -0.0088789678886958649 0.00046980944780556413 -0.0011001865818687103 0.0013141507655081808 0.000890169636989348 0.0087040993617281872 -0.001525422934268873 0.00068226394863486837 -0.0043005320817145086
leaf_weight=2242.7267655665055 49296.057117541321 75064.103694031015 13020.391314968467 39975.568477995694 272677.31978301145 2338.0854135779664 3506.4002725593746 12179.189939018339 1900.1589913573116 27517.51815871615 24023.309139098972 1270.4111639931798 18229.414809894748 8807.0433863615617 11727.313170094974
leaf_count=46592 425209 439993 67892 209568 1555054 27641 29643 89742 15388 153120 130339 6630 138515 66587 89726
internal_value=-2.05593e-05 -2.28336e-06 -0.000119736 0.00051947 -0.0002634 -0.00102829 -0.00199576 -0.00157472 -0.00614508 -1.62415e-05 0.000453628 0.00128263 -0.00130559 -0.0018634 -0.00261181
internal_weight=563775 561532 486468 89271.6 397197 97001.7 58687.6 53281 5406.56 300195 38314.1 25293.7 50943 38763.8 29956.7
internal_count=3491639 3445047 3005054 634777 2370277 662103 457242 412211 45031 1708174 204861 136969 384570 294828 228241
is_linear=0
shrinkage=0.0206149


Tree=337
num_leaves=16
num_cat=0
split_feature=23 9 21 21 21 0 22 22 23 9 8 18 21 8 0
split_gain=113.175 134.787 309.143 190.528 156.556 162.12 172.892 146.908 140.608 161.161 152.158 150.138 140.499 257.387 220.021
threshold=1.4533169011540126 0.022321666666666674 6.5331346371712611 9.5532169979213961 9.5532169979213961 1.0000000180025095e-35 0.41940530016134797 0.77181405186571106 3.5228007871149054 0.24384500000000001 0.25625745729042382 1.820855478695427 5.471224972653717 0.10080396471921461 1.0000000180025095e-35
decision_type=2 2 2 2 2 2 2 2 2 2 2 2 2 2 2
left_child=-1 3 8 12 -4 6 -6 -7 11 10 -10 -3 -2 -14 -15
right_child=1 2 4 -5 5 7 -8 -9 9 -11 -12 -13 13 14 -16
leaf_value=-0.00067816689230902258 7.557768478791558e-05 -0.00070200835502052064 0.00029648309548878702 -0.010329991825851488 -0.037162877483984808 0.0093011739474978868 0.0056757595241189842 -0.0091769713914218679 -0.00070174071186524293 -0.0028615521631142888 0.0021214086482104263 -0.0038607583335597147 0.0016111725613261712 0.007180613673036209 -0.0011307615464933272
leaf_weight=88858.760950223543 176527.49651434086 11554.811836823821 92559.208148796111 700.61573626473546 40.375269129872322 251.66021026670933 4782.4675315283239 668.7100375443697 44325.972800321877 11605.270587936044 9930.7787442021072 14319.537891544402 80137.272495692596 1427.6292896717787 26092.036496725865
leaf_count=663507 1244934 52552 451097 6216 303 1197 58945 3054 214142 54552 47513 75075 442734 6464 169559
internal_value=-2.92249e-06 0.000123416 -0.000301797 0.000407064 0.000501411 0.00380409 0.00531713 -0.00412442 -0.00116249 -0.000656633 -0.000185011 -0.00245014 0.000433535 0.00102049 -0.000699595
internal_weight=563783 474924 190039 284885 98302.4 5743.21 4822.84 920.37 91736.4 65862 54256.8 25874.3 284184 107657 27519.7
internal_count=3491844 2828337 958430 1869907 514596 63499 59248 4251 443834 316207 261655 127627 1863691 618757 176023
is_linear=0
shrinkage=0.0206149


Tree=338
num_leaves=16
num_cat=0
split_feature=23 21 9 21 21 22 23 22 21 0 21 10 26 22 5
split_gain=122.331 112.036 113.027 280.154 181.88 156.608 150.551 137.218 126.8 149.777 132.548 205.18 418.901 205.44 217.619
threshold=6.4164853367658425 1.7031504040002887 0.11334833333333334 9.5532169979213961 6.2821665072571253 0.94991820423875051 3.8510528580325971 0.41940530016134797 9.2144797882848355 1.0000000180025095e-35 5.471224972653717 8.5000000000000018 0.0058585486274887908 0.06081292421828445 5.5000000000000009
decision_type=2 2 2 2 2 2 2 2 2 2 2 2 2 2 2
left_child=1 -1 8 4 -4 7 -6 -5 10 -10 -3 13 -13 -12 -15
right_child=-2 2 3 5 6 -7 -8 -9 9 -11 11 12 -14 14 -16
leaf_value=-0.0049934453068725716 0.0025929474821704125 -0.00017482738287952757 -0.0029424963611687466 -0.025620904123748595 -0.0017941333381956217 0.00028747229555276904 0.00035255009405076943 0.0078596582073848266 0.00076067926346050515 -0.0063220028290369001 -0.010310256436733431 -0.0028616565516873874 0.00056804213433651722 0.00062647999470068607 0.0026138145174492279
leaf_weight=1916.9449264230207 7730.3169883228838 245836.735204258 16723.680519670248 53.036494754254818 23066.492217492312 2768.327082362026 34875.468094691634 2719.261906158179 2323.6146101988852 2795.2330894153565 681.79224918410182 20512.997813437134 57717.69654855039 114583.70972753316 29430.499566677958
leaf_count=27146 40140 1708729 80072 362 118590 29128 168646 32361 19076 21756 8105 135450 326726 539043 236802
internal_value=1.75011e-05 -1.83061e-05 -1.09393e-06 -0.000716764 -0.00104865 0.00375579 -0.000502037 0.00721915 0.000120036 -0.00310694 0.000155274 0.0005193 -0.000331265 0.000979162 0.00103261
internal_weight=563736 556005 554089 80206.3 74665.6 5540.63 57942 2772.3 473882 5118.85 468763 222927 78230.7 144696 144014
internal_count=3492132 3451992 3424846 429159 367308 61851 287236 32723 2995687 40832 2954855 1246126 462176 783950 775845
is_linear=0
shrinkage=0.0206149


Tree=339
num_leaves=16
num_cat=0
split_feature=23 17 22 22 17 21 22 0 22 23 9 21 21 22 22
split_gain=114.369 158.637 173.984 154.583 122.696 192.05 224.572 219.701 154.246 139.21 136.635 192.618 135.478 185.912 154.631
threshold=2.3796303120642137 28.500000000000004 1.0826891910149083 1.0000000180025095e-35 18.500000000000004 5.625741984822656 1.8513489770007865 1.0000000180025095e-35 0.1517792068077764 2.9063507024699908 0.093345000000000025 8.6590924803699068 5.2127492925055146 1.0674541273018823 1.7432476229411489
decision_type=2 2 2 2 2 2 2 2 2 2 2 2 2 2 2
left_child=3 4 -3 -1 5 7 8 12 -7 -6 -11 -12 14 -14 -2
right_child=1 2 -4 -5 9 6 -8 -9 -10 10 11 -13 13 -15 -16
leaf_value=-0.0071366707076413313 -0.00071537414492977766 0.0019612408900567552 -0.00043518110416682825 -0.00038587529972010219 -0.0014465298765012787 -0.0081480762569875239 0.015833697797197708 0.00046189181759912233 0.001175997271508209 0.00037327472439395063 -0.0017203029427935348 0.0033649956178742925 -0.001701414055992863 -0.0098993176163815859 -0.0088607827049685898
leaf_weight=1452.5467459047213 19156.06870893389 39056.870173583739 19206.066721796989 189468.74644359574 40186.312944356352 761.81066907476634 441.06632022932172 52413.146695354953 73401.879902873188 88962.058992385864 29626.144512802362 3544.0425407364964 2963.2365358248353 1948.7252819016576 1044.4497583694756
leaf_count=40066 95468 219965 105871 1313336 244140 5535 2264 369006 376000 519921 138995 30917 13773 9348 6896
internal_value=-2.69406e-05 0.000183233 0.00117127 -0.000437236 1.62894e-07 0.00042079 0.00116744 -0.000297733 0.00108022 -0.000394063 -4.77594e-05 -0.00117697 -0.00188317 -0.00495377 -0.00113653
internal_weight=563633 372712 58262.9 190921 314449 152130 74604.8 77525.6 74163.7 162319 122132 33170.2 25112.5 4911.96 20200.5
internal_count=3491501 2138099 325836 1353402 1812263 878290 383799 494491 381535 933973 689833 169912 125485 23121 102364
is_linear=0
shrinkage=0.0206149


Tree=340
num_leaves=16
num_cat=0
split_feature=23 9 8 21 23 24 21 9 21 8 9 9 22 1 15
split_gain=108.717 110.526 299.796 177.269 131.405 131.56 127.307 176.176 123.161 121.456 138.322 119.35 116.226 115.847 114.487
threshold=6.4164853367658425 0.11334833333333334 0.28699305702581218 6.2821665072571253 4.1039953562774567 5.5000000000000009 9.5532169979213961 0.41432333333333338 4.5114119294954493 0.10338398535370243 0.2613983333333334 0.52449666666666683 1.0000000180025095e-35 1.5000000000000002 19.500000000000004
decision_type=2 2 2 2 2 2 2 2 2 2 2 2 2 2 2
left_child=1 4 9 11 5 -1 7 -5 -6 -3 13 -4 -7 -11 -9
right_child=-2 2 3 6 8 12 -8 14 -10 10 -12 -13 -14 -15 -16
leaf_value=-0.0013338334451278517 0.0024263680453690791 -0.0093395810422530652 -0.0013167466393061509 0.001690979397964017 -0.0001827492992548008 -0.0065857270531999067 0.0038037860405922088 -0.0015171537642328094 0.0014194420952559031 -0.0059319073986564353 -0.0070979309470283478 -0.0068968212549334208 5.5926526744569999e-05 -0.0011898626001065533 0.0026641713545320867
leaf_weight=32561.311318987049 7717.3076256886125 1137.3288270533085 8020.6790214851499 19084.646461762488 32939.849071674049 1123.2649108748883 4642.550276465714 20894.418899443001 53514.779330061749 2530.6761513873935 2387.2447233982384 2044.0751376822591 355657.83513174765 16232.19540322572 3210.4442074522376
leaf_count=398666 40081 6033 39601 89546 219842 19074 52630 99322 280564 11569 13221 9624 2104140 82590 25007
internal_value=-3.61705e-06 -3.73465e-05 -0.000745373 3.67087e-05 8.19745e-05 -7.94626e-05 0.000559962 0.000211275 0.000808995 -0.00277701 -0.00242412 -0.00245002 3.50164e-05 -0.00182945 -0.000960257
internal_weight=563699 555981 80184.3 57896.8 475797 389342 47832.1 43189.5 86454.6 22287.4 21150.1 10064.8 356781 18762.9 24104.9
internal_count=3491510 3451429 429143 315730 3022286 2521880 266505 213875 500406 113413 107380 49225 2123214 94159 124329
is_linear=0
shrinkage=0.0206149


Tree=341
num_leaves=16
num_cat=0
split_feature=21 10 21 21 21 17 23 21 10 21 10 21 10 5 17
split_gain=115.369 112.316 201.707 391.044 231.138 209.276 164.653 139.887 337.506 371.215 403.16 314.916 306.718 198.872 193.478
threshold=1.7031504040002887 10.500000000000002 5.0180116144158413 5.1531358940652039 4.8586378000408255 31.500000000000004 2.2391204743999018 4.5114119294954493 5.5000000000000009 4.4549615806711609 6.5000000000000009 3.0521218154971899 4.5000000000000009 5.5000000000000009 30.500000000000004
decision_type=2 2 2 2 2 2 2 2 2 2 2 2 2 2 2
left_child=-1 7 4 -4 -3 -6 -5 8 12 10 11 -10 -2 14 -9
right_child=1 2 3 6 5 -7 -8 13 9 -11 -12 -13 -14 -15 -16
leaf_value=-0.0050549695544655398 -0.00086207002549747831 8.8774992734097605e-05 -0.0087036371580988831 -0.0025711704142132781 0.0031988562899887486 0.016658819992523249 -0.00023174859900479636 -3.5844146668582686e-05 -0.0026830837311008666 -0.0066353839718037884 1.3225942893058598e-05 0.0058667865811713694 -0.0046456993291756638 0.0013261376073222496 0.0024467302091771186
leaf_weight=1930.6791551159695 37740.81646723114 34802.442838444375 2942.2599874455482 19035.617436772212 2176.1499757133424 633.89510725066066 38939.196873638779 265821.81620685942 2261.4138946961612 2971.1113285943866 49993.59495279938 9614.1328849494457 12000.152533347718 68759.562331258319 14045.893592748791
leaf_count=27540 261810 263523 21250 136763 14652 3813 213206 1325647 18966 18778 377466 65043 84748 587125 71580
internal_value=-2.43107e-05 -7.02043e-06 -0.000639052 -0.00137197 0.000547976 0.00623518 -0.000999881 0.00012742 -0.000497473 0.000482467 0.000824284 0.00423867 -0.00177488 0.0003328 8.87503e-05
internal_weight=563669 561738 98529.6 60917.1 37612.5 2810.05 57974.8 463208 114581 64840.3 61869.1 11875.5 49741 348627 279868
internal_count=3491910 3464370 653207 371219 281988 18465 349969 2811163 826811 480253 461475 84009 346558 1984352 1397227
is_linear=0
shrinkage=0.0206149


Tree=342
num_leaves=16
num_cat=0
split_feature=23 22 26 26 23 0 15 23 10 17 15 17 21 26 26
split_gain=122.57 148.163 141.336 165.875 320.929 187.793 189.983 132.416 144.307 410.691 265.872 132.336 128.359 120.261 145.516
threshold=2.7960288739116739 0.0069134866388865148 0.27150770656593104 0.034363351888621267 3.8803755942346112 2.5000000000000004 13.500000000000002 3.2171674801866783 9.5000000000000018 24.500000000000004 18.500000000000004 23.500000000000004 9.3677927501272205 0.44322031023649805 0.041389571553695652
decision_type=2 2 2 2 2 2 2 2 2 2 2 2 2 2 2
left_child=1 -1 3 11 5 7 -7 -5 -9 10 -10 -2 -12 14 -3
right_child=2 13 -4 4 -6 6 -8 8 9 -11 12 -13 -14 -15 -16
leaf_value=-0.005333591233802672 0.00023253873307352491 -0.00054596146999960052 0.0018088621080589349 6.9445146954260579e-05 0.00032940295797314001 -0.0034145754629011328 -0.016031691379945211 -0.0012340953100127318 -0.009687048471330853 0.0021550682979035018 -0.028724152813416896 0.0016295203668532541 -0.07820723973962497 -0.0049830924603134295 0.00055856563532203783
leaf_weight=2487.7547609144822 86023.851357525215 180072.08279159293 23820.6277295826 21339.811124436557 106791.78080356494 10961.880300328135 531.7757277470082 11073.053292121738 2292.1174051016569 1645.383502997458 82.742748320102692 43334.405923800543 30.485900331288576 2287.712965792045 70548.738119212911
leaf_count=59077 497727 1201984 136241 108583 581408 90968 2840 55962 11766 8372 504 244186 376 21834 467705
internal_value=6.65958e-06 -0.000327236 0.000283594 0.000155709 -0.000299711 -0.00170063 -0.00399833 -0.000976375 -0.00245204 -0.0057814 -0.0112104 0.000700521 -0.0420471 -0.000277991 -0.000235042
internal_weight=563324 255396 307928 284107 154749 47957.3 11493.7 36463.6 15123.8 4050.73 2405.35 129358 113.229 252909 250621
internal_count=3489533 1750600 1738933 1602692 860779 279371 93808 185563 76980 21018 12646 741913 880 1691523 1669689
is_linear=0
shrinkage=0.0206149


Tree=343
num_leaves=16
num_cat=0
split_feature=7 8 23 23 8 9 9 9 26 23 9 10 23 14 9
split_gain=110.631 134.225 236.737 158.134 196.235 192.56 150.098 149.775 145.19 178.771 139.534 114.08 102.814 100.121 99.5398
threshold=1.0000000180025095e-35 0.0079799978720006045 0.56816202062884391 3.5751398924020239 0.080620702768471053 0.0011483333333333335 0.010095000000000002 0.001271666666666667 0.033251584614493866 2.3599438266032329 0.10548666666666669 5.5000000000000009 1.6975508800618953 1.5000000000000002 0.00031833333333333339
decision_type=2 2 2 2 2 2 2 2 2 2 2 2 2 2 2
left_child=1 7 -3 4 6 8 14 -1 9 11 -7 12 -6 -10 -4
right_child=-2 2 3 -5 5 10 -8 -9 13 -11 -12 -13 -14 -15 -16
leaf_value=0.0011918504268286962 0.00033247080769711152 -0.0071391187293575126 -0.00054848144899059261 0.00022172294439928123 -0.0087027538328250144 0.00035197662507119868 -0.0017268559804148494 -0.00098423113975625769 -0.0049782346949538798 -0.00059667213541589629 -0.0033040670295482275 -0.0091192198919263293 0.0030500685864431401 -0.012128908537252838 0.00082571620611231818
leaf_weight=47473.141254687682 229926.02476730943 2236.9693354498595 56178.838246215135 104089.52470081951 512.07142458576709 15057.392909668386 27764.262895297259 18750.693175915629 5773.4689314514399 8406.7195596611127 6289.2388636618853 2132.191838520579 827.48253876809031 972.26142130605876 37255.931809283793
leaf_count=442828 1187230 28596 513970 615379 4966 74048 138715 104470 50439 60040 29421 25534 6353 7238 202677
internal_value=-1.54767e-05 -0.000255205 -0.000460915 -0.000404596 -0.000809097 -0.00206168 -0.000396002 0.000575712 -0.00359353 -0.00222188 -0.000725183 -0.00615727 -0.00144268 -0.00600886 -5.37529e-07
internal_weight=563646 333720 267496 265259 161170 39970.8 121199 66223.8 18624.2 11878.5 21346.6 3471.75 1339.55 6745.73 93434.8
internal_count=3491904 2304674 1757376 1728780 1113401 258039 855362 547298 154570 96893 103469 36853 11319 57677 716647
is_linear=0
shrinkage=0.0206149


Tree=344
num_leaves=16
num_cat=0
split_feature=17 21 21 21 21 10 10 4 21 21 23 8 9 1 9
split_gain=114.314 153.503 154.081 365.73 357.551 355.695 155.767 122.604 119.485 178.167 117.224 137.686 238.082 225.483 345.208
threshold=12.500000000000002 5.8610270062757568 8.6590924803699068 9.0507604940059014 8.786395984161981 2.5000000000000004 3.5000000000000004 1.1454544358677794 7.3965406951584436 7.3240639589123662 5.441096092289925 0.012896569217747331 0.0032066666666666671 1.0000000180025095e-35 0.010095000000000002
decision_type=2 2 2 2 2 2 2 2 2 2 2 2 2 2 2
left_child=1 -1 6 4 -4 7 8 -6 9 -3 11 12 -2 -13 -15
right_child=10 2 3 -5 5 -7 -8 -9 -10 -11 -12 13 -14 14 -16
leaf_value=-0.0022259296811244504 0.0010537576052811475 0.0018252332347186203 -0.0082477316980802268 -0.00095346301518067311 -0.12717145096655152 -0.0080265805423405546 -0.0014752417940559069 -0.067292717943580355 0.0061660746225723501 -0.015589131758600666 0.0012440938695033276 -0.0011131103835068383 -0.00092230498065978492 0.0016579026959840594 -0.00026274818328654104
leaf_weight=21596.693361793645 103448.2193829054 5909.8068283600733 151.41700662299991 1019.4725199136883 21.543100737035275 38.57551516033709 6478.2352110240608 44.65164328366518 2894.6116316337138 260.68701562471688 34858.980886232108 88008.85027397424 34570.02759360522 48766.093557979912 215557.9606532082
leaf_count=163168 786788 29191 927 8530 159 241 38968 233 14741 1376 187139 735700 171977 256972 1095266
internal_value=9.59535e-06 -0.00107595 0.000400703 -0.00648676 -0.028506 -0.0577838 0.000965965 -0.0867803 0.00271053 0.00108952 8.89958e-05 6.88007e-06 0.000558805 -0.000209324 9.15996e-05
internal_weight=563626 38415.7 16819 1275.66 256.187 104.77 15543.3 66.1947 9065.11 6170.49 525210 490351 138018 352333 264324
internal_count=3491376 257534 94366 10090 1560 633 84276 392 45308 30567 3233842 3046703 958765 2087938 1352238
is_linear=0
shrinkage=0.0206149


Tree=345
num_leaves=16
num_cat=0
split_feature=23 26 26 23 23 10 18 22 8 0 9 9 10 0 26
split_gain=115.7 127.45 166.03 299.387 193.111 176.926 181.906 122.601 122.596 319.836 199.908 199.799 136.956 130.996 120.347
threshold=2.7960288739116739 0.27150770656593104 0.034363351888621267 3.8803755942346112 3.1035596363092357 10.500000000000002 0.999999969223486 1.0000000180025095e-35 0.034509993221251437 1.0000000180025095e-35 0.021843333333333336 0.0068283333333333347 4.5000000000000009 3.5000000000000004 0.44322031023649805
decision_type=2 2 2 2 2 2 2 2 2 2 2 2 2 2 2
left_child=7 2 -2 4 -4 -6 -7 -1 11 10 -10 14 -11 -14 -9
right_child=1 -3 3 -5 5 6 -8 8 9 12 -12 -13 13 -15 -16
leaf_value=-0.0054623697562441046 0.00067041756791298387 0.0016974009538329011 -0.00026775075930215173 0.0002769743611740196 -0.0020964216555310134 -0.053308584158643445 -0.0061850875897438195 0.00038878717251351533 0.0039558995371707911 -0.00039652596381253559 -0.00025679507679769216 -0.001348265205956221 -0.0020178746592593787 -0.0049765138387046796 -0.0057361539804043982
leaf_weight=1974.9410406500101 129581.66170344222 23772.505610707216 22026.320457675494 106818.81705450825 21161.849055906758 35.077525373548269 4605.0203615128994 142420.01402945258 5908.0224540345371 12072.057594511658 25231.149582963437 38133.618030358106 18826.924746651202 9603.8208076190203 1376.4833221100271
leaf_count=53434 743158 136017 128071 581671 122328 412 28219 1028032 29539 76106 146107 190193 101883 111562 14843
internal_value=-2.16627e-05 0.000247393 0.000126116 -0.000329964 -0.00168549 -0.00289577 -0.00654132 -0.000345945 -0.000306096 -0.00102843 0.000542478 -2.16505e-05 -0.00223616 -0.00301729 0.000330157
internal_weight=563548 308001 284229 154647 47828.3 25801.9 4640.1 255547 253572 71642 31139.2 181930 40502.8 28430.7 143796
internal_count=3491575 1739876 1603859 860701 279030 150959 28631 1751699 1698265 465197 175646 1233068 289551 213445 1042875
is_linear=0
shrinkage=0.0206149


Tree=346
num_leaves=16
num_cat=0
split_feature=17 21 21 21 21 10 10 21 21 26 8 9 9 9 23
split_gain=106.915 151.059 134.609 338.529 316.42 346.14 147.718 137.554 177.242 126.06 124.827 225.241 168.561 332.293 255.777
threshold=12.500000000000002 5.8610270062757568 8.6590924803699068 9.0507604940059014 8.786395984161981 2.5000000000000004 3.5000000000000004 7.3965406951584436 7.3240639589123662 0.21617074311863679 0.012896569217747331 0.0035566666666666667 0.00044833333333333341 0.005458333333333335 1.0963294041456229
decision_type=2 2 2 2 2 2 2 2 2 2 2 2 2 2 2
left_child=1 -1 6 4 -4 -6 7 8 -3 10 11 -2 14 -14 -12
right_child=9 2 3 -5 5 -7 -8 -9 -10 -11 12 -13 13 -15 -16
leaf_value=-0.0021820493842419088 0.00098375164759064685 0.0016503319001067132 -0.0082362628092114837 -0.00068548273834239054 -0.083335110729835557 -0.0055960699022393114 -0.0014194323280099744 0.0063684582300105701 -0.015701267120546362 0.0011842107208394062 -0.0062917999444697063 -0.0010638236163485258 0.0028122219388766402 -0.00014460956091957299 -0.0007594072711261682
leaf_weight=21618.870099847205 103197.02554664947 5912.3836183948442 153.25182934105396 1025.5649883337319 66.162151865661144 38.507612708956003 6503.2441605534405 2885.4276966787875 261.23148202337325 40836.743951594457 3707.3346461765468 29317.396456152201 17285.865252017975 246269.26387958974 84418.256232010201
leaf_count=163408 770344 29211 940 8544 381 245 39059 14684 1379 251247 46701 144051 89272 1254079 678489
internal_value=7.43379e-06 -0.00104166 0.000421838 -0.00599488 -0.0271065 -0.0547352 0.000951052 0.00265276 0.000916113 8.42923e-05 -8.47415e-06 0.000530748 -0.000211655 4.9321e-05 -0.000992148
internal_weight=563497 38464.6 16845.8 1283.49 257.922 104.67 15562.3 9059.04 6173.62 525032 484195 132514 351681 263555 88125.6
internal_count=3492034 257851 94443 10110 1566 626 84333 45274 30590 3234183 2982936 914395 2068541 1343351 725190
is_linear=0
shrinkage=0.0206149


Tree=347
num_leaves=16
num_cat=0
split_feature=23 0 9 21 21 23 5 21 9 24 22 22 21 0 22
split_gain=106.587 131.967 125.936 267.514 215.733 189.892 174.95 164.406 157.127 124.551 152.68 138.786 115.868 156.966 116.29
threshold=0.56816202062884391 6.5000000000000009 0.018201666666666672 6.5331346371712611 9.5532169979213961 2.9626632357578049 6.5000000000000009 8.498279917078472 0.24384500000000001 9.5000000000000018 0.59218928225173861 0.56319158863492935 7.2374452788289636 1.0000000180025095e-35 0.086009304569600015
decision_type=2 2 2 2 2 2 2 2 2 2 2 2 2 2 2
left_child=1 -1 4 5 9 -4 -5 -8 -7 10 11 -2 -11 -14 -15
right_child=2 -3 3 6 -6 8 7 -9 -10 12 -12 -13 13 14 -16
leaf_value=-0.00091392556450587911 -0.00090977070936678651 -0.006389622317469811 -0.0029921596726108684 0.00021162758982424705 -0.0089303423278400858 -0.00032223151595606165 0.003241973340436236 0.017261626418639899 -0.0028751696296936248 0.00085926751852922459 0.00027468459235970949 -0.0056774280572683185 0.0020465138329760256 -0.025729225688128771 -0.0013957794656305894
leaf_weight=13255.407932069153 35150.905217697844 2177.7534700213 18441.698240913451 104431.29590979964 1073.126586118713 72485.159787561744 3464.5099964812398 396.11308964341879 11931.988959655166 170469.85369411856 99689.356423648074 2801.5558761302382 7176.7197520956397 83.805706242099404 20453.396020496264
leaf_count=89057 360903 51698 92671 547949 9925 350787 19507 1834 56154 938424 789355 21929 33824 649 126878
internal_value=2.9692e-06 -0.00168659 5.05476e-05 -0.000344181 0.000297943 -0.00109708 0.000370941 0.00468044 -0.000683078 0.000327432 -0.00014895 -0.00126171 0.000658287 -0.000577956 -0.00149508
internal_weight=563483 15433.2 548049 211151 336899 102859 108292 3860.62 84417.1 335826 137642 37952.5 198184 27713.9 20537.2
internal_count=3491544 140755 3350789 1068902 2281887 499612 569290 21341 406941 2271962 1172187 382832 1099775 161351 127527
is_linear=0
shrinkage=0.0206149


Tree=348
num_leaves=16
num_cat=0
split_feature=23 8 0 9 17 9 23 26 0 23 21 21 22 21 23
split_gain=106.018 142.978 282.235 228.619 215.459 176.703 169.793 152.343 133.91 128.247 136.486 122.559 120.19 115.282 113.977
threshold=2.9257560139833516 0.024459995806857888 1.0000000180025095e-35 0.0040083333333333342 25.500000000000004 0.024501666666666668 0.95409601915045117 0.019094653239410089 6.5000000000000009 1.1852354768456854 5.1531358940652039 5.3088215887213037 1.0075970966924295 5.1880287543855514 2.6075280761259432
decision_type=2 2 2 2 2 2 2 2 2 2 2 2 2 2 2
left_child=1 3 5 9 6 -3 -4 14 -9 -1 -11 -8 -12 -14 -6
right_child=-2 2 4 -5 7 -7 11 8 -10 10 12 -13 13 -15 -16
leaf_value=-0.00036004799011160957 0.00029320600306940021 0.0022459887968981729 -0.0069176445247434984 -0.0010992665128134722 -0.0069686759245001593 -0.0005063540863851784 -0.0027946730796597733 -0.00071296902728516277 -0.0083336365676877164 0.00043513337579583128 0.0032206864896945912 -0.00014825548634974032 0.0112400889945652 -4.5285260975396815e-05 -0.0015623444118777168
leaf_weight=42406.157565658912 281752.41776794009 14500.109782960266 1979.2026847200468 49061.82698167488 6627.4113168073818 31334.131897874177 9585.482675075531 7271.2741069849581 1132.5446626879275 54608.436144892126 17881.782881682739 33177.283678219654 400.62622256204486 9660.3324865289032 2209.7317440118641
leaf_count=351995 1586692 72192 20818 246486 52817 178491 84113 44099 17590 436467 112625 208305 2748 63295 13476
internal_value=1.04222e-05 -0.000272277 -0.000862168 9.32018e-05 -0.00176916 0.000364376 -0.00101467 -0.00372712 -0.00173997 0.000561399 0.00103474 -0.000741463 0.00220656 0.000404097 -0.00561682
internal_weight=563589 281836 107817 174019 61982.9 45834.2 44742 17241 8403.82 124957 82551.2 42762.8 27942.7 10061 8837.14
internal_count=3492209 1905517 691901 1213616 441218 250683 313236 127982 61689 967130 615135 292418 178668 66043 66293
is_linear=0
shrinkage=0.0206149


Tree=349
num_leaves=16
num_cat=0
split_feature=23 9 8 21 9 21 9 22 7 21 0 8 22 21 9
split_gain=110.828 110.599 275.293 189.342 131.07 117.932 132.488 121.649 117.479 175.211 166.872 144.698 118.68 117.826 155.816
threshold=5.879961974833237 0.11334833333333334 0.20747995850400833 6.6156419086800691 0.24384500000000001 9.5532169979213961 0.41432333333333338 0.94991820423875051 1.0000000180025095e-35 8.597185412435751 1.5000000000000002 0.18934246844229827 0.44138391047414033 5.471224972653717 0.0052983333333333346
decision_type=2 2 2 2 2 2 2 2 2 2 2 2 2 2 2
left_child=1 8 -3 4 -4 6 -5 -7 9 13 -11 -10 -12 14 -1
right_child=-2 2 3 5 -6 7 -8 -9 11 10 12 -13 -14 -15 -16
leaf_value=-0.00010066841950457331 0.0014211927986207717 -0.0035914859523408262 -0.00012458796608263452 0.0012479025843359277 -0.0039145696962029231 0.00674083470967977 -0.0011259624131188207 0.00022362287722700559 0.00036533684257770212 0.0023723274607074006 0.0078151607908850951 0.0032958113677886607 -0.0068866692701730989 0.00035469377030679264 -0.001529637838931715
leaf_weight=122954.12636567093 22471.482642197981 12472.774994004518 7143.4656581878662 20381.174422990531 8482.7429535612464 2434.3953443579376 19599.745921183378 2434.2113831080496 160899.35692664981 1360.6115271523595 248.70896190032363 7494.061794500798 3777.2427070382982 127478.91253608558 44045.173044536263
leaf_count=1069794 119531 63961 33912 97919 40353 28885 102767 25650 806120 6671 1451 35963 31456 787822 240758
internal_value=2.60639e-06 -5.62948e-05 -0.000802932 -0.000227809 -0.00218199 0.000453056 8.41687e-05 0.00348235 6.00216e-05 -0.00018467 -0.00386909 0.000495753 -0.00597844 -0.000117274 -0.000477551
internal_weight=563678 541207 72948.5 60475.7 15626.2 44849.5 39980.9 4868.61 468258 299865 5386.56 168393 4025.95 294478 166999
internal_count=3493013 3373482 393447 329486 74265 255221 200686 54535 2980035 2137952 39578 842083 32907 2098374 1310552
is_linear=0
shrinkage=0.0206149


Tree=350
num_leaves=16
num_cat=0
split_feature=23 22 21 21 17 21 21 0 23 0 8 1 23 8 21
split_gain=101.841 99.5932 121.464 172.552 213.199 112.016 111.072 97.0027 95.1068 134.314 111.58 172.345 181.262 175.639 188.357
threshold=6.4164853367658425 2.2096224505731512 3.130131150631756 3.3200780557860594 13.500000000000002 3.6045594171419229 1.7031504040002887 1.0000000180025095e-35 0.52990666487863136 6.5000000000000009 0.012149994937502193 1.5000000000000002 3.5751398924020239 0.078619941035049143 4.5114119294954493
decision_type=2 2 2 2 2 2 2 2 2 2 2 2 2 2 2
left_child=1 6 -3 4 -4 -5 -1 -7 9 -8 -10 12 13 14 -12
right_child=-2 2 3 5 -6 7 8 -9 10 -11 11 -13 -14 -15 -16
leaf_value=-0.005156792020770279 0.0023433446553821078 -0.010376997900572659 -0.016174628851932008 -0.023060101037218474 0.033578138877412934 -0.0083284736277232912 -0.00086549547596036604 0.0029355170801237409 0.00057266481951893597 -0.0067087662901580058 -0.0020725201421803734 0.00040004533021708119 0.00019493295508109498 -0.0020613789940316586 1.101454558924144e-05
leaf_weight=1781.2498666159809 7752.2332103773952 866.73199706524611 52.394723575562239 110.87996821664274 121.43942683935165 536.87725476175547 11745.267766091973 822.92975819669664 128420.24312438536 1949.1730460776016 24087.281408846378 161536.97628304362 103115.83244154789 41888.292889595032 78637.633947378956
leaf_count=25289 40189 10195 514 972 1149 3568 78909 7561 872596 46762 201370 812570 607635 270636 511724
internal_value=-3.15233e-06 -3.58885e-05 -0.00413195 -0.00084055 0.0185823 -0.00313632 -1.72931e-05 -0.00151172 -6.89805e-07 -0.00169719 4.25186e-05 -0.000123832 -0.000465437 -0.00093631 -0.00047754
internal_weight=563425 555673 2511.25 1644.52 173.834 1470.69 553162 1359.81 551381 13694.4 537686 409266 247729 144613 102725
internal_count=3491639 3451450 23959 13764 1663 12101 3427491 11129 3402202 125671 3276531 2403935 1591365 983730 713094
is_linear=0
shrinkage=0.0206149


Tree=351
num_leaves=16
num_cat=0
split_feature=26 10 21 21 24 23 22 22 22 22 17 10 21 21 22
split_gain=115.446 113.816 187.935 302.218 195.129 184.387 179.643 355.503 201.158 169.883 161.696 156.024 177.618 217.575 135.811
threshold=0.14771230284118309 10.500000000000002 5.0180116144158413 5.1531358940652039 11.500000000000002 2.2391204743999018 1.6312258488921307 1.4888219644382852 1.4737985220932288 1.6008153246452934 22.500000000000004 11.500000000000002 4.324701101614731 4.4383656099313997 0.41940530016134797
decision_type=2 2 2 2 2 2 2 2 2 2 2 2 2 2 2
left_child=1 -1 4 -4 6 10 7 8 14 -6 -5 -8 -13 -14 -3
right_child=-2 2 3 5 9 -7 11 -9 -10 -11 -12 12 13 -15 -16
leaf_value=4.4184965406442203e-05 0.00077149759486813501 -0.0037787231784194462 -0.008523781382985365 -0.0011603252527543758 0.0030900537794720183 -0.0002945805762280508 -0.013321213483007889 0.012101469472147925 -0.022784482525486545 0.020930818062052506 -0.0051746586866826686 -0.0078624806224162919 0.046435690028935397 0.0032944828852058045 0.00048545953751627768
leaf_weight=403644.15534469299 74309.816297204234 3788.014836394228 2508.0425248891115 9743.9893372673541 5840.5023477878422 33275.278355794027 808.19039269722998 1013.5485084429383 168.89630882441998 235.98555882647634 7582.3105970388278 626.56991057470441 58.942645575851202 316.1524109877646 19586.437327403575
leaf_count=2462879 455385 44308 18472 69572 30850 183650 7518 8108 1344 1213 55244 6193 583 2534 144175
internal_value=1.44227e-05 -0.000100578 -0.000783581 -0.00153875 0.000452629 -0.00119254 -0.00031487 0.000147078 -0.000367562 0.00378291 -0.00291707 -0.00658277 -0.00114588 0.0100737 -0.000205585
internal_weight=563507 489197 85552.9 53109.6 32443.2 50601.6 26366.8 24556.9 23543.3 6076.49 17326.3 1809.86 1001.66 375.095 23374.5
internal_count=3492028 3036643 573764 326938 246826 308466 214763 197935 189827 32063 124816 16828 9310 3117 188483
is_linear=0
shrinkage=0.0206149


Tree=352
num_leaves=16
num_cat=0
split_feature=23 8 0 20 17 21 21 21 21 21 4 26 8 9 16
split_gain=119.315 135.16 174.668 104.476 118.429 114.387 154.703 290.593 132.366 173.888 121.25 104.825 141.642 202.223 221.432
threshold=0.52990666487863136 0.0040978402106225638 2.5000000000000004 1.1111056018822223 12.500000000000002 5.8610270062757568 8.6590924803699068 9.2144797882848355 8.786395984161981 9.0507604940059014 1.266666532592607 0.20144727483775418 0.019929994187085066 0.00069833333333333347 18.500000000000004
decision_type=2 2 2 2 2 2 2 2 2 2 2 2 2 2 2
left_child=1 -1 -3 4 5 -2 -7 8 -8 10 -10 12 -6 14 -14
right_child=3 2 -4 -5 11 6 7 -9 9 -11 -12 -13 13 -15 -16
leaf_value=-0.00023174315871815976 -0.0021154700816283386 -0.0014067699258550322 -0.0088851552045826915 -0.00045248730114132114 0.00078225341112722342 0.0011038914512668029 -0.0084707450220532238 -0.00037335404166283941 -0.074337776421212698 -0.014355559433233358 -0.02543350057813927 0.0014137242579699719 -0.0008311716340176226 0.00030092503558401361 -0.0078761612328714075
leaf_weight=8263.5807832879946 17573.258948903531 3321.4961213581264 2210.6402839738876 137408.26729185134 117063.7763262894 12040.89430722408 133.14796432480216 794.4554237332195 55.916257955133915 83.970049992203712 35.050324462354183 32989.588146398775 67386.877191264182 162054.91675725579 1950.9031328689307
leaf_count=72605 137857 18688 35906 757503 802166 66334 823 7115 345 499 184 205918 539989 830437 14605
internal_value=-7.74716e-06 -0.00190128 -0.00439513 3.97856e-05 0.000203901 -0.00102752 0.000427117 -0.00696397 -0.0239591 -0.0357477 -0.0554945 0.000303064 0.000197913 -9.77097e-05 -0.00102939
internal_weight=563367 13795.7 5532.14 549571 412163 30716.7 13143.4 1102.54 308.085 174.937 90.9666 381446 348456 231393 69337.8
internal_count=3490974 127199 54594 3363775 2606272 213157 75300 8966 1851 1028 529 2393115 2187197 1385031 554594
is_linear=0
shrinkage=0.0206149


Tree=353
num_leaves=16
num_cat=0
split_feature=23 9 8 21 6 16 5 21 15 21 23 10 10 21 10
split_gain=99.2207 118.497 319.974 258.586 187.275 166.589 164.726 169.571 163.366 158.44 256.107 144.624 228.425 199.045 199.792
threshold=4.7410666616344299 0.018201666666666672 0.10080396471921461 6.5331346371712611 1.0000000180025095e-35 18.500000000000004 6.5000000000000009 8.4356090925039435 9.5000000000000018 5.471224972653717 1.5861051412827256 5.5000000000000009 3.5000000000000004 5.1880287543855514 6.5000000000000009
decision_type=2 2 2 2 2 2 2 2 2 2 2 2 2 2 2
left_child=1 2 9 8 5 -4 -5 -8 -3 11 -11 12 -1 14 -13
right_child=-2 3 4 6 -6 -7 7 -9 -10 10 -12 13 -14 -15 -16
leaf_value=0.00028668116253204181 0.00067240451634145184 -0.0025698234533338129 -0.001957709810181397 -1.3311463178586104e-05 0.0057670216860380777 -0.0094937863342249712 0.0028250519982269554 0.016448998067651738 -0.00050970379204362895 -0.00021594707914962218 0.0017507374911767319 0.0028850610444579629 -0.0021602502282218744 -0.0021815976315361337 0.00030266482731269607
leaf_weight=35627.374253344722 84447.873826128431 32968.701978519559 25900.881973676383 84414.122259024531 1273.7593149207532 1309.5998941194266 2898.6586357280612 448.2907543182373 32468.165187671781 48491.469150278717 67045.405468034558 14833.527112880722 29752.230531692505 11563.196886260062 89862.480226079933
leaf_count=244906 461933 174576 195244 444646 5953 9685 16612 2101 145617 320951 373493 105708 212785 81175 696058
internal_value=2.08981e-05 -9.39968e-05 0.000128424 -0.000566808 -0.00195876 -0.00232041 0.000164528 0.00464984 -0.00154764 0.00032848 0.000925309 -5.11508e-05 -0.000826841 0.000385067 0.000668544
internal_weight=563306 478858 325660 153198 28484.2 27210.5 87761.1 3346.95 65436.9 297176 115537 181639 65379.6 116259 104696
internal_count=3491443 3029510 2245958 783552 210882 204929 463359 18713 320193 2035076 694444 1340632 457691 882941 801766
is_linear=0
shrinkage=0.0206149


Tree=354
num_leaves=16
num_cat=0
split_feature=24 26 23 10 26 23 20 21 15 17 5 26 23 10 26
split_gain=124.975 97.886 97.2307 190.216 250.252 233.655 236.921 183.475 210.014 156.31 163.425 128.223 129.019 128.017 125.081
threshold=1.5000000000000002 0.14406239135288282 2.3599438266032329 8.5000000000000018 0.0060153936752803186 1.0561487520021191 0.61904669671344237 5.0400040892973292 7.5000000000000009 28.500000000000004 4.5000000000000009 0.02599296588031863 4.270256688127831 2.5000000000000004 0.0060153936752803186
decision_type=2 2 2 2 2 2 2 2 2 2 2 2 2 2 2
left_child=-1 2 3 4 5 -2 13 8 -5 10 -4 -12 -13 -7 -9
right_child=1 -3 9 7 -6 6 -8 14 -10 -11 11 12 -14 -15 -16
leaf_value=-0.0048641177232416136 -0.0007447303153453904 0.00072557649083864351 -0.00041128553543308801 -0.001417478671845492 -0.00076753150672784968 -0.00034130352243840097 0.0011124204269054962 -0.0034931629223088323 0.0026983065706709729 0.0012141583071859649 0.00139871672800617 -0.0011745826657306461 0.0012121750346233691 0.0063389432996101055 -0.0011697449341222311
leaf_weight=2223.4257244989276 15868.990363190882 75111.409275419079 179641.37185964733 14239.862997012213 64187.440827611834 1466.4866350460798 19266.108773019165 17981.991022299044 8363.013847457245 48703.606707653962 47523.680672311224 23296.753939466551 16400.988065889105 7227.2399027198553 21765.659291593358
leaf_count=46639 119712 440383 873938 150253 427776 11875 106736 128641 43127 273144 357321 188153 118191 58437 147254
internal_value=1.36537e-05 3.29843e-05 -7.40707e-05 -0.00047094 5.24047e-05 0.0012532 0.00238716 -0.00137758 0.000105353 0.000140189 -5.58145e-05 0.000676314 -0.000188502 0.0052121 -0.00222087
internal_weight=563268 561045 485933 170367 108016 43828.8 27959.8 62350.5 22602.9 315566 266863 87221.4 39697.7 8693.73 39747.7
internal_count=3491580 3444941 3004558 1193811 724536 296760 177048 469275 193380 1810747 1537603 663665 306344 70312 275895
is_linear=0
shrinkage=0.0206149


Tree=355
num_leaves=16
num_cat=0
split_feature=10 22 16 24 10 22 10 22 24 22 22 22 22 22 10
split_gain=100.866 172.24 99.3052 97.0454 95.3276 194.541 178.465 155.868 149.427 192.209 162.998 142.22 139.706 269.948 238.414
threshold=11.500000000000002 1.0000000180025095e-35 29.500000000000004 1.5000000000000002 1.5000000000000002 0.5094878003426061 3.5000000000000004 0.040684701404504774 11.500000000000002 1.5619246861453255 1.8513489770007865 1.0234784144377538 0.74308273868693753 0.7574632724960948 5.5000000000000009
decision_type=2 2 2 2 2 2 2 2 2 2 2 2 2 2 2
left_child=2 -2 3 -1 5 7 11 -5 10 -10 -7 -6 14 -14 -8
right_child=1 -3 -4 4 6 8 12 -9 9 -11 -12 -13 13 -15 -16
leaf_value=-0.004476390139305543 -0.014632742456222838 -0.00079434084954349701 0.0053476833108045442 -0.009994337433782809 0.0014674310931456673 -0.0033491915267184424 -0.0023909696880176677 0.0059860604287208519 0.00073685756908065017 -0.020643197509466731 0.016288954623413357 -0.00051691967336795581 0.0042747209973802939 9.5834417251364554e-05 -0.00011885162150499503
leaf_weight=1995.0401894301176 385.26877896860242 48426.529400939122 1514.6629539169371 292.15988674294204 65181.386964459904 13745.431060226634 26134.847431466915 2312.1330935861915 8891.1910019870847 182.36232376284897 181.9936191663146 20077.049642626196 6722.353486398235 288586.92573839054 78803.57224586606
leaf_count=41587 11349 319653 15087 5193 370382 93277 171781 15508 48533 970 1771 116699 38600 1694483 546934
internal_value=-7.96752e-06 -0.000903567 7.698e-05 6.14212e-05 7.91338e-05 -0.00114679 0.000143788 0.00419332 -0.00175143 0.000307156 -0.00309257 0.00100015 -3.86281e-05 0.000190962 -0.000684721
internal_weight=563433 48811.8 514621 513106 511111 25605.3 485506 2604.29 23001 9073.55 13927.4 85258.4 400248 295309 104938
internal_count=3491807 331002 3160805 3145718 3104131 165252 2938879 20701 144551 49503 95048 487081 2451798 1733083 718715
is_linear=0
shrinkage=0.0206149


Tree=356
num_leaves=16
num_cat=0
split_feature=21 9 8 9 21 9 8 18 21 8 9 18 9 0 8
split_gain=98.7219 94.5172 293.72 244.364 233.051 155.321 167.727 171.936 123.741 119.7 160.43 138.357 124.574 110.424 106.225
threshold=1.7031504040002887 0.052281666666666671 0.20747995850400833 0.21549000000000004 8.498279917078472 0.12086833333333334 0.074689943982546705 1.5313724529258039 9.2144797882848355 0.91008481039899969 1.0193633333333336 1.1999999460000026 0.49961666666666665 1.5000000000000002 0.42854967858776788
decision_type=2 2 2 2 2 2 2 2 2 2 2 2 2 2 2
left_child=-1 8 5 -4 9 6 -3 -8 -2 11 -11 -5 14 -10 -13
right_child=1 2 3 4 -6 -7 7 -9 13 10 -12 12 -14 -15 -16
leaf_value=-0.0046877656015807288 0.00019001120603970024 -0.00399097677163417 0.0018753840434184554 0.0013033467451952655 0.0019976072087656599 -0.0038935959781419434 0.0016265699225790678 -0.0015935089306453099 0.00010932465752104316 0.0018674101648471898 -0.0019868713695415032 -0.0039879320228111666 -0.0059658035145095717 -0.0071434550964923089 -0.00057499387211555554
leaf_weight=1907.0992360915989 426906.59793579392 7011.5191058665514 27234.478993393481 4029.6293623670936 12208.864921152592 11015.8549493514 10879.648332081735 20002.8879776299 1715.7440216839314 9581.3574006706476 8808.8628584593534 6758.9031895920634 4360.2921073138714 1858.3798345550895 9084.6950806081295
leaf_count=27539 2759713 34630 130995 25175 103042 56547 56201 92690 11473 43726 42511 29392 18930 17865 41576
internal_value=-5.40948e-06 1.0495e-05 -0.00047441 0.000279229 -0.000513555 -0.00173896 -0.0011126 -0.000459103 0.000158031 -0.00123284 2.12203e-05 -0.00218451 -0.00288016 -0.00366179 -0.00203096
internal_weight=563365 561458 130977 82067.1 54832.6 48909.9 37894.1 30882.5 430481 42623.7 18390.2 24233.5 20203.9 3574.12 15843.6
internal_count=3492005 3464466 675415 435347 304352 240068 183521 148891 2789051 201310 86237 115073 89898 29338 70968
is_linear=0
shrinkage=0.0206149


Tree=357
num_leaves=16
num_cat=0
split_feature=22 21 22 10 21 21 21 21 25 21 22 3 12 22 10
split_gain=102.282 247.7 207.395 200.46 171.632 311.511 167.056 145.999 150.847 201.633 162.231 235.692 167.223 153.903 122.573
threshold=1.6312258488921307 4.185652929013421 1.7080600325131401 3.5000000000000004 4.059970053251905 4.0286059401620991 4.2631931959662088 7.1207424566061279 1.0000000180025095e-35 4.8211766475136963 1.8006535075257839 6.5000000000000009 1.0000000180025095e-35 1.8513489770007865 1.5000000000000002
decision_type=2 2 2 2 2 2 2 2 2 2 2 2 2 2 2
left_child=-1 4 3 -3 5 14 -4 8 9 -8 -10 12 -12 -13 -2
right_child=1 2 6 -5 -6 -7 7 -9 10 -11 11 13 -14 -15 -16
leaf_value=3.9254614899368708e-05 0.010876468217464255 -0.016321045083034297 0.017592381449508629 -0.0017169426040952957 -0.015053467749185702 0.028388477998152258 0.017574280294141705 0.011253154410772443 0.0046147482464534793 -0.0016443264291940431 -0.0033519464044974943 -0.033646638547602706 0.0094093057606616289 -0.0085959815491952196 -0.0049030254465987928
leaf_weight=546446.83775946125 217.25036443956196 489.19154576584697 293.336729651317 2176.8296419810504 616.27255977131426 126.41809999383986 483.76433884911239 616.3154740203172 1663.2873403914273 445.7703319657594 2432.0927852001041 153.84717570245266 531.80889412946999 323.13514676690102 5648.9029031284153
leaf_count=3365239 2054 3337 2484 13992 4911 871 4494 2963 9764 4042 17783 638 3364 1340 50644
internal_value=-8.6286e-06 -0.00162198 0.000490817 -0.00439667 -0.00469402 -0.00362866 0.00236745 0.00169587 0.000719636 0.00835775 -0.000671361 -0.00322661 -0.00106221 -0.0166759 -0.00431864
internal_weight=562665 16218.2 9609.38 2666.02 6608.84 5992.57 6943.36 6650.02 6033.71 929.535 5104.17 3440.88 2963.9 476.982 5866.15
internal_count=3487920 122681 64201 17329 58480 53569 46872 44388 41425 8536 32889 23125 21147 1978 52698
is_linear=0
shrinkage=0.0206149


Tree=358
num_leaves=16
num_cat=0
split_feature=12 10 10 10 21 21 21 21 22 3 21 21 22 21 22
split_gain=103.322 192.676 161.677 230.426 436.024 355.549 850.291 323.269 247.924 380.364 245.394 221.288 277.579 180.988 258.643
threshold=1.0000000180025095e-35 1.5000000000000002 6.5000000000000009 5.5000000000000009 4.3732846406386399 9.2144797882848355 9.4455548799437086 4.3047091349284239 1.1047660685089422 11.500000000000002 4.4549615806711609 3.0521218154971899 2.5041196746191168 6.4947418678038016 0.086009304569600015
decision_type=2 2 2 2 2 2 2 2 2 2 2 2 2 2 2
left_child=1 -1 3 4 7 10 8 -3 -7 -10 11 -5 -13 -6 -15
right_child=-2 2 -4 5 13 6 -8 -9 9 -11 -12 12 -14 14 -16
leaf_value=-0.0023750037497815369 0.00052449177097997266 -0.0015726715372398161 -0.00041307191471691646 -0.0011774018387792913 -7.7316313704158654e-05 0.0040549166920737303 -2.0803898115461575e-05 -0.0098788169085507679 -0.047092467841453427 -0.14161071407922257 0.0011048641165040248 0.0061638016064957 0.074857460059044173 -0.02756760298103924 0.0017222554895937148
leaf_weight=15956.915439502336 123068.44045328815 29142.943646002561 244252.65348261315 2072.7969714393839 64067.603324939497 31.769066592678428 650.1111445017159 2137.2852807249874 146.44570693746209 20.644455932080746 29590.384571057744 7997.0526888901368 25.076917145401239 128.4964350303635 44102.829807043076
leaf_count=112609 703768 213629 1597002 18493 365691 220 6080 14098 836 218 164455 54955 194 1268 238435
internal_value=-3.56989e-06 -0.000151161 -6.75405e-05 0.000401036 3.68539e-06 0.00176931 -0.0114311 -0.00214021 -0.0487337 -0.0587705 0.0020517 0.00482707 0.00637854 0.00062291 0.00163717
internal_weight=563391 440323 424366 180113 139579 40534.3 848.97 31280.2 198.859 167.09 39685.3 10094.9 8022.13 108299 44231.3
internal_count=3491951 2788183 2675574 1078572 833121 245451 7354 227727 1274 1054 238097 73642 55149 605394 239703
is_linear=0
shrinkage=0.0206149


Tree=359
num_leaves=16
num_cat=0
split_feature=18 9 8 21 9 8 21 8 9 3 23 24 8 23 9
split_gain=98.1219 92.1313 272.102 154.171 181.086 210.572 129.348 128.811 118.155 117.769 117.482 114.011 117.324 152.761 157.184
threshold=8.4166631527793054 0.052281666666666671 0.12358560182773921 7.9540999683346358 0.21549000000000004 0.29836988811129667 9.2144797882848355 0.28699305702581218 0.12547166666666668 4.5000000000000009 4.1772542192139257 9.5000000000000018 0.016199993250002927 1.5861051412827256 0.0032066666666666671
decision_type=2 2 2 2 2 2 2 2 2 2 2 2 2 2 2
left_child=1 6 8 4 5 -4 10 -6 -3 -5 11 12 13 -1 -15
right_child=-2 2 3 9 7 -7 -8 -9 -10 -11 -12 -13 -14 14 -16
leaf_value=-0.0011925199830765925 -0.0020397385546578684 -0.0020377423757332383 -0.00045852939016864609 0.0068033088005647561 -0.0053590229730352329 0.0027824311112377969 -0.0037511809776852498 -0.001139637944122276 -0.0077438660549065726 0.00098531943490312796 0.00099504693116682971 0.00032083290895443972 -0.0011810452138475817 0.001605413273427971 -0.0013875862042893236
leaf_weight=23680.82495716121 9940.5645362045616 22438.702661331743 30367.116229008883 1566.4446298629045 3386.9799084439874 11841.692068435252 3536.2772587221116 33359.550147198141 1655.9740845113993 26360.457521997392 67597.701491841115 233062.95799271576 53359.837145769037 31105.374841526151 9808.1784329228103
leaf_count=217446 169938 109326 142407 7371 16160 55131 29004 155418 8781 180108 396958 1260339 422184 261962 58284
internal_value=-9.76588e-06 2.67159e-05 -0.000450932 -4.80676e-06 -0.000470446 0.000450723 0.000174911 -0.00152854 -0.00242991 0.00131166 0.000208077 5.65252e-05 -0.000465714 0.000125203 0.000887904
internal_weight=563069 553128 130977 106882 78955.3 42208.8 422151 36746.5 24094.7 27926.9 418615 351017 117954 64594.4 40913.6
internal_count=3490817 3320879 674702 556595 369116 197538 2646177 171578 118107 187479 2617173 2220215 959876 537692 320246
is_linear=0
shrinkage=0.0206149


Tree=360
num_leaves=16
num_cat=0
split_feature=17 21 21 21 21 10 10 23 8 1 23 5 21 16 22
split_gain=105.12 128.746 145.156 286.803 301.408 284.518 123.938 109.705 97.0817 206.655 252.583 145.833 151.414 117.056 100.424
threshold=12.500000000000002 6.6988236091977837 8.6590924803699068 9.0507604940059014 8.786395984161981 2.5000000000000004 3.5000000000000004 6.4164853367658425 0.020401830613094831 1.5000000000000002 3.5751398924020239 5.5000000000000009 8.498279917078472 20.500000000000004 1.0826891910149083
decision_type=2 2 2 2 2 2 2 2 2 2 2 2 2 2 2
left_child=1 -1 6 4 -4 -6 -3 8 -2 10 13 14 -13 -10 -11
right_child=7 2 3 -5 5 -7 -8 -9 9 11 -12 12 -14 -15 -16
leaf_value=-0.0017289914120153795 0.00044572690857295864 0.0039078857145183029 -0.0063054663753060389 -0.00046270466416963404 -0.074902201634901105 -0.0055620192598896971 -0.0011037750415269626 0.0026450837506203388 -0.001148887136115113 0.00070863983723709612 0.00022040720739177581 0.0025184220818319702 0.015348098223991621 -0.0054849634538533558 -0.00052726798000938212
leaf_weight=28228.521158160642 186050.54899336211 5325.8102840650827 160.8057973086834 1022.2237176336348 71.594229392707348 38.763875465840101 3458.9792290339246 7120.655386576429 102028.91614215448 86138.89027486369 91684.124000554904 7559.2223541401327 412.24679810553789 2716.264018965885 41353.152598269284
leaf_count=200498 1260545 26778 973 8554 387 237 20125 36834 694545 450385 538337 38811 1792 15656 197969
internal_value=2.76488e-05 -0.00101489 0.000985258 -0.00546249 -0.0243105 -0.0505461 0.00193456 0.000103709 6.87701e-05 -0.000142542 -0.000569724 0.000476894 0.00318191 -0.00126133 0.000307762
internal_weight=563371 38306.7 10078.2 1293.39 271.164 110.358 8784.79 525064 517943 331893 196429 135464 7971.47 104745 127492
internal_count=3492426 257552 57054 10151 1597 624 46903 3234874 3198040 1937495 1248538 688957 40603 710201 648354
is_linear=0
shrinkage=0.0206149


Tree=361
num_leaves=16
num_cat=0
split_feature=23 8 1 9 8 9 21 9 8 9 18 21 22 8 1
split_gain=102.228 130.692 157.9 106.186 268.233 202.712 217.995 163.17 156.722 155.582 143.037 141.341 131.213 124.731 165.309
threshold=0.52990666487863136 0.0043222490274877224 1.0000000180025095e-35 0.033996666666666675 0.12084994964585516 0.11334833333333334 9.5532169979213961 0.11648000000000001 0.25625745729042382 0.2329866666666667 1.5454544400826526 9.5532169979213961 0.94991820423875051 0.24569989762504441 1.5000000000000002
decision_type=2 2 2 2 2 2 2 2 2 2 2 2 2 2 2
left_child=1 -1 -3 11 7 13 8 10 -7 -10 -5 -2 -8 14 -6
right_child=3 2 -4 4 5 6 12 -9 9 -11 -12 -13 -14 -15 -16
leaf_value=-0.00016953733423598664 0.00024233628366363775 -0.008646835374856306 -0.0013991965211969746 -7.3363218044297728e-05 -0.0007678328787286276 -0.0025289450244303921 0.0067690423804266939 -0.0073819925155792585 0.0016564684815698653 -0.00081817767667938062 -0.0024570688525454034 -0.0064165882195882712 0.00035451416004184897 0.003449491664320643 0.002585144653754918
leaf_weight=8427.8145015994087 384879.27259004395 2127.6136267203838 3197.0479526557028 18228.738389238715 14470.88937092945 16157.339374259114 2702.6087376587093 2079.0633495338261 14059.52432340011 46523.988317694515 25895.39094972983 1359.4125887863338 2718.2919661700726 9484.9569979123771 10997.945369198918
leaf_count=74245 2518341 34966 18027 94140 73112 78251 32494 10914 66063 232670 121145 12316 28937 44875 51592
internal_value=-1.13689e-05 -0.0017669 -0.00429519 3.25626e-05 -0.000408112 0.000116631 -0.000442773 -0.00173823 -0.000724995 -0.00024389 -0.0014723 0.000218899 0.0035525 0.00143156 0.000680049
internal_weight=563310 13752.5 5324.66 549557 163319 117116 82161.8 46203.2 76740.9 60583.5 44124.1 386239 5420.9 34953.8 25468.8
internal_count=3492088 127238 52993 3364850 834193 607994 438415 226199 376984 298733 215285 2530657 61431 169579 124704
is_linear=0
shrinkage=0.0206149


Tree=362
num_leaves=16
num_cat=0
split_feature=24 26 1 8 5 21 22 22 21 10 21 21 17 22 22
split_gain=102.468 102.601 87.8174 138.932 128.477 130.794 122.276 115.606 177.445 147.861 115.508 104.366 275.387 181.362 229.937
threshold=2.5000000000000004 0.20144727483775418 2.5000000000000004 0.0079799978720006045 3.5000000000000004 8.498279917078472 1.9239106649618556 1.338999309490952 10.165688380836885 8.5000000000000018 9.4455548799437086 8.7056696835785168 22.500000000000004 1.0641489267817301 1.1720877937748537
decision_type=2 2 2 2 2 2 2 2 2 2 2 2 2 2 2
left_child=-1 2 3 6 7 -6 -2 10 -9 -10 11 -4 13 -13 -15
right_child=1 -3 4 -5 5 -7 -8 8 9 -11 -12 12 -14 14 -16
leaf_value=-0.0024900773652686615 0.00066772033687790557 0.00095828253761865074 0.00056886842934304055 -0.00033961703132604903 0.0023779418960171916 0.012023881015999837 -0.0054371712033480088 -0.0020894797802033143 -0.042174861102699107 -0.0029919871227058427 0.0036263235538166153 -0.0048286418242757942 0.0034403844898061998 -0.028519446641461815 0.0048241813941577042
leaf_weight=6985.3143919883296 87401.152995265089 45688.140690322965 40409.136189170182 361663.03463587817 6591.6691248044372 656.92773988097906 1416.8671822119504 4086.5189073681831 87.886391028761864 76.600311398506165 4858.2309549450874 1469.4619763791561 1499.8841146379709 333.98467062413692 119.28046019375324
leaf_count=122419 618210 253894 214061 2129695 28167 2945 13333 19001 436 436 63278 10790 12223 2461 847
internal_value=-8.81164e-06 2.23417e-05 -6.13941e-05 -0.000160209 0.000678174 0.00325214 0.000570332 0.000325751 -0.00293448 -0.0239277 0.000610393 0.000276113 -0.00318031 -0.00834499 -0.0197448
internal_weight=563344 556359 510671 450481 60189.6 7248.6 88818 52941 4251.01 164.487 48690 43831.7 3422.61 1922.73 453.265
internal_count=3492196 3369777 3115883 2761238 354645 31112 631543 323533 19873 872 303660 240382 26321 14098 3308
is_linear=0
shrinkage=0.0206149


Tree=363
num_leaves=16
num_cat=0
split_feature=21 12 10 10 10 21 21 21 21 22 3 21 21 21 22
split_gain=99.7195 93.8195 184.907 145.77 218.545 445.254 343.168 780.148 321.246 236.644 276.16 230.499 294.431 256.399 596.407
threshold=1.2934749329183137 1.0000000180025095e-35 1.5000000000000002 6.5000000000000009 5.5000000000000009 4.3732846406386399 9.2144797882848355 9.4455548799437086 4.3047091349284239 1.1047660685089422 10.500000000000002 4.085577326145029 4.185652929013421 4.0087729150011508 0.58591735895920771
decision_type=2 2 2 2 2 2 2 2 2 2 2 2 2 2 2
left_child=-1 2 -2 4 5 8 11 9 -4 -8 -11 13 -13 -6 -15
right_child=1 -3 3 -5 6 -7 7 -9 -10 10 -12 12 -14 14 -16
leaf_value=-0.0073076540631930396 -0.0023401175493956219 0.00048997192482566783 -0.0016233801373488274 -0.00040091851819473316 0.0038361630940107233 0.00060836055254821721 0.0053877223225874031 -9.0200467672618998e-05 -0.0099115505083691071 -0.038514852229480631 -0.095023853930791144 -0.014662005736924388 0.001458654580273876 0.059542153181373181 0.0090911542202654714
leaf_weight=797.64655819255859 15854.169786489569 122902.54468545597 28829.573115102015 243821.72062515095 6816.0818383125588 108352.7126111323 31.824002576991916 641.28167291730642 2134.5302240457386 120.34354491531849 52.911381535232067 488.9653376955539 31453.932569071651 114.52051095105708 763.18604319728911
leaf_count=14130 111612 701983 209700 1589787 51420 605951 219 6036 14166 635 422 3330 176780 845 4502
internal_value=-2.38596e-05 -1.35286e-05 -0.000154336 -7.25326e-05 0.000372783 -1.46454e-05 0.00170606 -0.0112827 -0.00219473 -0.0462817 -0.0557725 0.00198341 0.00121189 0.00518661 0.0156738
internal_weight=563176 562378 439476 423622 179800 139317 40483 846.361 30964.1 205.079 173.255 39636.7 31942.9 7693.79 877.707
internal_count=3491518 3477388 2775405 2663793 1074006 829817 244189 7312 223866 1276 1057 236877 180110 56767 5347
is_linear=0
shrinkage=0.0206149


Tree=364
num_leaves=16
num_cat=0
split_feature=21 10 17 12 17 26 21 21 21 21 9 15 21 9 21
split_gain=94.7175 83.5405 189.733 204.168 176.306 204.046 159.933 352.939 158.235 322.288 418.088 121.968 113.703 108.583 297.429
threshold=1.2934749329183137 11.500000000000002 22.500000000000004 1.0000000180025095e-35 30.500000000000004 0.0065026737346069062 3.5731833421055921 3.4589410251358736 3.5435491441702771 3.503356458033092 0.00035166666666666674 18.500000000000004 3.4268376342243179 0.011611666666666668 6.5517577475407842
decision_type=2 2 2 2 2 2 2 2 2 2 2 2 2 2 2
left_child=-1 4 6 -4 13 -6 7 12 9 -9 -11 -7 -3 -2 -15
right_child=1 2 3 -5 5 11 -8 8 -10 10 -12 -13 -14 14 -16
leaf_value=-0.0071068325722803546 0.00024931047976408716 0.0030285322886751619 -0.0041967709198179161 3.3046582937733561e-05 -0.0018115525146788515 0.0016760412681098864 -0.00026861504436738318 0.020242507467839409 0.0033833887291689229 0.15844236385875254 0.038941006530509324 0.0055422775812405444 -0.025631886189695533 -0.0011094995990956402 0.0004451270949004669
leaf_weight=797.72168341930956 267762.99225747213 2600.394437013194 11235.015122478828 8532.800355007872 6582.2806416358799 25425.707359028049 25936.383045056835 154.64030785672367 92.847564551979303 18.405242806300521 38.39959803968668 4015.1973138600588 60.187181973829865 110987.19759552926 98903.643166024238
leaf_count=14221 1875209 24031 83245 51490 44160 142440 168035 1163 742 224 288 26932 498 543569 515760
internal_value=-8.40299e-06 1.66656e-06 -0.000814626 -0.00237097 7.90074e-05 0.00146971 0.000249875 0.00478557 0.025817 0.0356679 0.0776604 0.00220332 0.00238018 -2.58753e-05 -0.000376937
internal_weight=563144 562346 48669.1 19767.8 513677 36023.2 28901.3 2964.87 304.293 211.445 56.8048 29440.9 2660.58 477654 209891
internal_count=3492007 3477786 329716 134735 3148070 213532 194981 26946 2417 1675 512 169372 24529 2934538 1059329
is_linear=0
shrinkage=0.0206149


Tree=365
num_leaves=16
num_cat=0
split_feature=22 21 21 10 10 21 23 10 23 26 17 17 10 15 0
split_gain=97.2606 129.932 166.074 290.972 133.76 121.317 94.5549 207.889 246.565 302.235 224.429 165.122 178.619 146.628 145.784
threshold=2.2096224505731512 3.130131150631756 3.3200780557860594 5.5000000000000009 2.5000000000000004 4.6411732272594604 2.293365257297483 6.5000000000000009 1.9878954316411059 0.024677252284035851 22.500000000000004 30.500000000000004 11.500000000000002 18.500000000000004 6.5000000000000009
decision_type=2 2 2 2 2 2 2 2 2 2 2 2 2 2 2
left_child=6 -2 3 -3 5 -4 7 -1 14 10 -10 -8 13 -13 -9
right_child=1 2 4 -5 -6 -7 11 8 9 -11 -12 12 -14 -15 -16
leaf_value=0.00039671369910436 -0.010489671421353304 -0.021817758011467733 0.021641882123509027 0.03514066145133049 -0.0057514376546261587 -0.0073423166775823884 6.1194198957395288e-05 -0.00024994092461262305 -0.0025425500697798462 -0.00031823855657959495 -0.0088183270127920564 0.001871804346264193 -0.00074479007058354579 0.0065590325660811119 -0.0033397716305484508
leaf_weight=81172.359367247671 869.64642723463476 54.553350154310465 160.0261868275702 126.49126167222857 1236.4419072251767 99.547302804887295 345783.17948992271 73257.156888451427 4861.7779396045953 8359.1694478169084 4824.8432157328352 21687.308064446785 10274.701965897344 3262.9898410476744 7120.0750925568864
leaf_count=540895 10317 576 1124 1099 10403 701 1994379 467959 35099 59387 35966 114407 59650 22601 137382
internal_value=-3.90374e-06 -0.00402344 -0.000670342 0.0179776 -0.00292708 0.0105263 1.43562e-05 -0.000375599 -0.00101255 -0.00319014 -0.00566847 0.000198169 0.00154277 0.0024848 -0.000523648
internal_weight=563150 2546.71 1677.06 181.045 1496.02 259.573 560604 179595 98423 18045.8 9686.62 381008 35225 24950.3 80377.2
internal_count=3491945 24220 13903 1675 12228 1825 3467725 1276688 735793 130452 71065 2191037 196658 137008 605341
is_linear=0
shrinkage=0.0206149


Tree=366
num_leaves=16
num_cat=0
split_feature=17 21 21 21 21 10 10 21 21 26 26 9 21 22 8
split_gain=94.5829 141.96 110.121 300.165 248.479 264.34 149.021 102.82 165.453 100.781 101.972 100.277 252.556 141.225 126.82
threshold=12.500000000000002 5.8610270062757568 8.6590924803699068 9.0507604940059014 8.786395984161981 2.5000000000000004 3.5000000000000004 7.3965406951584436 7.3240639589123662 0.21617074311863679 0.68811762005909882 0.086371666666666666 8.498279917078472 1.0826891910149083 0.23668794674516216
decision_type=2 2 2 2 2 2 2 2 2 2 2 2 2 2 2
left_child=1 -1 6 4 -4 -6 7 8 -3 11 -11 -2 14 -14 -13
right_child=9 2 3 -5 5 -7 -8 -9 -10 10 -12 12 13 -15 -16
leaf_value=-0.0021141653834650643 0.00010697986376470327 0.0018282283635471059 -0.0077744730203158216 -0.00025567240795107117 -0.071344134968156281 -0.006133876752013526 -0.0014860812160094161 0.0058455076859111532 -0.014823019461006171 0.0013490314206209008 -0.0023960876647276413 -0.0025576161199190092 0.0028648772410597907 -0.0020677072784580116 -0.00061174396677059369
leaf_weight=21463.827400745824 404305.58318027202 5916.589411011897 156.44289694912732 1023.8465292155743 73.011225922033191 41.395658414810896 6490.406416490674 2853.4200534429401 264.9528880417347 37550.103574056178 3366.6714380998164 21020.399176768959 11209.043860923499 3162.7554736174643 44086.67508258298
leaf_count=162953 2562067 29253 956 8529 385 252 38983 14566 1396 227189 24579 98147 92211 22509 207316
internal_value=-1.36985e-05 -0.0010029 0.00041516 -0.005361 -0.0246598 -0.0477492 0.000896848 0.00260866 0.00111452 5.84771e-05 0.00104088 -2.4611e-05 -0.000694008 0.00177938 -0.00123999
internal_weight=562985 38283.9 16820.1 1294.7 270.85 114.407 15525.4 9034.96 6181.54 524701 40916.8 483784 79478.9 14371.8 65107.1
internal_count=3491291 257273 94320 10122 1593 637 84198 45215 30649 3234018 251768 2982250 420183 114720 305463
is_linear=0
shrinkage=0.0206149


Tree=367
num_leaves=16
num_cat=0
split_feature=23 10 17 22 10 10 22 22 21 23 17 23 5 9 21
split_gain=101.282 151.218 144.68 160.37 139.667 229.13 184.218 140.755 210.879 129.201 190.454 211.516 127.091 125.154 116.524
threshold=2.3796303120642137 6.5000000000000009 28.500000000000004 1.0826891910149083 8.5000000000000018 7.5000000000000009 1.1168327551445179 1.1249168276229327 5.1880287543855514 1.9878954316411059 22.500000000000004 2.2569932278849358 4.5000000000000009 0.00078833333333333349 2.483101210620839
decision_type=2 2 2 2 2 2 2 2 2 2 2 2 2 2 2
left_child=1 -1 12 14 5 -5 -6 8 -8 -3 -11 13 -2 -12 -4
right_child=2 9 3 4 6 -7 7 -9 -10 10 11 -13 -14 -15 -16
leaf_value=0.00026625593484446813 -0.00024559867389207054 -0.00050481775195180883 -0.0069056433804636176 0.0022812217216431766 -0.0060872545016028567 -0.007458052421375953 0.027897118216974243 0.00099581398441131756 -0.0037360185271399469 -0.00052363286423682653 -0.010261735793848136 -0.00079669538856094778 0.00064866939639532525 -0.0043800895026387182 0.0020563164453299048
leaf_weight=85842.109187695198 215846.38226849213 80667.855302810669 626.62495847512037 1683.8345845527947 1583.3565924055874 2629.9727265499532 203.88557936251163 12875.333531998098 159.71681230887771 12959.561684609391 2444.7501242682338 4585.3908061692491 98291.764764880762 4142.9366634562612 38367.563179279678
leaf_count=571575 1051520 609029 7070 8854 8525 13795 1071 72201 1113 91937 26868 31404 760373 22949 212780
internal_value=1.11514e-05 -0.000375255 0.000209034 0.00115378 -0.000391878 -0.00365646 0.000558231 0.00135302 0.0140019 -0.000900717 -0.00222408 -0.00419642 3.42119e-05 -0.00656282 0.0019123
internal_weight=562911 190643 372268 58130.3 19136.1 4313.81 14822.3 13238.9 363.602 104800 24132.6 11173.1 314138 6587.69 38994.2
internal_count=3491064 1353762 2137302 325409 105559 22649 82910 74385 2184 782187 173158 81221 1811893 49817 219850
is_linear=0
shrinkage=0.0206149


Tree=368
num_leaves=16
num_cat=0
split_feature=23 26 20 10 12 10 22 17 26 22 0 18 17 10 10
split_gain=105.782 140.189 113.54 120.682 127.241 126.316 157.352 141.439 137.998 113.743 113.454 112.02 109.225 368.387 345.35
threshold=1.4533169011540126 0.44322031023649805 1.1111056018822223 1.5000000000000002 1.0000000180025095e-35 3.5000000000000004 1.0296175932077307 12.500000000000002 0.21617074311863679 1.0362238355001339 8.5000000000000018 3.8452375002835395 18.500000000000004 8.5000000000000018 7.5000000000000009
decision_type=2 2 2 2 2 2 2 2 2 2 2 2 2 2 2
left_child=1 10 3 4 -2 6 -5 -7 12 -8 -1 -12 13 14 -9
right_child=2 -3 -4 5 -6 7 9 8 -10 -11 11 -13 -14 -15 -16
leaf_value=-0.00036662397635278318 -0.0029071767434785852 -0.0072508371381594218 -0.00042714081129234554 0.0018420904634973364 0.00078693505484754393 -0.0019021069097287487 -0.015726464198848454 0.0007060278282091906 0.001864208911526025 -0.0005077550883345243 -0.0096984314350158363 -0.0019913748193172635 -0.0001771425899506735 -0.001487769199866462 0.0041606281219164834
leaf_weight=82539.211733658798 9796.3527102051303 1345.45941754058 117554.54245543294 45135.299303100444 6653.8631170168519 12797.929219330661 212.28436348587275 58657.650910440832 22429.281953030266 12375.556234758347 1018.3392765028402 3763.0844019940123 148798.04899671022 24439.880473007448 15559.883207847364
leaf_count=545899 68282 14609 636506 255130 37462 98261 1216 335685 135709 71848 21093 81536 926837 167904 93088
internal_value=6.36126e-06 -0.000647221 0.000128514 0.000311556 -0.00141296 0.000394894 0.00127368 0.000215448 0.000315862 -0.000764407 -0.000545471 -0.00363281 0.00017552 0.000707417 0.00143029
internal_weight=563077 88666.1 474411 356856 16450.2 340406 57723.1 282683 269885 12587.8 87320.6 4781.42 247455 98657.4 74217.5
internal_count=3491065 663137 2827928 2191422 105744 2085678 328194 1757484 1659223 73064 648528 102629 1523514 596677 428773
is_linear=0
shrinkage=0.0206149


Tree=369
num_leaves=16
num_cat=0
split_feature=23 9 8 9 18 17 9 8 1 23 24 2 18 8 22
split_gain=90.2176 110.157 236.268 125.749 156.014 116.694 106.695 114.636 117.446 104.255 133.777 139.111 195.285 120.109 106.138
threshold=6.4164853367658425 0.11334833333333334 0.28699305702581218 0.2329866666666667 1.3999999183333385 15.500000000000002 0.2613983333333334 0.11316169232929243 1.5000000000000002 1.5861051412827256 9.5000000000000018 1.0000000180025095e-35 2.2857140408163561 0.012896569217747331 0.39063448944256068
decision_type=2 2 2 2 2 2 2 2 2 2 2 2 2 2 2
left_child=1 9 6 -4 -5 -6 7 -3 -9 10 14 12 -12 -14 -1
right_child=-2 2 3 4 5 -7 -8 8 -10 -11 11 -13 13 -15 -16
leaf_value=-0.0048428661409654341 0.0022028652320689769 -0.007067040385680845 0.0018738009764105814 0.00078003266361118288 0.0010704739231837703 -0.002361150654266815 -0.0066687678719755308 -0.0056921141733520895 -0.00090338362302938991 0.00024115994390895996 -0.011561402359156949 0.00028950467831399509 0.0010092968667228315 -0.0051451047432186925 -0.0011772342490597345
leaf_weight=3825.0111388051882 7747.0348956380039 1765.4450986683369 11580.204165700823 21033.034007921815 5355.7701407745481 19706.542231991887 2378.8355126008391 2525.9385574087501 15733.116476364434 373672.6013680771 939.19170498475432 63782.333444464952 3428.4873941242695 2220.3542551426217 27427.153335679322
leaf_count=54798 40184 9248 55682 148780 23514 87325 13137 11588 79886 2271205 13447 339754 49031 32749 261916
internal_value=-6.41273e-06 -3.72304e-05 -0.000744551 -4.66654e-05 -0.00052913 -0.00162782 -0.0025412 -0.00205086 -0.00156585 8.19406e-05 -0.000503519 -5.06865e-06 -0.00285699 -0.00140977 -0.00162588
internal_weight=563121 555374 80078.9 57675.6 46095.3 25062.3 22403.3 20024.5 18259.1 475295 101623 70370.4 6588.03 5648.84 31252.2
internal_count=3492244 3452060 429160 315301 259619 110839 113859 100722 91474 3022900 751695 434981 95227 81780 316714
is_linear=0
shrinkage=0.0206149


Tree=370
num_leaves=16
num_cat=0
split_feature=22 21 21 10 21 10 21 9 8 9 21 8 9 2 9
split_gain=91.4681 134.435 152.906 260.503 114.697 93.6942 92.413 97.0943 243.424 185.717 189.792 140.827 132.693 133.508 120.005
threshold=2.2096224505731512 3.130131150631756 3.3200780557860594 5.5000000000000009 3.6045594171419229 7.5000000000000009 1.7031504040002887 0.056060000000000006 0.18934246844229827 0.21549000000000004 9.5532169979213961 0.63390308976894216 0.46688833333333341 3.5000000000000004 0.14187500000000003
decision_type=2 2 2 2 2 2 2 2 2 2 2 2 2 2 2
left_child=6 -2 3 -3 -4 -5 -1 -8 14 -10 11 12 13 -11 -9
right_child=1 2 4 5 -6 -7 7 8 9 10 -12 -13 -14 -15 -16
leaf_value=-0.0046951075567405005 -0.010523316558662309 -0.021213486735677883 -0.022646333861893971 0.067245600117464915 -0.0010314518483864083 0.024135296073562067 0.00017961189647808885 -0.0013528188773253617 0.0014366281401327766 -0.0041225406046410153 0.0034855654369163967 -8.312689606627587e-05 -0.0060133842632238716 -0.00012928302344115272 -0.0046503021897255125
leaf_weight=1762.1549797747284 861.43963934294879 52.525365551933646 112.86261723376811 27.227423757314682 1379.9092643074691 100.52518408745527 433063.06302558072 34469.611180588603 30568.530976802111 5468.2957301512361 4510.7868928164244 31601.964227218181 3407.2838288508356 10185.552204675972 5428.9538609087467
leaf_count=25606 10298 576 1000 194 11228 897 2792218 167425 147368 24524 53244 158776 17794 52013 28460
internal_value=6.97487e-07 -0.00390672 -0.000499896 0.0174335 -0.00266567 0.0333232 1.83673e-05 3.32336e-05 -0.000471307 0.000147674 -0.000566459 -0.000927231 -0.00232669 -0.00152423 -0.0018015
internal_weight=563001 2534.49 1673.05 180.278 1492.77 127.753 560466 558704 125641 85742.4 55173.9 50663.1 19061.1 15653.8 39898.6
internal_count=3491621 24193 13895 1667 12228 1091 3467428 3441822 649604 453719 306351 253107 94331 76537 195885
is_linear=0
shrinkage=0.0206149


Tree=371
num_leaves=16
num_cat=0
split_feature=17 21 21 21 21 20 9 21 22 21 21 17 21 17 16
split_gain=84.5691 124.76 120.123 277.958 245.116 97.8389 119.443 131.786 114.212 320.326 260.909 201.156 205.538 248.175 212.828
threshold=12.500000000000002 5.8610270062757568 8.6590924803699068 9.0507604940059014 8.786395984161981 1.0363735482359799 0.0095916666666666702 9.5532169979213961 0.20169008034006117 6.9371443524687857 8.7056696835785168 23.500000000000004 4.7242109924088203 26.500000000000004 15.500000000000002
decision_type=2 2 2 2 2 2 2 2 2 2 2 2 2 2 2
left_child=1 -1 -3 4 -4 8 -7 -8 9 11 -11 -2 14 -14 -13
right_child=5 2 3 -5 -6 6 7 -9 -10 10 -12 12 13 -15 -16
leaf_value=-0.0019743376358645941 -0.0028720319445963991 0.00089661053620241531 -0.0076633666926652216 -0.00067233664221930535 -0.047077063230524151 0.00031626805940256232 -0.00086821234580727131 0.0046245430347445588 0.00035257576793411353 -0.025658446090941436 0.018261050617680866 0.0011155231539742403 0.0024707327485478103 0.020326409473459685 -0.017139960081513764
leaf_weight=21439.603830659762 8861.3850890537724 15591.547297686338 162.10934886150062 1023.8621487468481 114.3618027549237 73470.855172760785 102485.41428040713 1890.5511571019888 332290.03761130758 370.98251091875136 68.022374495863914 3556.5727852974087 925.84349622670561 514.70155960787088 293.81717475969344
leaf_count=163062 108952 84720 978 8565 624 470576 508025 17609 2060165 4464 353 48677 7491 4756 2173
internal_value=4.34745e-06 -0.000930409 0.000394571 -0.0056251 -0.0239668 7.26316e-05 -0.000320499 -0.000768723 0.00027419 -0.00151089 -0.0188533 -0.00097293 0.00220773 0.0088505 -0.000277524
internal_weight=563060 38331.5 16891.9 1300.33 276.471 524728 177847 104376 346881 14591.3 439.005 14152.3 5290.94 1440.55 3850.39
internal_count=3491190 257949 94887 10167 1602 3233241 996210 525634 2237031 176866 4817 172049 63097 12247 50850
is_linear=0
shrinkage=0.0206149


Tree=372
num_leaves=16
num_cat=0
split_feature=10 22 21 21 10 22 24 21 22 22 22 21 22 21 17
split_gain=95.2648 200.973 224.24 438.594 199.248 186.776 143.504 134.112 266.578 267.49 232.262 267.297 220.329 179.791 168.705
threshold=1.5000000000000002 0.5094878003426061 8.1572970185175127 8.078353259881986 3.5000000000000004 0.040684701404504774 3.5000000000000004 4.5220426205638962 0.41940530016134797 1.0000000180025095e-35 0.63661791176003579 3.0521218154971899 0.17650814235650047 1.7031504040002887 23.500000000000004
decision_type=2 2 2 2 2 2 2 2 2 2 2 2 2 2 2
left_child=1 5 3 -3 7 -1 -6 10 9 -9 11 12 13 -2 -15
right_child=4 2 -4 -5 6 -7 -8 8 -10 -11 -12 -13 -14 14 -16
leaf_value=-0.010864952845399956 -0.011732662500271605 -0.0022865343966073002 0.0046781348676106903 -0.046752479630596207 -0.0022913298053045109 0.0061636640882355553 -5.5758713619402019e-05 -0.016345151074216014 0.001008869970378226 0.0064148866287712476 0.00087810303454793112 -0.0062566640376042152 -0.0022678279155032336 0.01514922312943252 0.050699292592283611
leaf_weight=310.2579382294789 84.74545980617404 20817.112487692386 2036.4546829033643 94.697790872305632 12551.032231325284 2325.0872004106641 439391.23768268246 228.04310889728367 58186.457985019311 5818.9794140253216 15357.555960148573 4591.774448399432 783.41736573167145 323.8813284272328 68.776046547107399
leaf_count=6155 2118 131560 13424 483 187720 15735 2644340 3102 315801 32014 94403 33789 5437 4625 858
internal_value=-3.75833e-06 -0.0012328 -0.00185197 -0.0024879 5.47533e-05 0.00415889 -0.000117843 0.00096768 0.001437 0.00555657 -0.000453612 -0.00394811 0.0044594 0.0154988 0.021376
internal_weight=562970 25583.6 22948.3 20911.8 537386 2635.35 451942 85443.6 64233.5 6047.02 21210.2 5852.59 1260.82 477.403 392.657
internal_count=3491564 167357 145467 132043 3324207 21890 2832060 492147 350917 35116 141230 46827 13038 7601 5483
is_linear=0
shrinkage=0.0206149


Tree=373
num_leaves=16
num_cat=0
split_feature=23 8 0 23 10 0 18 26 16 20 10 15 0 5 10
split_gain=108.62 140.564 289.451 143.921 135.053 152.844 155.622 153.885 121.417 120 108.301 111.727 113.81 107.784 110.018
threshold=2.9063507024699908 0.016199993250002927 1.0000000180025095e-35 0.59980807237670752 4.5000000000000009 4.5000000000000009 2.1602561468606551 0.039257369141168681 10.500000000000002 0.54166537760757338 11.500000000000002 18.500000000000004 1.5000000000000002 5.5000000000000009 5.5000000000000009
decision_type=2 2 2 2 2 2 2 2 2 2 2 2 2 2 2
left_child=1 -1 9 -4 -5 7 -7 8 -6 -3 11 13 -13 14 -2
right_child=10 2 3 4 5 6 -8 -9 -10 -11 -12 12 -14 -15 -16
leaf_value=0.00016026604697451572 -0.00048800135247472053 0.0045721244820544973 -0.0084469176593467213 -0.00014241754882532662 -0.0011325406419281994 -0.010016888216755102 -0.0031273277943928701 0.00038389675998301928 -0.0039112393436996082 0.0001477881873179135 -0.0010427038585771931 0.0028294620909629937 -0.0063897354270408668 0.0011560357976694025 0.0004958194293443127
leaf_weight=141677.94905504119 81754.759230684489 2739.5445439890027 1274.3398503549397 23114.779623779468 15997.927121505141 1583.0638328688219 11624.381934511475 13661.336390521377 11477.031249254942 53139.578363314271 24100.010720266961 11204.778482023627 599.50358431786299 50884.082441966981 118062.70061141253
leaf_count=1001699 395285 12765 17047 148722 102445 18837 151800 79755 54968 288314 144782 81749 2690 421729 569177
internal_value=-1.30765e-06 -0.000292971 -0.000769999 -0.00157533 -0.00146228 -0.00202367 -0.00395312 -0.00140419 -0.00229328 0.000364697 0.000279858 0.000401279 0.00236125 0.000308994 9.32919e-05
internal_weight=562896 276290 134612 78732.9 77458.5 54343.7 13207.4 41136.3 27475 55879.1 286606 262506 11804.3 250702 199817
internal_count=3491764 1876352 874653 573574 556527 407805 170637 237168 157413 301079 1615412 1470630 84439 1386191 964462
is_linear=0
shrinkage=0.0206149


Tree=374
num_leaves=16
num_cat=0
split_feature=7 5 21 8 23 22 23 8 21 1 15 6 10 21 23
split_gain=83.2181 153.542 226.826 127.372 198.239 111.084 107.98 173.495 168.196 150.404 106.02 105.012 97.149 94.2961 92.2965
threshold=1.0000000180025095e-35 4.5000000000000009 8.498279917078472 0.0070299947275043939 0.56816202062884391 1.7432476229411489 4.2967662464852454 0.080620702768471053 5.471224972653717 1.0000000180025095e-35 15.500000000000002 1.0000000180025095e-35 6.5000000000000009 6.996622841619172 2.293365257297483
decision_type=2 2 2 2 2 2 2 2 2 2 2 2 2 2 2
left_child=3 -2 12 5 11 -1 7 8 14 10 -9 -5 13 -3 -6
right_child=1 2 -4 4 6 -7 -8 9 -10 -11 -12 -13 -14 -15 -16
leaf_value=0.00080698336798131225 5.8366072670346117e-05 0.0017318446462007457 0.011980087160536479 -0.0085133255222985711 -0.0019595802975245777 -0.0049141683947835878 0.00037001595193159297 -0.0024401949757718159 0.00060453451902712065 -0.00058940755929302836 -0.0092212116968898826 0.0018993610792734713 0.00032357903238949148 0.0059411159003274353 -0.00039428681390704336
leaf_weight=57974.31557207182 187722.1358181797 15535.655230872333 850.04482331871986 1899.0951070534065 21832.023442902602 1479.0585069544613 68789.694212781265 24575.708958749659 63103.329463267699 31924.669650010765 1020.5433160308748 525.49328409507871 22758.135366611183 2647.1050527244806 60016.992147591896
leaf_count=482375 934908 93256 3834 28206 201001 16088 400462 198206 384062 153852 7241 2802 141820 12576 429866
internal_value=7.8946e-06 0.000309945 0.00144002 -0.000200199 -0.000388072 0.000664655 -0.000335619 -0.000575356 -0.000195218 -0.0015333 -0.00271056 -0.00625653 0.00122118 0.00234464 -0.000811806
internal_weight=562654 229513 41790.9 333141 273688 59453.4 271263 202473 144952 57520.9 25596.3 2424.59 40940.9 18182.8 81849
internal_count=3490555 1186394 251486 2304161 1805698 498463 1774690 1374228 1014929 359299 205447 31008 247652 105832 630867
is_linear=0
shrinkage=0.0206149


Tree=375
num_leaves=16
num_cat=0
split_feature=10 10 22 22 24 22 22 24 22 22 3 22 10 22 22
split_gain=92.9977 194.857 189.583 168.959 150.598 184.427 165.867 149.391 137.949 646.161 196.575 155.432 227.223 215.95 215.44
threshold=1.5000000000000002 3.5000000000000004 0.51652621535039245 0.040684701404504774 11.500000000000002 1.5619246861453255 1.8513489770007865 3.5000000000000004 0.91640341703626516 0.91932682370059438 9.5000000000000018 0.66337040968782668 2.5000000000000004 0.51652621535039245 0.040684701404504774
decision_type=2 2 2 2 2 2 2 2 2 2 2 2 2 2 2
left_child=2 8 3 -1 6 -6 -4 -3 11 10 -10 12 13 14 -2
right_child=1 7 4 -5 5 -7 -8 -9 9 -11 -12 -13 -14 -15 -16
leaf_value=-0.010620123371090952 -0.011781854964555404 -0.0023345341622564935 -0.0034563002031202383 0.0056079719636930271 0.00064776967376778698 -0.020508957758700961 0.016144054651307218 -5.3123361571013743e-05 -0.020977159524104796 0.00021174167912180745 -0.073431299313119813 0.0026226079546222119 0.0018443882734407242 -0.0054260925087905908 0.0024053103480440314
leaf_weight=306.00365087855607 509.51177843101323 12546.117759096436 13616.42877660878 2501.5822959486395 8867.820373762399 178.62851957976818 185.98759861849248 439297.344802415 410.62164691276848 30242.722614813596 32.786201611161232 28715.427755564451 16929.459383646958 4475.7294196672738 4242.2188855949789
leaf_count=6154 8314 187979 93685 16780 48452 951 1821 2643725 2254 175007 183 159270 98139 24788 24982
internal_value=-3.54307e-06 5.4345e-05 -0.00121607 0.00383924 -0.00183725 0.000230015 -0.00319219 -0.00011647 0.000956438 -0.000150477 -0.0248557 0.00157546 0.000425877 -0.00217664 0.000884069
internal_weight=563058 537402 25656.5 2807.59 22848.9 9046.45 13802.4 451843 85558.5 30686.1 443.408 54872.3 26156.9 9227.46 4751.73
internal_count=3492484 3324641 167843 22934 144909 49403 95506 2831704 492937 177444 2437 315493 156223 58084 33296
is_linear=0
shrinkage=0.0206149


Tree=376
num_leaves=16
num_cat=0
split_feature=23 10 23 17 0 24 17 10 15 5 22 21 8 22 22
split_gain=102.846 174.251 236.274 239.508 151.75 147.637 129.416 168.599 137.82 127.406 142.86 139.995 127.022 116.532 113.458
threshold=2.293365257297483 6.5000000000000009 1.9878954316411059 22.500000000000004 6.5000000000000009 11.500000000000002 30.500000000000004 11.500000000000002 19.500000000000004 4.5000000000000009 1.338999309490952 10.165688380836885 0.013567247625712993 0.040684701404504774 0.0069134866388865148
decision_type=2 2 2 2 2 2 2 2 2 2 2 2 2 2 2
left_child=1 14 4 -4 -3 -5 9 8 -8 10 -2 -12 13 -6 -1
right_child=6 2 3 5 12 -7 7 -9 -10 -11 11 -13 -14 -15 -16
leaf_value=-0.0080626408299264915 -3.3527481002606708e-05 -0.0002321053055056205 -0.00099966276861607824 -0.0036050337732791396 -0.013759974821531656 -0.0093854818430601523 0.0017972759843061991 -0.00082949608277024074 0.0069925025987235085 0.00065599002672774541 -0.0016771234551107416 -0.030087129277849289 -0.0068604193795775035 -0.00028817677970348468 0.00037126018997290757
leaf_weight=683.5922092590481 216473.24601016939 73468.399127166718 10037.475342570804 4987.173200708814 292.58378483634442 3011.6451556552202 22655.084693124518 10380.783537684008 2399.8955694809556 108936.8516324833 22068.426389306784 73.95788861811161 2746.3399520795792 4049.7501293681562 80860.856863407418
leaf_count=16463 1057497 470738 71709 40982 11240 18666 119378 60716 18348 845731 106565 381 52670 74186 527974
internal_value=1.77329e-06 -0.000404448 -0.000987543 -0.00312031 -0.000510029 -0.00578144 0.000192839 0.00137962 0.0022949 7.18367e-05 -0.000194851 -0.00177202 -0.00339048 -0.0011959 0.000300558
internal_weight=563126 180138 98593.4 18036.3 80557.1 7998.82 382988 35435.8 25055 347552 238616 22142.4 7088.67 4342.33 81544.4
internal_count=3493244 1284628 740191 131357 608834 59648 2208616 198442 137726 2010174 1164443 106946 138096 85426 544437
is_linear=0
shrinkage=0.0206149


Tree=377
num_leaves=16
num_cat=0
split_feature=22 21 21 10 10 21 21 21 22 22 24 10 10 21 22
split_gain=90.1551 105.463 129.462 248.232 112.23 115.011 96.9476 95.6071 85.1046 334.561 84.9584 83.0388 83.0013 144.887 181.027
threshold=2.2096224505731512 3.130131150631756 3.3200780557860594 5.5000000000000009 2.5000000000000004 4.6411732272594604 3.6477291443257451 1.7031504040002887 0.9036056723171465 0.91212753417618175 8.5000000000000018 11.500000000000002 11.500000000000002 4.7558777416847606 2.5041196746191168
decision_type=2 2 2 2 2 2 2 2 2 2 2 2 2 2 2
left_child=7 10 3 -3 5 -4 -6 8 -1 -10 -2 -11 -8 14 -14
right_child=1 2 4 -5 6 -7 12 -9 9 11 -12 -13 13 -15 -16
leaf_value=-0.0076267393893785359 -0.011973798591034474 -0.021331254264967972 0.020077180328535667 0.030739409078266947 -0.023884916435010631 -0.0084368827741920643 -0.0061822078299111124 2.2558990633436823e-05 0.085628936414578305 0.0025900643908224916 0.0094974133227514242 -0.022267769751202662 -0.014986137888612989 -0.0020661163968207935 0.067187329566692489
leaf_weight=1261.9087372031063 767.5910274181515 55.30307537317276 161.73448748141527 131.23586693406105 110.752571715042 95.67721763253212 940.9583566300571 558512.58133093454 19.757089460268617 396.05049284547567 87.215233694761992 66.733396487310529 17.424738507717848 139.2543160431087 32.913284484297037
leaf_count=21039 9701 614 1113 1097 990 676 7686 3441612 205 3618 626 648 210 1283 398
internal_value=-1.00595e-05 -0.00388506 -0.000893409 0.0153021 -0.00290919 0.0094788 -0.00547812 7.5087e-06 -0.00481107 0.00255226 -0.00978311 -0.000994433 -0.00367493 0.00876887 0.0387426
internal_weight=562797 2540.06 1685.25 186.539 1498.71 257.412 1241.3 560257 1744.45 482.541 854.806 462.784 1130.55 189.592 50.338
internal_count=3491516 24394 14067 1711 12356 1789 10567 3467122 25510 4471 10327 4266 9577 1891 608
is_linear=0
shrinkage=0.0206149


Tree=378
num_leaves=16
num_cat=0
split_feature=10 22 21 22 10 17 22 22 18 22 21 22 22 21 22
split_gain=83.2724 177.199 186.69 174.624 167.874 143.152 135.143 634.593 187.057 169.941 231.631 332.19 245.009 240.216 201.613
threshold=1.5000000000000002 0.5094878003426061 8.6590924803699068 0.040684701404504774 3.5000000000000004 12.500000000000002 0.91640341703626516 0.91932682370059438 1.1999999460000026 0.66337040968782668 4.5114119294954493 0.41940530016134797 1.0000000180025095e-35 3.0521218154971899 0.17650814235650047
decision_type=2 2 2 2 2 2 2 2 2 2 2 2 2 2 2
left_child=1 3 -3 -1 6 -6 9 8 -8 10 13 12 -12 14 -2
right_child=4 2 -4 -5 5 -7 7 -9 -10 -11 11 -13 -14 -15 -16
leaf_value=-0.010809811334579913 0.015163285421733791 -0.0021460439518505396 0.0067938554686344946 0.0057957878301889629 -0.0018657876285515318 -3.628034163796973e-05 -0.071997330186384614 0.00014430171599883677 -0.020940355019925055 0.002590389298339396 -0.015926235267804345 -0.00039386248572135547 0.0061629438176468683 -0.0053546211091526838 -0.00149903175859391
leaf_weight=304.01491134054959 483.26286892686039 21906.477951211855 1039.818279767409 2345.0740143060684 18972.330489764921 432833.55714246258 32.95452768355608 30144.294558143243 408.53500048257411 28709.011180337518 221.38832558505237 13914.9762667045 5910.2141374628991 4810.8315765634179 853.91438447870314
leaf_count=6140 7656 137442 8231 15802 147362 2684783 179 174482 2252 159069 3071 71989 32559 35184 5883
internal_value=-9.3251e-06 -0.00115813 -0.00174093 0.0038901 4.54009e-05 -0.000113105 0.000883096 -0.000215055 -0.0247514 0.00149486 0.000294163 0.00136771 0.00536539 -0.0032063 0.00452282
internal_weight=562891 25595.4 22946.3 2649.09 537295 451806 85489.4 30585.8 441.49 54903.6 26194.6 20046.6 6131.6 6148.01 1337.18
internal_count=3492084 167615 145673 21942 3324469 2832145 492324 176913 2431 315411 156342 107619 35630 48723 13539
is_linear=0
shrinkage=0.0206149


Tree=379
num_leaves=16
num_cat=0
split_feature=26 9 21 5 21 16 21 1 16 27 18 21 21 21 21
split_gain=88.7183 91.6119 251.338 212.715 189.571 158.362 131.097 111.731 240.126 149.149 171.41 110.269 101.934 93.3988 90.1742
threshold=0.14406239135288282 0.011611666666666668 6.5517577475407842 6.5000000000000009 9.5532169979213961 13.500000000000002 8.498279917078472 1.0000000180025095e-35 18.500000000000004 1.0000000180025095e-35 3.1547614163832964 6.0350953164931083 7.1929883573962607 1.2934749329183137 5.471224972653717
decision_type=2 2 2 2 2 2 2 2 2 2 2 2 2 2 2
left_child=1 4 5 -4 7 -3 -5 8 9 10 11 13 -11 -1 -9
right_child=-2 2 3 6 -6 -7 -8 14 -10 12 -12 -13 -14 -15 -16
leaf_value=0.045696891273470451 0.00064643497923818434 -0.0016381687174167594 9.4338941075541676e-05 0.0036463181481150679 -0.0083879566254034515 0.00021657384623719389 0.015794792690257492 0.00014629880619628112 -0.007341095602279594 0.00029461968509121518 -0.0011265711326307463 -0.014940740692824426 -0.0015184936492452156 -0.0051586459030354978 0.0011824417546974504
leaf_weight=15.480134150013326 76513.863051269203 76128.464429173619 96390.398627240211 3660.6910914741457 1105.8530198000371 26329.548398919404 420.89874697476625 91989.735915299505 2011.8452507061884 102575.72666706704 9919.7257147729397 597.60903216898441 15119.737058389932 1785.767065025866 58327.57294582203
leaf_count=302 468963 383656 501395 20813 11461 120348 1951 516413 14846 866547 160795 7769 114813 18733 283293
internal_value=-6.08199e-06 -0.000108732 -0.000443106 0.000289528 0.000130658 -0.00116154 0.00489908 0.000164023 -0.000273555 -0.000164191 -0.00232241 -0.00726741 6.16982e-05 -0.00472159 0.000548353
internal_weight=562893 486379 202930 100472 283449 102458 4081.59 282343 132026 130014 12318.6 2398.86 117695 1801.25 150317
internal_count=3492098 3023135 1028163 524159 1994972 504004 22764 1983511 1183805 1168959 187599 26804 981360 19035 799706
is_linear=0
shrinkage=0.0206149


Tree=380
num_leaves=16
num_cat=0
split_feature=24 10 21 21 24 21 21 21 21 21 16 21 21 21 21
split_gain=86.0134 86.8553 148.633 242.674 214.759 171.269 188.253 233.161 197.005 187.4 205.768 152.925 149.445 116.406 103.001
threshold=1.5000000000000002 11.500000000000002 5.0180116144158413 5.2705369392301735 8.5000000000000018 8.2174596567307692 6.7558296114626488 6.2169677175261606 7.2624147812951865 6.9371443524687857 21.500000000000004 6.7822277564004692 6.1676670610418682 4.9525318362782196 6.6156419086800691
decision_type=2 2 2 2 2 2 2 2 2 2 2 2 2 2 2
left_child=-1 -2 4 -4 13 6 7 12 9 10 11 -8 -5 -3 -9
right_child=1 2 3 5 -6 -7 8 14 -10 -11 -12 -13 -14 -15 -16
leaf_value=-0.0040781968432396162 9.7777994221449007e-05 -0.002214831285052646 -0.0080624254823134789 -0.0016526658686745355 0.0025564872166821077 0.0031133050235434101 -0.011000003817691404 0.0017852192848140966 -0.0017385715285300868 -0.012093525615673652 -0.023676325501489459 0.0043464872233950607 -0.011811268568150336 0.01792000662110696 0.0096333718273047472
leaf_weight=2186.0504995752126 512157.05374724418 7956.372005068697 2361.6561838723719 8182.5610646149144 10588.898290229961 3457.7849891986698 380.97582977823913 4832.4809417650104 5809.1162919355556 1990.8319652769715 173.92611303925514 1000.9220310337842 665.47560920193791 123.92274138703942 833.20397111121565
leaf_count=46697 3118789 76849 18281 52468 62992 23448 2323 28023 33256 11220 775 5839 3832 960 5166
internal_value=3.008e-06 1.8925e-05 -0.000816201 -0.00172249 0.000625044 -0.00117459 -0.00179574 -0.000325867 -0.00407598 -0.00790445 -0.0025441 0.000115609 -0.00241671 -0.00190604 0.00293938
internal_weight=562701 560515 48358.1 29688.9 18669.2 27327.3 23869.5 14513.7 9355.77 3546.66 1555.82 1381.9 8848.04 8080.29 5665.68
internal_count=3490918 3444221 325432 184631 140801 166350 142902 89489 53413 20157 8937 8162 56300 77809 33189
is_linear=0
shrinkage=0.0206149


Tree=381
num_leaves=16
num_cat=0
split_feature=22 9 8 9 23 10 8 3 22 8 9 1 17 9 26
split_gain=95.6996 96.5919 277.463 207.918 137.172 134.07 150.405 128.371 118.47 115.226 138.488 151.655 109.129 110.13 104.476
threshold=2.2096224505731512 0.056060000000000006 0.20747995850400833 0.19169666666666671 2.3796303120642137 6.5000000000000009 0.15853720680868985 11.500000000000002 0.06081292421828445 0.061979981922505388 0.12086833333333334 1.5000000000000002 28.500000000000004 0.00035166666666666674 0.0063426771912338852
decision_type=2 2 2 2 2 2 2 2 2 2 2 2 2 2 2
left_child=1 4 9 -4 5 14 8 -5 -7 -3 11 -11 -6 -14 -1
right_child=-2 2 3 7 12 6 -8 -9 -10 10 -12 -13 13 -15 -16
leaf_value=0.0012891436898094292 -0.0040044998496001861 -0.0059379788206114503 0.0018888900056041789 -0.00072046038802039123 0.00029372100040498078 -0.0060251089026992855 -0.0066900679072339096 0.0027511491567685621 -0.0005791083463814339 -0.0033069571305383563 -0.0035168584307671714 2.7306568025412391e-05 -6.9754912632294481e-05 0.0022884811536236587 -0.00023659225086142252
leaf_weight=30893.549326320179 2522.9916871413589 2682.520242664963 23040.52020489797 53201.900704216212 218725.29397015832 1728.7258308297023 1801.2849174290895 4947.5030588172376 94050.736274098046 7766.0600076578557 10974.90894177556 22866.554223734885 12685.116586631164 25004.405274283141 49847.942533869296
leaf_count=205163 24178 13371 110558 256827 1321840 34717 19470 64007 684286 37728 56259 110376 96699 123436 332951
internal_value=1.41733e-06 1.94584e-05 -0.000484389 0.000231586 0.000164886 -0.00027422 -0.000788394 -0.000425087 -0.000677403 -0.00179687 -0.00152989 -0.000818005 0.000470259 0.00149477 0.000347189
internal_weight=562740 560217 125480 81189.9 434737 178322 97580.7 58149.4 95779.5 44290 41607.5 30632.6 256415 37689.5 80741.5
internal_count=3491866 3467688 649126 431392 2818562 1276587 738473 320834 719003 217734 204363 148104 1541975 220135 538114
is_linear=0
shrinkage=0.0206149


end of trees

feature_importances:
c_log_tn=892
mes_obj=751
c_idx=687
q_log_prom=577
recencia=556
gap_largo=494
cli4_freq12=273
freq12=245
monto_s3=216
edad_par=179
monto_mean=136
share_pc4=119
racha_ceros=83
tend_freq=80
freq3=77
freq_total=69
compro_obj_y2=55
freq6=45
freq24=40
compro_t0=38
gap_prom=36
sustituto_3m=25
compro_t1=23
freq_mes_obj=18
periodicidad_anual=9
cli4_activo_t0=7

parameters:
[boosting: gbdt]
[objective: binary]
[metric: binary_logloss]
[tree_learner: serial]
[device_type: cpu]
[data_sample_strategy: bagging]
[data: ]
[valid: ]
[num_iterations: 382]
[learning_rate: 0.0206149]
[num_leaves: 16]
[num_threads: 8]
[seed: 102191]
[deterministic: 0]
[force_col_wise: 0]
[force_row_wise: 0]
[histogram_pool_size: -1]
[max_depth: -1]
[min_data_in_leaf: 108]
[min_sum_hessian_in_leaf: 0.001]
[bagging_fraction: 0.814813]
[pos_bagging_fraction: 1]
[neg_bagging_fraction: 1]
[bagging_freq: 1]
[bagging_seed: 14756]
[bagging_by_query: 0]
[feature_fraction: 0.781044]
[feature_fraction_bynode: 1]
[feature_fraction_seed: 14739]
[extra_trees: 0]
[extra_seed: 11321]
[early_stopping_round: 0]
[early_stopping_min_delta: 0]
[first_metric_only: 0]
[max_delta_step: 0]
[lambda_l1: 0]
[lambda_l2: 0]
[linear_lambda: 0]
[min_gain_to_split: 0]
[drop_rate: 0.1]
[max_drop: 50]
[skip_drop: 0.5]
[xgboost_dart_mode: 0]
[uniform_drop: 0]
[drop_seed: 7968]
[top_rate: 0.2]
[other_rate: 0.1]
[min_data_per_group: 100]
[max_cat_threshold: 32]
[cat_l2: 10]
[cat_smooth: 10]
[max_cat_to_onehot: 4]
[top_k: 20]
[monotone_constraints: ]
[monotone_constraints_method: basic]
[monotone_penalty: 0]
[feature_contri: ]
[forcedsplits_filename: ]
[refit_decay_rate: 0.9]
[cegb_tradeoff: 1]
[cegb_penalty_split: 0]
[cegb_penalty_feature_lazy: ]
[cegb_penalty_feature_coupled: ]
[path_smooth: 0]
[interaction_constraints: ]
[verbosity: -1]
[saved_feature_importance_type: 0]
[use_quantized_grad: 0]
[num_grad_quant_bins: 4]
[quant_train_renew_leaf: 0]
[stochastic_rounding: 1]
[linear_tree: 0]
[max_bin: 255]
[max_bin_by_feature: ]
[min_data_in_bin: 3]
[bin_construct_sample_cnt: 200000]
[data_random_seed: 6071]
[is_enable_sparse: 1]
[enable_bundle: 1]
[use_missing: 1]
[zero_as_missing: 0]
[feature_pre_filter: 1]
[pre_partition: 0]
[two_round: 0]
[header: 0]
[label_column: ]
[weight_column: ]
[group_column: ]
[ignore_column: ]
[categorical_feature: ]
[forcedbins_filename: ]
[precise_float_parser: 0]
[parser_config_file: ]
[objective_seed: 17273]
[num_class: 1]
[is_unbalance: 0]
[scale_pos_weight: 1]
[sigmoid: 1]
[boost_from_average: 1]
[reg_sqrt: 0]
[alpha: 0.9]
[fair_c: 1]
[poisson_max_delta_step: 0.7]
[tweedie_variance_power: 1.5]
[lambdarank_truncation_level: 30]
[lambdarank_norm: 1]
[label_gain: ]
[lambdarank_position_bias_regularization: 0]
[eval_at: ]
[multi_error_top_k: 1]
[auc_mu_weights: ]
[num_machines: 1]
[local_listen_port: 12400]
[time_out: 120]
[machine_list_filename: ]
[machines: ]
[gpu_platform_id: -1]
[gpu_device_id: -1]
[gpu_use_dp: 0]
[num_gpu: 1]

end of parameters

pandas_categorical:[]
